marketing_budget,label_tier,listeners_level,listeners_value,energy_level,energy_value,predicted_log_streams,predicted_streams
0.06,independent,Low,1800.0,Low,4.65,9.613942998783111,14971.08878061185
0.11696969696969697,independent,Low,1800.0,Low,4.65,9.630402394413904,15219.559543118201
0.17393939393939395,independent,Low,1800.0,Low,4.65,9.646858312687833,15472.100020861411
0.23090909090909092,independent,Low,1800.0,Low,4.65,9.663310753604897,15728.775967897363
0.2878787878787879,independent,Low,1800.0,Low,4.65,9.679759717165096,15989.65418566188
0.3448484848484849,independent,Low,1800.0,Low,4.65,9.696205203368432,16254.80253940836
0.40181818181818185,independent,Low,1800.0,Low,4.65,9.712647212214904,16524.28997489931
0.4587878787878788,independent,Low,1800.0,Low,4.65,9.72908574370451,16798.186535355922
0.5157575757575759,independent,Low,1800.0,Low,4.65,9.745520797837253,17076.563378669256
0.5727272727272728,independent,Low,1800.0,Low,4.65,9.76195237461313,17359.49279487729
0.6296969696969699,independent,Low,1800.0,Low,4.65,9.778380474032145,17647.04822391172
0.6866666666666668,independent,Low,1800.0,Low,4.65,9.794805096094294,17939.304273618534
0.7436363636363637,independent,Low,1800.0,Low,4.65,9.81122624079958,18236.336738057005
0.8006060606060608,independent,Low,1800.0,Low,4.65,9.827643908148001,18538.222616080344
0.8575757575757577,independent,Low,1800.0,Low,4.65,9.844058098139557,18845.040130203568
0.9145454545454546,independent,Low,1800.0,Low,4.65,9.86046881077425,19156.86874576184
0.9715151515151517,independent,Low,1800.0,Low,4.65,9.876876046052079,19473.78919036418
1.0284848484848486,independent,Low,1800.0,Low,4.65,9.89327980397304,19795.883473647064
1.0854545454545457,independent,Low,1800.0,Low,4.65,9.909680084537142,20123.234907332488
1.1424242424242426,independent,Low,1800.0,Low,4.65,9.926076887744376,20455.928125594444
1.1993939393939397,independent,Low,1800.0,Low,4.65,9.942470213594747,20794.049105739785
1.2563636363636366,independent,Low,1800.0,Low,4.65,9.958860062088252,21137.68518920675
1.3133333333333335,independent,Low,1800.0,Low,4.65,9.975246433224894,21486.92510288731
1.3703030303030306,independent,Low,1800.0,Low,4.65,9.991629327004674,21841.858980777106
1.4272727272727275,independent,Low,1800.0,Low,4.65,10.008008743427586,22202.578385958634
1.4842424242424244,independent,Low,1800.0,Low,4.65,10.024384682493636,22569.176332922794
1.5412121212121215,independent,Low,1800.0,Low,4.65,10.04075714420282,22941.747310233117
1.5981818181818184,independent,Low,1800.0,Low,4.65,10.05712612855514,23320.387303539
1.6551515151515153,independent,Low,1800.0,Low,4.65,10.073491635550596,23705.193818942047
1.7121212121212124,independent,Low,1800.0,Low,4.65,10.089853665189189,24096.2659067219
1.7690909090909093,independent,Low,1800.0,Low,4.65,10.106212217470915,24493.70418542611
1.8260606060606064,independent,Low,1800.0,Low,4.65,10.122567292395779,24897.61086633048
1.8830303030303033,independent,Low,1800.0,Low,4.65,10.138918889963778,25308.089778274338
1.9400000000000002,independent,Low,1800.0,Low,4.65,10.155267010174912,25725.24639287751
1.9969696969696973,independent,Low,1800.0,Low,4.65,10.171611653029183,26149.1878501441
2.053939393939394,independent,Low,1800.0,Low,4.65,10.187952818526588,26580.02298445886
2.1109090909090913,independent,Low,1800.0,Low,4.65,10.20429050666713,27017.862350982876
2.167878787878788,independent,Low,1800.0,Low,4.65,10.220624717450807,27462.818252453275
2.224848484848485,independent,Low,1800.0,Low,4.65,10.23695545087762,27915.004766394366
2.281818181818182,independent,Low,1800.0,Low,4.65,10.25328270694757,28374.537772745647
2.3387878787878793,independent,Low,1800.0,Low,4.65,10.269606485660653,28841.534981912915
2.395757575757576,independent,Low,1800.0,Low,4.65,10.285926787016873,29316.115963249686
2.452727272727273,independent,Low,1800.0,Low,4.65,10.302243611016229,29798.402173974093
2.50969696969697,independent,Low,1800.0,Low,4.65,10.31855695765872,30288.5169885291
2.566666666666667,independent,Low,1800.0,Low,4.65,10.334866826944346,30786.585728391925
2.623636363636364,independent,Low,1800.0,Low,4.65,10.35117321887311,31292.735692339742
2.680606060606061,independent,Low,1800.0,Low,4.65,10.367476133445006,31807.09618717818
2.7375757575757578,independent,Low,1800.0,Low,4.65,10.383775570660042,32329.798558940543
2.794545454545455,independent,Low,1800.0,Low,4.65,10.400071530518211,32860.97622456306
2.851515151515152,independent,Low,1800.0,Low,4.65,10.416364013019516,33400.76470404561
2.9084848484848487,independent,Low,1800.0,Low,4.65,10.432653018163958,33949.30165310319
2.965454545454546,independent,Low,1800.0,Low,4.65,10.448938545951533,34506.72689631644
3.022424242424243,independent,Low,1800.0,Low,4.65,10.465220596382245,35073.182460789176
3.0793939393939396,independent,Low,1800.0,Low,4.65,10.481499169456093,35648.81261031916
3.1363636363636367,independent,Low,1800.0,Low,4.65,10.497774265173078,36233.76388009136
3.193333333333334,independent,Low,1800.0,Low,4.65,10.514045883533196,36828.18511190026
3.2503030303030305,independent,Low,1800.0,Low,4.65,10.530314024536452,37432.227489910445
3.3072727272727276,independent,Low,1800.0,Low,4.65,10.546578688182842,38046.04457696194
3.3642424242424247,independent,Low,1800.0,Low,4.65,10.562839874472369,38669.79235143013
3.421212121212122,independent,Low,1800.0,Low,4.65,10.57909758340503,39303.629244647425
3.4781818181818185,independent,Low,1800.0,Low,4.65,10.595351814980829,39947.71617889568
3.5351515151515156,independent,Low,1800.0,Low,4.65,10.611602569199762,40602.21660597739
3.5921212121212127,independent,Low,1800.0,Low,4.65,10.627849846061832,41267.296546375175
3.6490909090909094,independent,Low,1800.0,Low,4.65,10.644093645567036,41943.124629007565
3.7060606060606065,independent,Low,1800.0,Low,4.65,10.660333967715376,42629.872131590375
3.7630303030303036,independent,Low,1800.0,Low,4.65,10.676570812506853,43327.71302161281
3.8200000000000003,independent,Low,1800.0,Low,4.65,10.692804179941463,44036.82399793701
3.8769696969696974,independent,Low,1800.0,Low,4.65,10.70903407001921,44757.38453303154
3.9339393939393945,independent,Low,1800.0,Low,4.65,10.725260482740094,45489.576915846505
3.990909090909091,independent,Low,1800.0,Low,4.65,10.741483418104114,46233.58629534184
4.047878787878788,independent,Low,1800.0,Low,4.65,10.757702876111267,46989.600724676755
4.1048484848484845,independent,Low,1800.0,Low,4.65,10.773918856761558,47757.81120607212
4.161818181818182,independent,Low,1800.0,Low,4.65,10.790131360054984,48538.41173635361
4.218787878787879,independent,Low,1800.0,Low,4.65,10.806340385991545,49331.59935318799
4.275757575757575,independent,Low,1800.0,Low,4.65,10.822545934571242,50137.5741820213
4.332727272727273,independent,Low,1800.0,Low,4.65,10.838748005794075,50956.53948373044
4.38969696969697,independent,Low,1800.0,Low,4.65,10.854946599660042,51788.7017029977
4.446666666666666,independent,Low,1800.0,Low,4.65,10.871141716169147,52634.270517420846
4.503636363636364,independent,Low,1800.0,Low,4.65,10.887333355321388,53493.45888736746
4.5606060606060606,independent,Low,1800.0,Low,4.65,10.903521517116763,54366.483106586194
4.617575757575758,independent,Low,1800.0,Low,4.65,10.919706201555273,55253.562853586496
4.674545454545455,independent,Low,1800.0,Low,4.65,10.93588740863692,56154.921243796685
4.7315151515151515,independent,Low,1800.0,Low,4.65,10.952065138361704,57070.78488251311
4.788484848484849,independent,Low,1800.0,Low,4.65,10.968239390729622,58001.383918652406
4.845454545454546,independent,Low,1800.0,Low,4.65,10.984410165740675,58946.952099318034
4.902424242424242,independent,Low,1800.0,Low,4.65,11.000577463394865,59907.72682519377
4.95939393939394,independent,Low,1800.0,Low,4.65,11.016741283692191,60883.9492067759
5.016363636363637,independent,Low,1800.0,Low,4.65,11.03290162663265,61875.86412145749
5.073333333333333,independent,Low,1800.0,Low,4.65,11.049058492216247,62883.72027147706
5.130303030303031,independent,Low,1800.0,Low,4.65,11.06521188044298,63907.770242743565
5.1872727272727275,independent,Low,1800.0,Low,4.65,11.081361791312847,64948.27056455199
5.244242424242424,independent,Low,1800.0,Low,4.65,11.097508224825852,66005.48177020316
5.301212121212122,independent,Low,1800.0,Low,4.65,11.113651180981991,67079.66845853887
5.358181818181818,independent,Low,1800.0,Low,4.65,11.129790659781266,68171.09935640886
5.415151515151515,independent,Low,1800.0,Low,4.65,11.145926661223676,69280.04738208138
5.472121212121213,independent,Low,1800.0,Low,4.65,11.162059185309223,70406.78970961261
5.529090909090909,independent,Low,1800.0,Low,4.65,11.178188232037904,71551.60783418777
5.586060606060606,independent,Low,1800.0,Low,4.65,11.194313801409724,72714.78763845102
5.6430303030303035,independent,Low,1800.0,Low,4.65,11.210435893424677,73896.61945983453
5.7,independent,Low,1800.0,Low,4.65,11.226554508082765,75097.39815890693
0.06,independent,Low,1800.0,Medium,6.0,9.678283803641966,15966.070770727096
0.11696969696969697,independent,Low,1800.0,Medium,6.0,9.694743199272759,16231.053854085041
0.17393939393939395,independent,Low,1800.0,Medium,6.0,9.711199117546688,16500.377108821598
0.23090909090909092,independent,Low,1800.0,Medium,6.0,9.727651558463752,16774.110658730388
0.2878787878787879,independent,Low,1800.0,Medium,6.0,9.744100522023952,17052.325744589463
0.3448484848484849,independent,Low,1800.0,Medium,6.0,9.760546008227287,17335.094741691173
0.40181818181818185,independent,Low,1800.0,Medium,6.0,9.776988017073759,17622.491177643242
0.4587878787878788,independent,Low,1800.0,Medium,6.0,9.793426548563366,17914.58975044443
0.5157575757575759,independent,Low,1800.0,Medium,6.0,9.80986160269611,18211.46634683972
0.5727272727272728,independent,Low,1800.0,Medium,6.0,9.826293179471987,18513.198060958606
0.6296969696969699,independent,Low,1800.0,Medium,6.0,9.842721278891,18819.86321324148
0.6866666666666668,independent,Low,1800.0,Medium,6.0,9.85914590095315,19131.541369657785
0.7436363636363637,independent,Low,1800.0,Medium,6.0,9.875567045658435,19448.313361220757
0.8006060606060608,independent,Low,1800.0,Medium,6.0,9.891984713006856,19770.261303803338
0.8575757575757577,independent,Low,1800.0,Medium,6.0,9.908398902998414,20097.46861825959
0.9145454545454546,independent,Low,1800.0,Medium,6.0,9.924809615633105,20430.020050856212
0.9715151515151517,independent,Low,1800.0,Medium,6.0,9.941216850910934,20768.001694019367
1.0284848484848486,independent,Low,1800.0,Medium,6.0,9.957620608831897,21111.501007400733
1.0854545454545457,independent,Low,1800.0,Medium,6.0,9.974020889395996,21460.6068392685
1.1424242424242426,independent,Low,1800.0,Medium,6.0,9.990417692603232,21815.409448227725
1.1993939393939397,independent,Low,1800.0,Medium,6.0,10.006811018453602,22176.00052527496
1.2563636363636366,independent,Low,1800.0,Medium,6.0,10.023200866947109,22542.4732161929
1.3133333333333335,independent,Low,1800.0,Medium,6.0,10.039587238083751,22914.92214428911
1.3703030303030306,independent,Low,1800.0,Medium,6.0,10.055970131863528,23293.443433485125
1.4272727272727275,independent,Low,1800.0,Medium,6.0,10.072349548286443,23678.134731760554
1.4842424242424244,independent,Low,1800.0,Medium,6.0,10.088725487352491,24069.09523495764
1.5412121212121215,independent,Low,1800.0,Medium,6.0,10.105097949061676,24466.425710952215
1.5981818181818184,independent,Low,1800.0,Medium,6.0,10.121466933413997,24870.228524195725
1.6551515151515153,independent,Low,1800.0,Medium,6.0,10.137832440409452,25280.607660634847
1.7121212121212124,independent,Low,1800.0,Medium,6.0,10.154194470048044,25697.66875301377
1.7690909090909093,independent,Low,1800.0,Medium,6.0,10.170553022329772,26121.519106565273
1.8260606060606064,independent,Low,1800.0,Medium,6.0,10.186908097254635,26552.267725096106
1.8830303030303033,independent,Low,1800.0,Medium,6.0,10.203259694822634,26990.02533747321
1.9400000000000002,independent,Low,1800.0,Medium,6.0,10.219607815033768,27434.90442451624
1.9969696969696973,independent,Low,1800.0,Medium,6.0,10.23595245788804,27887.019246302927
2.053939393939394,independent,Low,1800.0,Medium,6.0,10.252293623385444,28346.48586989307
2.1109090909090913,independent,Low,1800.0,Medium,6.0,10.268631311525986,28813.42219747832
2.167878787878788,independent,Low,1800.0,Medium,6.0,10.284965522309664,29287.947994962953
2.224848484848485,independent,Low,1800.0,Medium,6.0,10.301296255736476,29770.184920983287
2.281818181818182,independent,Low,1800.0,Medium,6.0,10.317623511806424,30260.25655637171
2.3387878787878793,independent,Low,1800.0,Medium,6.0,10.333947290519509,30758.288434072205
2.395757575757576,independent,Low,1800.0,Medium,6.0,10.350267591875728,31264.40806951394
2.452727272727273,independent,Low,1800.0,Medium,6.0,10.366584415875085,31778.744991450658
2.50969696969697,independent,Low,1800.0,Medium,6.0,10.382897762517576,32301.430773271262
2.566666666666667,independent,Low,1800.0,Medium,6.0,10.399207631803202,32832.59906479081
2.623636363636364,independent,Low,1800.0,Medium,6.0,10.415514023731966,33372.385624527305
2.680606060606061,independent,Low,1800.0,Medium,6.0,10.431816938303863,33920.9283524723
2.7375757575757578,independent,Low,1800.0,Medium,6.0,10.448116375518897,34478.36732336348
2.794545454545455,independent,Low,1800.0,Medium,6.0,10.464412335377066,35044.844820465114
2.851515151515152,independent,Low,1800.0,Medium,6.0,10.480704817878372,35620.505369865736
2.9084848484848487,independent,Low,1800.0,Medium,6.0,10.496993823022812,36205.49577529948
2.965454545454546,independent,Low,1800.0,Medium,6.0,10.51327935081039,36799.96515350023
3.022424242424243,independent,Low,1800.0,Medium,6.0,10.529561401241102,37404.06497009501
3.0793939393939396,independent,Low,1800.0,Medium,6.0,10.54583997431495,38017.94907604631
3.1363636363636367,independent,Low,1800.0,Medium,6.0,10.562115070031933,38641.77374465055
3.193333333333334,independent,Low,1800.0,Medium,6.0,10.578386688392053,39275.69770910147
3.2503030303030305,independent,Low,1800.0,Medium,6.0,10.594654829395306,39919.88220062648
3.3072727272727276,independent,Low,1800.0,Medium,6.0,10.610919493041699,40574.49098720578
3.3642424242424247,independent,Low,1800.0,Medium,6.0,10.627180679331225,41239.69041288072
3.421212121212122,independent,Low,1800.0,Medium,6.0,10.643438388263887,41915.64943766315
3.4781818181818185,independent,Low,1800.0,Medium,6.0,10.659692619839685,42602.53967805232
3.5351515151515156,independent,Low,1800.0,Medium,6.0,10.675943374058617,43300.53544816934
3.5921212121212127,independent,Low,1800.0,Medium,6.0,10.692190650920686,44009.81380151935
3.6490909090909094,independent,Low,1800.0,Medium,6.0,10.70843445042589,44730.5545733888
3.7060606060606065,independent,Low,1800.0,Medium,6.0,10.724674772574232,45462.940423889544
3.7630303030303036,independent,Low,1800.0,Medium,6.0,10.740911617365708,46207.1568816575
3.8200000000000003,independent,Low,1800.0,Medium,6.0,10.75714498480032,46963.39238821762
3.8769696969696974,independent,Low,1800.0,Medium,6.0,10.773374874878067,47731.83834302294
3.9339393939393945,independent,Low,1800.0,Medium,6.0,10.78960128759895,48512.689149179874
3.990909090909091,independent,Low,1800.0,Medium,6.0,10.805824222962968,49306.14225986868
4.047878787878788,independent,Low,1800.0,Medium,6.0,10.822043680970124,50112.398225470126
4.1048484848484845,independent,Low,1800.0,Medium,6.0,10.838259661620413,50931.660741408225
4.161818181818182,independent,Low,1800.0,Medium,6.0,10.85447216491384,51764.136696721376
4.218787878787879,independent,Low,1800.0,Medium,6.0,10.870681190850402,52610.03622336987
4.275757575757575,independent,Low,1800.0,Medium,6.0,10.886886739430098,53469.57274629452
4.332727272727273,independent,Low,1800.0,Medium,6.0,10.903088810652932,54342.96303423438
4.38969696969697,independent,Low,1800.0,Medium,6.0,10.919287404518899,55230.42725131623
4.446666666666666,independent,Low,1800.0,Medium,6.0,10.935482521028003,56132.18900942828
4.503636363636364,independent,Low,1800.0,Medium,6.0,10.951674160180243,57048.4754213875
4.5606060606060606,independent,Low,1800.0,Medium,6.0,10.967862321975618,57979.51715491472
4.617575757575758,independent,Low,1800.0,Medium,6.0,10.98404700641413,58925.548487428314
4.674545454545455,independent,Low,1800.0,Medium,6.0,11.000228213495777,59886.807361668485
4.7315151515151515,independent,Low,1800.0,Medium,6.0,11.016405943220558,60863.53544216558
4.788484848484849,independent,Low,1800.0,Medium,6.0,11.032580195588478,61855.97817256469
4.845454545454546,independent,Low,1800.0,Medium,6.0,11.048750970599531,62864.384833817385
4.902424242424242,independent,Low,1800.0,Medium,6.0,11.06491826825372,63889.00860325747
4.95939393939394,independent,Low,1800.0,Medium,6.0,11.081082088551046,64930.106614569995
5.016363636363637,independent,Low,1800.0,Medium,6.0,11.097242431491507,65987.94001866868
5.073333333333333,independent,Low,1800.0,Medium,6.0,11.113399297075103,67062.77404549561
5.130303030303031,independent,Low,1800.0,Medium,6.0,11.129552685301835,68154.87806675585
5.1872727272727275,independent,Low,1800.0,Medium,6.0,11.145702596171704,69264.52565960176
5.244242424242424,independent,Low,1800.0,Medium,6.0,11.161849029684706,70391.99467128004
5.301212121212122,independent,Low,1800.0,Medium,6.0,11.177991985840848,71537.56728475812
5.358181818181818,independent,Low,1800.0,Medium,6.0,11.194131464640122,72701.53008534045
5.415151515151515,independent,Low,1800.0,Medium,6.0,11.210267466082533,73884.1741282946
5.472121212121213,independent,Low,1800.0,Medium,6.0,11.226399990168078,75085.79500749752
5.529090909090909,independent,Low,1800.0,Medium,6.0,11.24252903689676,76306.69292511979
5.586060606060606,independent,Low,1800.0,Medium,6.0,11.258654606268578,77547.17276236202
5.6430303030303035,independent,Low,1800.0,Medium,6.0,11.274776698283532,78807.5441512603
5.7,independent,Low,1800.0,Medium,6.0,11.290895312941622,80088.12154757527
0.06,independent,Low,1800.0,High,7.35,9.742624608500822,17027.17507518075
0.11696969696969697,independent,Low,1800.0,High,7.35,9.759084004131616,17309.767818719694
0.17393939393939395,independent,Low,1800.0,High,7.35,9.775539922405544,17596.989163155606
0.23090909090909092,independent,Low,1800.0,High,7.35,9.791992363322608,17888.91389241422
0.2878787878787879,independent,Low,1800.0,High,7.35,9.808441326882807,18185.617981635747
0.3448484848484849,independent,Low,1800.0,High,7.35,9.824886813086144,18487.178615869878
0.40181818181818185,independent,Low,1800.0,High,7.35,9.841328821932615,18793.674209059507
0.4587878787878788,independent,Low,1800.0,High,7.35,9.857767353422222,19105.18442331796
0.5157575757575759,independent,Low,1800.0,High,7.35,9.874202407554964,19421.79018850378
0.5727272727272728,independent,Low,1800.0,High,7.35,9.890633984330844,19743.573722097863
0.6296969696969699,independent,Low,1800.0,High,7.35,9.907062083749857,20070.61854938724
0.6866666666666668,independent,Low,1800.0,High,7.35,9.923486705812007,20403.009523960765
0.7436363636363637,independent,Low,1800.0,High,7.35,9.939907850517292,20740.832848520524
0.8006060606060608,independent,Low,1800.0,High,7.35,9.956325517865713,21084.17609601468
0.8575757575757577,independent,Low,1800.0,High,7.35,9.972739707857269,21433.128231096023
0.9145454545454546,independent,Low,1800.0,High,7.35,9.989150420491962,21787.779631911493
0.9715151515151517,independent,Low,1800.0,High,7.35,10.00555765576979,22148.222112227333
1.0284848484848486,independent,Low,1800.0,High,7.35,10.021961413690754,22514.548943895526
1.0854545454545457,independent,Low,1800.0,High,7.35,10.038361694254853,22886.854879666127
1.1424242424242426,independent,Low,1800.0,High,7.35,10.054758497462089,23265.236176351107
1.1993939393939397,independent,Low,1800.0,High,7.35,10.071151823312459,23649.790618344647
1.2563636363636366,independent,Low,1800.0,High,7.35,10.087541671805965,24040.617541506028
1.3133333333333335,independent,Low,1800.0,High,7.35,10.103928042942606,24437.81785740944
1.3703030303030306,independent,Low,1800.0,High,7.35,10.120310936722385,24841.494077967713
1.4272727272727275,independent,Low,1800.0,High,7.35,10.136690353145298,25251.750340433922
1.4842424242424244,independent,Low,1800.0,High,7.35,10.153066292211347,25668.69243278855
1.5412121212121215,independent,Low,1800.0,High,7.35,10.16943875392053,26092.427819516073
1.5981818181818184,independent,Low,1800.0,High,7.35,10.185807738272853,26523.065667778625
1.6551515151515153,independent,Low,1800.0,High,7.35,10.202173245268309,26960.716873990983
1.7121212121212124,independent,Low,1800.0,High,7.35,10.2185352749069,27405.494090804877
1.7690909090909093,independent,Low,1800.0,High,7.35,10.234893827188628,27857.511754507108
1.8260606060606064,independent,Low,1800.0,High,7.35,10.251248902113492,28316.88611283854
1.8830303030303033,independent,Low,1800.0,High,7.35,10.267600499681489,28783.735253240397
1.9400000000000002,independent,Low,1800.0,High,7.35,10.283948619892623,29258.179131534194
1.9969696969696973,independent,Low,1800.0,High,7.35,10.300293262746894,29740.339601041356
2.053939393939394,independent,Low,1800.0,High,7.35,10.3166344282443,30230.340442149845
2.1109090909090913,independent,Low,1800.0,High,7.35,10.332972116384841,30728.30739233463
2.167878787878788,independent,Low,1800.0,High,7.35,10.349306327168518,31234.36817663778
2.224848484848485,independent,Low,1800.0,High,7.35,10.365637060595333,31748.652538616483
2.281818181818182,independent,Low,1800.0,High,7.35,10.38196431666528,32271.29227176487
2.3387878787878793,independent,Low,1800.0,High,7.35,10.398288095378364,32802.4212514179
2.395757575757576,independent,Low,1800.0,High,7.35,10.414608396734584,33342.175467143534
2.452727272727273,independent,Low,1800.0,High,7.35,10.43092522073394,33890.693055630945
2.50969696969697,independent,Low,1800.0,High,7.35,10.44723856737643,34448.11433408274
2.566666666666667,independent,Low,1800.0,High,7.35,10.463548436662059,35014.58183411804
2.623636363636364,independent,Low,1800.0,High,7.35,10.47985482859082,35590.24033619424
2.680606060606061,independent,Low,1800.0,High,7.35,10.496157743162719,36175.23690455606
2.7375757575757578,independent,Low,1800.0,High,7.35,10.512457180377753,36769.72092271836
2.794545454545455,independent,Low,1800.0,High,7.35,10.528753140235922,37373.844129492216
2.851515151515152,independent,Low,1800.0,High,7.35,10.545045622737227,37987.76065556152
2.9084848484848487,independent,Low,1800.0,High,7.35,10.561334627881669,38611.627060618746
2.965454545454546,independent,Low,1800.0,High,7.35,10.577620155669244,39245.602371067886
3.022424242424243,independent,Low,1800.0,High,7.35,10.593902206099958,39889.84811830416
3.0793939393939396,independent,Low,1800.0,High,7.35,10.610180779173806,40544.52837757714
3.1363636363636367,independent,Low,1800.0,High,7.35,10.62645587489079,41209.80980744869
3.193333333333334,independent,Low,1800.0,High,7.35,10.64272749325091,41885.861689852376
3.2503030303030305,independent,Low,1800.0,High,7.35,10.658995634254163,42572.85597076422
3.3072727272727276,independent,Low,1800.0,High,7.35,10.675260297900554,43270.96730149487
3.3642424242424247,independent,Low,1800.0,High,7.35,10.69152148419008,43980.37308061052
3.421212121212122,independent,Low,1800.0,High,7.35,10.707779193122743,44701.253496494144
3.4781818181818185,independent,Low,1800.0,High,7.35,10.72403342469854,45433.79157055479
3.5351515151515156,independent,Low,1800.0,High,7.35,10.740284178917474,46178.17320109656
3.5921212121212127,independent,Low,1800.0,High,7.35,10.756531455779543,46934.5872078549
3.6490909090909094,independent,Low,1800.0,High,7.35,10.772775255284747,47703.225377212446
3.7060606060606065,independent,Low,1800.0,High,7.35,10.789015577433087,48484.28250810299
3.7630303030303036,independent,Low,1800.0,High,7.35,10.805252422224564,49277.95645861482
3.8200000000000003,independent,Low,1800.0,High,7.35,10.821485789659175,50084.448193302975
3.8769696969696974,independent,Low,1800.0,High,7.35,10.837715679736924,50903.96183122274
3.9339393939393945,independent,Low,1800.0,High,7.35,10.853942092457807,51736.70469469229
3.990909090909091,independent,Low,1800.0,High,7.35,10.870165027821825,52582.887358799104
4.047878787878788,independent,Low,1800.0,High,7.35,10.886384485828978,53442.72370165785
4.1048484848484845,independent,Low,1800.0,High,7.35,10.902600466479269,54316.4309554332
4.161818181818182,independent,Low,1800.0,High,7.35,10.918812969772695,55204.22975813768
4.218787878787879,independent,Low,1800.0,High,7.35,10.935021995709256,56106.34420621731
4.275757575757575,independent,Low,1800.0,High,7.35,10.951227544288955,57023.00190793602
4.332727272727273,independent,Low,1800.0,High,7.35,10.967429615511787,57954.434037570376
4.38969696969697,independent,Low,1800.0,High,7.35,10.983628209377756,58900.87539042857
4.446666666666666,independent,Low,1800.0,High,7.35,10.999823325886858,59862.564438703135
4.503636363636364,independent,Low,1800.0,High,7.35,11.0160149650391,60839.74338817315
4.5606060606060606,independent,Low,1800.0,High,7.35,11.032203126834474,61832.658235764786
4.617575757575758,independent,Low,1800.0,High,7.35,11.048387811272985,62841.558827987355
4.674545454545455,independent,Low,1800.0,High,7.35,11.064569018354632,63866.698920254086
4.7315151515151515,independent,Low,1800.0,High,7.35,11.080746748079415,64908.336237102674
4.788484848484849,independent,Low,1800.0,High,7.35,11.096921000447333,65966.73253332921
4.845454545454546,independent,Low,1800.0,High,7.35,11.113091775458386,67042.15365604823
4.902424242424242,independent,Low,1800.0,High,7.35,11.129259073112577,68134.8696076933
4.95939393939394,independent,Low,1800.0,High,7.35,11.145422893409902,69245.15460997146
5.016363636363637,independent,Low,1800.0,High,7.35,11.161583236350364,70373.28716878686
5.073333333333333,independent,Low,1800.0,High,7.35,11.17774010193396,71519.55014014694
5.130303030303031,independent,Low,1800.0,High,7.35,11.193893490160692,72684.2307970663
5.1872727272727275,independent,Low,1800.0,High,7.35,11.21004340103056,73867.62089748311
5.244242424242424,independent,Low,1800.0,High,7.35,11.226189834543563,75070.01675320239
5.301212121212122,independent,Low,1800.0,High,7.35,11.242332790699702,76291.71929988351
5.358181818181818,independent,Low,1800.0,High,7.35,11.258472269498977,77533.03416808404
5.415151515151515,independent,Low,1800.0,High,7.35,11.274608270941389,78794.27175537933
5.472121212121213,independent,Low,1800.0,High,7.35,11.290740795026935,80075.74729957072
5.529090909090909,independent,Low,1800.0,High,7.35,11.306869841755617,81377.78095300136
5.586060606060606,independent,Low,1800.0,High,7.35,11.322995411127435,82700.69785799299
5.6430303030303035,independent,Low,1800.0,High,7.35,11.339117503142388,84044.82822342328
5.7,independent,Low,1800.0,High,7.35,11.355236117800477,85410.50740245875
0.06,independent,Medium,8000.0000000000055,Low,4.65,9.906772990174748,20064.816812085468
0.11696969696969697,independent,Medium,8000.0000000000055,Low,4.65,9.923232385805541,20397.821035922825
0.17393939393939395,independent,Medium,8000.0000000000055,Low,4.65,9.93968830407947,20736.27955285293
0.23090909090909092,independent,Medium,8000.0000000000055,Low,4.65,9.956140744996535,21080.280487442775
0.2878787878787879,independent,Medium,8000.0000000000055,Low,4.65,9.972589708556734,21429.913367973437
0.3448484848484849,independent,Medium,8000.0000000000055,Low,4.65,9.98903519476007,21785.269148470317
0.40181818181818185,independent,Medium,8000.0000000000055,Low,4.65,10.00547720360654,22146.440231073168
0.4587878787878788,independent,Medium,8000.0000000000055,Low,4.65,10.021915735096147,22513.52048875235
0.5157575757575759,independent,Medium,8000.0000000000055,Low,4.65,10.03835078922889,22886.60528837533
0.5727272727272728,independent,Medium,8000.0000000000055,Low,4.65,10.054782366004769,23265.791514129814
0.6296969696969699,independent,Medium,8000.0000000000055,Low,4.65,10.071210465423782,23651.17759130809
0.6866666666666668,independent,Medium,8000.0000000000055,Low,4.65,10.087635087485932,24042.86351045889
0.7436363636363637,independent,Medium,8000.0000000000055,Low,4.65,10.104056232191219,24440.950851911395
0.8006060606060608,independent,Medium,8000.0000000000055,Low,4.65,10.12047389953964,24845.542810677776
0.8575757575757577,independent,Medium,8000.0000000000055,Low,4.65,10.136888089531196,25256.744221739973
0.9145454545454546,independent,Medium,8000.0000000000055,Low,4.65,10.153298802165889,25674.661585726033
0.9715151515151517,independent,Medium,8000.0000000000055,Low,4.65,10.169706037443715,26099.403094982204
1.0284848484848486,independent,Medium,8000.0000000000055,Low,4.65,10.186109795364679,26531.07866004728
1.0854545454545457,independent,Medium,8000.0000000000055,Low,4.65,10.202510075928778,26969.799936534135
1.1424242424242426,independent,Medium,8000.0000000000055,Low,4.65,10.218906879136014,27415.680352425945
1.1993939393939397,independent,Medium,8000.0000000000055,Low,4.65,10.235300204986384,27868.835135792197
1.2563636363636366,independent,Medium,8000.0000000000055,Low,4.65,10.25169005347989,28329.381342932014
1.3133333333333335,independent,Medium,8000.0000000000055,Low,4.65,10.268076424616533,28797.437886949938
1.3703030303030306,independent,Medium,8000.0000000000055,Low,4.65,10.284459318396312,29273.125566772036
1.4272727272727275,independent,Medium,8000.0000000000055,Low,4.65,10.300838734819225,29756.567096607872
1.4842424242424244,independent,Medium,8000.0000000000055,Low,4.65,10.317214673885273,30247.887135866153
1.5412121212121215,independent,Medium,8000.0000000000055,Low,4.65,10.333587135594458,30747.212319529932
1.5981818181818184,independent,Medium,8000.0000000000055,Low,4.65,10.349956119946778,31254.671288998765
1.6551515151515153,independent,Medium,8000.0000000000055,Low,4.65,10.366321626942234,31770.394723405152
1.7121212121212124,independent,Medium,8000.0000000000055,Low,4.65,10.382683656580827,32294.515371412002
1.7690909090909093,independent,Medium,8000.0000000000055,Low,4.65,10.399042208862554,32827.16808349827
1.8260606060606064,independent,Medium,8000.0000000000055,Low,4.65,10.415397283787417,33368.48984474108
1.8830303030303033,independent,Medium,8000.0000000000055,Low,4.65,10.431748881355416,33918.619808100346
1.9400000000000002,independent,Medium,8000.0000000000055,Low,4.65,10.44809700156655,34477.6993282149
1.9969696969696973,independent,Medium,8000.0000000000055,Low,4.65,10.46444164442082,35045.87199571703
2.053939393939394,independent,Medium,8000.0000000000055,Low,4.65,10.480782809918226,35623.28367207352
2.1109090909090913,independent,Medium,8000.0000000000055,Low,4.65,10.497120498058768,36210.08252496086
2.167878787878788,independent,Medium,8000.0000000000055,Low,4.65,10.513454708842445,36806.41906418331
2.224848484848485,independent,Medium,8000.0000000000055,Low,4.65,10.529785442269258,37412.446178141334
2.281818181818182,independent,Medium,8000.0000000000055,Low,4.65,10.546112698339206,38028.319170859046
2.3387878787878793,independent,Medium,8000.0000000000055,Low,4.65,10.562436477052291,38654.195799579094
2.395757575757576,independent,Medium,8000.0000000000055,Low,4.65,10.578756778408511,39290.236312933186
2.452727272727273,independent,Medium,8000.0000000000055,Low,4.65,10.595073602407865,39936.60348969757
2.50969696969697,independent,Medium,8000.0000000000055,Low,4.65,10.611386949050358,40593.46267814203
2.566666666666667,independent,Medium,8000.0000000000055,Low,4.65,10.627696818335984,41260.98183598029
2.623636363636364,independent,Medium,8000.0000000000055,Low,4.65,10.644003210264746,41939.331570933195
2.680606060606061,independent,Medium,8000.0000000000055,Low,4.65,10.660306124836644,42628.685181911525
2.7375757575757578,independent,Medium,8000.0000000000055,Low,4.65,10.676605562051678,43329.218700828875
2.794545454545455,independent,Medium,8000.0000000000055,Low,4.65,10.69290152190985,44041.11093505448
2.851515151515152,independent,Medium,8000.0000000000055,Low,4.65,10.709194004411154,44764.54351051429
2.9084848484848487,independent,Medium,8000.0000000000055,Low,4.65,10.725483009555594,45499.70091545179
2.965454545454546,independent,Medium,8000.0000000000055,Low,4.65,10.741768537343171,46246.77054485679
3.022424242424243,independent,Medium,8000.0000000000055,Low,4.65,10.758050587773884,47005.94274557306
3.0793939393939396,independent,Medium,8000.0000000000055,Low,4.65,10.774329160847731,47777.410862095276
3.1363636363636367,independent,Medium,8000.0000000000055,Low,4.65,10.790604256564716,48561.371283065084
3.193333333333334,independent,Medium,8000.0000000000055,Low,4.65,10.806875874924835,49358.02348847661
3.2503030303030305,independent,Medium,8000.0000000000055,Low,4.65,10.82314401592809,50167.57009760335
3.3072727272727276,independent,Medium,8000.0000000000055,Low,4.65,10.83940867957448,50990.216917655125
3.3642424242424247,independent,Medium,8000.0000000000055,Low,4.65,10.855669865864007,51826.1729931783
3.421212121212122,independent,Medium,8000.0000000000055,Low,4.65,10.871927574796668,52675.650656208825
3.4781818181818185,independent,Medium,8000.0000000000055,Low,4.65,10.888181806372467,53538.86557719028
3.5351515151515156,independent,Medium,8000.0000000000055,Low,4.65,10.904432560591399,54416.03681666747
3.5921212121212127,independent,Medium,8000.0000000000055,Low,4.65,10.92067983745347,55307.386877769015
3.6490909090909094,independent,Medium,8000.0000000000055,Low,4.65,10.936923636958674,56213.141759487684
3.7060606060606065,independent,Medium,8000.0000000000055,Low,4.65,10.953163959107014,57133.53101077429
3.7630303030303036,independent,Medium,8000.0000000000055,Low,4.65,10.969400803898491,58068.78778545398
3.8200000000000003,independent,Medium,8000.0000000000055,Low,4.65,10.985634171333102,59019.148897978645
3.8769696969696974,independent,Medium,8000.0000000000055,Low,4.65,11.00186406141085,59984.85488002895
3.9339393939393945,independent,Medium,8000.0000000000055,Low,4.65,11.018090474131732,60966.15003797612
3.990909090909091,independent,Medium,8000.0000000000055,Low,4.65,11.03431340949575,61963.28251121911
4.047878787878788,independent,Medium,8000.0000000000055,Low,4.65,11.050532867502906,62976.50433140855
4.1048484848484845,independent,Medium,8000.0000000000055,Low,4.65,11.066748848153196,64006.071482570835
4.161818181818182,independent,Medium,8000.0000000000055,Low,4.65,11.08296135144662,65052.243962146764
4.218787878787879,independent,Medium,8000.0000000000055,Low,4.65,11.099170377383183,66115.28584295802
4.275757575757575,independent,Medium,8000.0000000000055,Low,4.65,11.11537592596288,67195.46533611359
4.332727272727273,independent,Medium,8000.0000000000055,Low,4.65,11.131577997185712,68293.05485487387
4.38969696969697,independent,Medium,8000.0000000000055,Low,4.65,11.14777659105168,69408.33107948325
4.446666666666666,independent,Medium,8000.0000000000055,Low,4.65,11.163971707560785,70541.57502298689
4.503636363636364,independent,Medium,8000.0000000000055,Low,4.65,11.180163346713025,71693.07209804741
4.5606060606060606,independent,Medium,8000.0000000000055,Low,4.65,11.1963515085084,72863.1121847748
4.617575757575758,independent,Medium,8000.0000000000055,Low,4.65,11.212536192946912,74051.98969958564
4.674545454545455,independent,Medium,8000.0000000000055,Low,4.65,11.22871740002856,75260.00366510628
4.7315151515151515,independent,Medium,8000.0000000000055,Low,4.65,11.244895129753342,76487.45778113663
4.788484848484849,independent,Medium,8000.0000000000055,Low,4.65,11.26106938212126,77734.66049668928
4.845454545454546,independent,Medium,8000.0000000000055,Low,4.65,11.277240157132313,79001.9250831205
4.902424242424242,independent,Medium,8000.0000000000055,Low,4.65,11.293407454786504,80289.5697083694
4.95939393939394,independent,Medium,8000.0000000000055,Low,4.65,11.309571275083828,81597.91751232104
5.016363636363637,independent,Medium,8000.0000000000055,Low,4.65,11.325731618024289,82927.29668331236
5.073333333333333,independent,Medium,8000.0000000000055,Low,4.65,11.341888483607885,84278.0405357944
5.130303030303031,independent,Medium,8000.0000000000055,Low,4.65,11.358041871834619,85650.48758917177
5.1872727272727275,independent,Medium,8000.0000000000055,Low,4.65,11.374191782704486,87044.9816478338
5.244242424242424,independent,Medium,8000.0000000000055,Low,4.65,11.39033821621749,88461.87188239822
5.301212121212122,independent,Medium,8000.0000000000055,Low,4.65,11.40648117237363,89901.51291218141
5.358181818181818,independent,Medium,8000.0000000000055,Low,4.65,11.422620651172904,91364.26488891755
5.415151515151515,independent,Medium,8000.0000000000055,Low,4.65,11.438756652615314,92850.49358174257
5.472121212121213,independent,Medium,8000.0000000000055,Low,4.65,11.45488917670086,94360.5704634626
5.529090909090909,independent,Medium,8000.0000000000055,Low,4.65,11.471018223429542,95894.87279812616
5.586060606060606,independent,Medium,8000.0000000000055,Low,4.65,11.48714379280136,97453.7837299185
5.6430303030303035,independent,Medium,8000.0000000000055,Low,4.65,11.503265884816313,99037.69237339945
5.7,independent,Medium,8000.0000000000055,Low,4.65,11.519384499474402,100646.99390510304
0.06,independent,Medium,8000.0000000000055,Medium,6.0,9.971113795033604,21398.306523342806
0.11696969696969697,independent,Medium,8000.0000000000055,Medium,6.0,9.987573190664397,21753.440805998645
0.17393939393939395,independent,Medium,8000.0000000000055,Medium,6.0,10.004029108938326,22114.391851104425
0.23090909090909092,independent,Medium,8000.0000000000055,Medium,6.0,10.02048154985539,22481.25363961482
0.2878787878787879,independent,Medium,8000.0000000000055,Medium,6.0,10.03693051341559,22854.121649483695
0.3448484848484849,independent,Medium,8000.0000000000055,Medium,6.0,10.053375999618925,23233.092879157914
0.40181818181818185,independent,Medium,8000.0000000000055,Medium,6.0,10.069818008465397,23618.2658714346
0.4587878787878788,independent,Medium,8000.0000000000055,Medium,6.0,10.086256539955004,24009.740737686414
0.5157575757575759,independent,Medium,8000.0000000000055,Medium,6.0,10.102691594087746,24407.619182461385
0.5727272727272728,independent,Medium,8000.0000000000055,Medium,6.0,10.119123170863624,24812.00452846243
0.6296969696969699,independent,Medium,8000.0000000000055,Medium,6.0,10.135551270282638,25223.001741912536
0.6866666666666668,independent,Medium,8000.0000000000055,Medium,6.0,10.151975892344788,25640.717458311232
0.7436363636363637,independent,Medium,8000.0000000000055,Medium,6.0,10.168397037050074,26065.26000858873
0.8006060606060608,independent,Medium,8000.0000000000055,Medium,6.0,10.184814704398494,26496.73944566337
0.8575757575757577,independent,Medium,8000.0000000000055,Medium,6.0,10.201228894390052,26935.267571408647
0.9145454545454546,independent,Medium,8000.0000000000055,Medium,6.0,10.217639607024743,27380.957964035864
0.9715151515151517,independent,Medium,8000.0000000000055,Medium,6.0,10.234046842302572,27833.926005899317
1.0284848484848486,independent,Medium,8000.0000000000055,Medium,6.0,10.250450600223536,28294.288911729345
1.0854545454545457,independent,Medium,8000.0000000000055,Medium,6.0,10.266850880787635,28762.16575730086
1.1424242424242426,independent,Medium,8000.0000000000055,Medium,6.0,10.283247683994869,29237.67750854323
1.1993939393939397,independent,Medium,8000.0000000000055,Medium,6.0,10.29964100984524,29720.947051098505
1.2563636363636366,independent,Medium,8000.0000000000055,Medium,6.0,10.316030858338747,30212.0992203345
1.3133333333333335,independent,Medium,8000.0000000000055,Medium,6.0,10.33241722947539,30711.26083182013
1.3703030303030306,independent,Medium,8000.0000000000055,Medium,6.0,10.348800123255167,31218.560712269493
1.4272727272727275,independent,Medium,8000.0000000000055,Medium,6.0,10.365179539678081,31734.12973096207
1.4842424242424244,independent,Medium,8000.0000000000055,Medium,6.0,10.38155547874413,32258.100831645912
1.5412121212121215,independent,Medium,8000.0000000000055,Medium,6.0,10.397927940453314,32790.60906493199
1.5981818181818184,independent,Medium,8000.0000000000055,Medium,6.0,10.414296924805635,33331.7916211857
1.6551515151515153,independent,Medium,8000.0000000000055,Medium,6.0,10.43066243180109,33881.78786392457
1.7121212121212124,independent,Medium,8000.0000000000055,Medium,6.0,10.447024461439682,34440.73936372872
1.7690909090909093,independent,Medium,8000.0000000000055,Medium,6.0,10.46338301372141,35008.78993267241
1.8260606060606064,independent,Medium,8000.0000000000055,Medium,6.0,10.479738088646274,35586.08565928414
1.8830303030303033,independent,Medium,8000.0000000000055,Medium,6.0,10.496089686214273,36172.77494404377
1.9400000000000002,independent,Medium,8000.0000000000055,Medium,6.0,10.512437806425407,36769.008535424364
1.9969696969696973,independent,Medium,8000.0000000000055,Medium,6.0,10.528782449279676,37374.939566487126
2.053939393939394,independent,Medium,8000.0000000000055,Medium,6.0,10.545123614777083,37990.723592037866
2.1109090909090913,independent,Medium,8000.0000000000055,Medium,6.0,10.561461302917625,38616.51862635309
2.167878787878788,independent,Medium,8000.0000000000055,Medium,6.0,10.5777955137013,39252.48518148497
2.224848484848485,independent,Medium,8000.0000000000055,Medium,6.0,10.594126247128115,39898.78630615362
2.281818181818182,independent,Medium,8000.0000000000055,Medium,6.0,10.610453503198062,40555.58762523459
2.3387878787878793,independent,Medium,8000.0000000000055,Medium,6.0,10.626777281911146,41223.05737985273
2.395757575757576,independent,Medium,8000.0000000000055,Medium,6.0,10.643097583267366,41901.36646808934
2.452727272727273,independent,Medium,8000.0000000000055,Medium,6.0,10.659414407266722,42590.68848631286
2.50969696969697,independent,Medium,8000.0000000000055,Medium,6.0,10.675727753909214,43291.19977114285
2.566666666666667,independent,Medium,8000.0000000000055,Medium,6.0,10.69203762319484,44003.07944205568
2.623636363636364,independent,Medium,8000.0000000000055,Medium,6.0,10.708344015123602,44726.509444643096
2.680606060606061,independent,Medium,8000.0000000000055,Medium,6.0,10.724646929695501,45461.67459453191
2.7375757575757578,independent,Medium,8000.0000000000055,Medium,6.0,10.740946366910535,46208.762621975664
2.794545454545455,independent,Medium,8000.0000000000055,Medium,6.0,10.757242326768704,46967.964217128465
2.851515151515152,independent,Medium,8000.0000000000055,Medium,6.0,10.77353480927001,47739.473076010974
2.9084848484848487,independent,Medium,8000.0000000000055,Medium,6.0,10.78982381441445,48523.4859471784
2.965454545454546,independent,Medium,8000.0000000000055,Medium,6.0,10.806109342202028,49320.202679102775
3.022424242424243,independent,Medium,8000.0000000000055,Medium,6.0,10.82239139263274,50129.82626827774
3.0793939393939396,independent,Medium,8000.0000000000055,Medium,6.0,10.838669965706588,50952.56290805917
3.1363636363636367,independent,Medium,8000.0000000000055,Medium,6.0,10.854945061423571,51788.62203825096
3.193333333333334,independent,Medium,8000.0000000000055,Medium,6.0,10.87121667978369,52638.21639544805
3.2503030303030305,independent,Medium,8000.0000000000055,Medium,6.0,10.887484820786945,53501.56206414776
3.3072727272727276,independent,Medium,8000.0000000000055,Medium,6.0,10.903749484433336,54378.87852864067
3.3642424242424247,independent,Medium,8000.0000000000055,Medium,6.0,10.920010670722863,55270.38872569373
3.421212121212122,independent,Medium,8000.0000000000055,Medium,6.0,10.936268379655525,56176.319098035936
3.4781818181818185,independent,Medium,8000.0000000000055,Medium,6.0,10.952522611231322,57096.8996486606
3.5351515151515156,independent,Medium,8000.0000000000055,Medium,6.0,10.968773365450255,58032.36399595442
3.5921212121212127,independent,Medium,8000.0000000000055,Medium,6.0,10.985020642312325,58982.94942966684
3.6490909090909094,independent,Medium,8000.0000000000055,Medium,6.0,11.00126444181753,59948.89696773257
3.7060606060606065,independent,Medium,8000.0000000000055,Medium,6.0,11.01750476396587,60930.45141395934
3.7630303030303036,independent,Medium,8000.0000000000055,Medium,6.0,11.033741608757346,61927.86141659363
3.8200000000000003,independent,Medium,8000.0000000000055,Medium,6.0,11.049974976191958,62941.3795277793
3.8769696969696974,independent,Medium,8000.0000000000055,Medium,6.0,11.066204866269706,63971.26226391958
3.9339393939393945,independent,Medium,8000.0000000000055,Medium,6.0,11.082431278990589,65017.77016695875
3.990909090909091,independent,Medium,8000.0000000000055,Medium,6.0,11.098654214354607,66081.16786659558
4.047878787878788,independent,Medium,8000.0000000000055,Medium,6.0,11.11487367236176,67161.72414344306
4.1048484848484845,independent,Medium,8000.0000000000055,Medium,6.0,11.131089653012051,68259.71199314858
4.161818181818182,independent,Medium,8000.0000000000055,Medium,6.0,11.147302156305477,69375.4086914883
4.218787878787879,independent,Medium,8000.0000000000055,Medium,6.0,11.16351118224204,70509.09586045168
4.275757575757575,independent,Medium,8000.0000000000055,Medium,6.0,11.179716730821735,71661.05953532887
4.332727272727273,independent,Medium,8000.0000000000055,Medium,6.0,11.195918802044568,72831.59023281913
4.38969696969697,independent,Medium,8000.0000000000055,Medium,6.0,11.212117395910537,74020.98302017071
4.446666666666666,independent,Medium,8000.0000000000055,Medium,6.0,11.228312512419642,75229.53758537288
4.503636363636364,independent,Medium,8000.0000000000055,Medium,6.0,11.244504151571881,76457.55830841225
4.5606060606060606,independent,Medium,8000.0000000000055,Medium,6.0,11.260692313367256,77705.35433361058
4.617575757575758,independent,Medium,8000.0000000000055,Medium,6.0,11.276876997805768,78973.23964306003
4.674545454545455,independent,Medium,8000.0000000000055,Medium,6.0,11.293058204887416,80261.53313117189
4.7315151515151515,independent,Medium,8000.0000000000055,Medium,6.0,11.309235934612197,81570.55868035607
4.788484848484849,independent,Medium,8000.0000000000055,Medium,6.0,11.325410186980115,82900.64523784831
4.845454545454546,independent,Medium,8000.0000000000055,Medium,6.0,11.34158096199117,84252.12689370038
4.902424242424242,independent,Medium,8000.0000000000055,Medium,6.0,11.357748259645359,85625.34295995277
4.95939393939394,independent,Medium,8000.0000000000055,Medium,6.0,11.373912079942684,87020.63805100753
5.016363636363637,independent,Medium,8000.0000000000055,Medium,6.0,11.390072422883145,88438.36216521636
5.073333333333333,independent,Medium,8000.0000000000055,Medium,6.0,11.406229288466742,89878.87076770568
5.130303030303031,independent,Medium,8000.0000000000055,Medium,6.0,11.422382676693474,91342.52487445447
5.1872727272727275,independent,Medium,8000.0000000000055,Medium,6.0,11.43853258756334,92829.69113764472
5.244242424242424,independent,Medium,8000.0000000000055,Medium,6.0,11.454679021076345,94340.74193230328
5.301212121212122,independent,Medium,8000.0000000000055,Medium,6.0,11.470821977232486,95876.0554442536
5.358181818181818,independent,Medium,8000.0000000000055,Medium,6.0,11.486961456031759,97436.01575939741
5.415151515151515,independent,Medium,8000.0000000000055,Medium,6.0,11.50309745747417,99021.01295434809
5.472121212121213,independent,Medium,8000.0000000000055,Medium,6.0,11.519229981559716,100631.44318843063
5.529090909090909,independent,Medium,8000.0000000000055,Medium,6.0,11.535359028288399,102267.70879707363
5.586060606060606,independent,Medium,8000.0000000000055,Medium,6.0,11.551484597660217,103930.2183866121
5.6430303030303035,independent,Medium,8000.0000000000055,Medium,6.0,11.56760668967517,105619.38693052137
5.7,independent,Medium,8000.0000000000055,Medium,6.0,11.583725304333258,107335.63586710434
0.06,independent,Medium,8000.0000000000055,High,7.35,10.03545459989246,22820.41434701898
0.11696969696969697,independent,Medium,8000.0000000000055,High,7.35,10.051913995523254,23199.149359038158
0.17393939393939395,independent,Medium,8000.0000000000055,High,7.35,10.06836991379718,23584.08769105196
0.23090909090909092,independent,Medium,8000.0000000000055,High,7.35,10.084822354714246,23975.32956959379
0.2878787878787879,independent,Medium,8000.0000000000055,High,7.35,10.101271318274446,24372.97681768021
0.3448484848484849,independent,Medium,8000.0000000000055,High,7.35,10.117716804477782,24777.13287986668
0.40181818181818185,independent,Medium,8000.0000000000055,High,7.35,10.134158813324252,25187.90284768961
0.4587878787878788,independent,Medium,8000.0000000000055,High,7.35,10.15059734481386,25605.39348550219
0.5157575757575759,independent,Medium,8000.0000000000055,High,7.35,10.167032398946603,26029.713256708437
0.5727272727272728,independent,Medium,8000.0000000000055,High,7.35,10.18346397572248,26460.972350403164
0.6296969696969699,independent,Medium,8000.0000000000055,High,7.35,10.199892075141495,26899.282708422652
0.6866666666666668,independent,Medium,8000.0000000000055,High,7.35,10.216316697203645,27344.758052812802
0.7436363636363637,independent,Medium,8000.0000000000055,High,7.35,10.23273784190893,27797.513913721396
0.8006060606060608,independent,Medium,8000.0000000000055,High,7.35,10.249155509257351,28257.667657720413
0.8575757575757577,independent,Medium,8000.0000000000055,High,7.35,10.265569699248907,28725.338516565153
0.9145454545454546,independent,Medium,8000.0000000000055,High,7.35,10.2819804118836,29200.647616396836
0.9715151515151517,independent,Medium,8000.0000000000055,High,7.35,10.298387647161427,29683.718007395084
1.0284848484848486,independent,Medium,8000.0000000000055,High,7.35,10.314791405082392,30174.674693887962
1.0854545454545457,independent,Medium,8000.0000000000055,High,7.35,10.331191685646491,30673.64466492494
1.1424242424242426,independent,Medium,8000.0000000000055,High,7.35,10.347588488853726,31180.756925321853
1.1993939393939397,independent,Medium,8000.0000000000055,High,7.35,10.363981814704097,31696.14252718319
1.2563636363636366,independent,Medium,8000.0000000000055,High,7.35,10.380371663197604,32219.934601909772
1.3133333333333335,independent,Medium,8000.0000000000055,High,7.35,10.396758034334244,32752.268392699294
1.3703030303030306,independent,Medium,8000.0000000000055,High,7.35,10.413140928114023,33293.281287547106
1.4272727272727275,independent,Medium,8000.0000000000055,High,7.35,10.429520344536936,33843.11285275383
1.4842424242424244,independent,Medium,8000.0000000000055,High,7.35,10.445896283602984,34401.90486694951
1.5412121212121215,independent,Medium,8000.0000000000055,High,7.35,10.46226874531217,34969.80135564013
1.5981818181818184,independent,Medium,8000.0000000000055,High,7.35,10.47863772966449,35546.948626285215
1.6551515151515153,independent,Medium,8000.0000000000055,High,7.35,10.495003236659947,36133.49530391503
1.7121212121212124,independent,Medium,8000.0000000000055,High,7.35,10.511365266298538,36729.592367294325
1.7690909090909093,independent,Medium,8000.0000000000055,High,7.35,10.527723818580265,37335.3931856424
1.8260606060606064,independent,Medium,8000.0000000000055,High,7.35,10.544078893505128,37951.05355591648
1.8830303030303033,independent,Medium,8000.0000000000055,High,7.35,10.560430491073127,38576.73174066749
1.9400000000000002,independent,Medium,8000.0000000000055,High,7.35,10.576778611284261,39212.588506477405
1.9969696969696973,independent,Medium,8000.0000000000055,High,7.35,10.593123254138533,39858.787162986075
2.053939393939394,independent,Medium,8000.0000000000055,High,7.35,10.609464419635938,40515.49360251662
2.1109090909090913,independent,Medium,8000.0000000000055,High,7.35,10.62580210777648,41182.87634030936
2.167878787878788,independent,Medium,8000.0000000000055,High,7.35,10.642136318560157,41861.106555371734
2.224848484848485,independent,Medium,8000.0000000000055,High,7.35,10.65846705198697,42550.35813195516
2.281818181818182,independent,Medium,8000.0000000000055,High,7.35,10.674794308056917,43250.807701667385
2.3387878787878793,independent,Medium,8000.0000000000055,High,7.35,10.691118086770002,43962.63468623014
2.395757575757576,independent,Medium,8000.0000000000055,High,7.35,10.707438388126223,44686.02134089162
2.452727272727273,independent,Medium,8000.0000000000055,High,7.35,10.723755212125578,45421.15279850414
2.50969696969697,independent,Medium,8000.0000000000055,High,7.35,10.740068558768069,46168.217114276595
2.566666666666667,independent,Medium,8000.0000000000055,High,7.35,10.756378428053695,46927.40531121184
2.623636363636364,independent,Medium,8000.0000000000055,High,7.35,10.772684819982459,47698.91142623968
2.680606060606061,independent,Medium,8000.0000000000055,High,7.35,10.788987734554357,48482.93255705529
2.7375757575757578,independent,Medium,8000.0000000000055,High,7.35,10.80528717176939,49279.66890967452
2.794545454545455,independent,Medium,8000.0000000000055,High,7.35,10.82158313162756,50089.32384671662
2.851515151515152,independent,Medium,8000.0000000000055,High,7.35,10.837875614128865,50912.103936424
2.9084848484848487,independent,Medium,8000.0000000000055,High,7.35,10.854164619273305,51748.219002432816
2.965454545454546,independent,Medium,8000.0000000000055,High,7.35,10.870450147060883,52597.882174303144
3.022424242424243,independent,Medium,8000.0000000000055,High,7.35,10.886732197491595,53461.309938821025
3.0793939393939396,independent,Medium,8000.0000000000055,High,7.35,10.903010770565444,54338.72219208478
3.1363636363636367,independent,Medium,8000.0000000000055,High,7.35,10.919285866282427,55230.3422923858
3.193333333333334,independent,Medium,8000.0000000000055,High,7.35,10.935557484642546,56136.39711389762
3.2503030303030305,independent,Medium,8000.0000000000055,High,7.35,10.951825625645801,57057.11710118356
3.3072727272727276,independent,Medium,8000.0000000000055,High,7.35,10.968090289292192,57992.73632453618
3.3642424242424247,independent,Medium,8000.0000000000055,High,7.35,10.984351475581718,58943.4925361613
3.421212121212122,independent,Medium,8000.0000000000055,High,7.35,11.000609184514381,59909.62722721873
3.4781818181818185,independent,Medium,8000.0000000000055,High,7.35,11.016863416090178,60891.3856857321
3.5351515151515156,independent,Medium,8000.0000000000055,High,7.35,11.033114170309112,61889.01705538272
3.5921212121212127,independent,Medium,8000.0000000000055,High,7.35,11.049361447171181,62902.77439519783
3.6490909090909094,independent,Medium,8000.0000000000055,High,7.35,11.065605246676386,63932.914740149405
3.7060606060606065,independent,Medium,8000.0000000000055,High,7.35,11.081845568824725,64979.69916267554
3.7630303030303036,independent,Medium,8000.0000000000055,High,7.35,11.098082413616202,66043.39283513877
3.8200000000000003,independent,Medium,8000.0000000000055,High,7.35,11.114315781050813,67124.26509323476
3.8769696969696974,independent,Medium,8000.0000000000055,High,7.35,11.130545671128562,68222.58950036747
3.9339393939393945,independent,Medium,8000.0000000000055,High,7.35,11.146772083849445,69338.64391300158
3.990909090909091,independent,Medium,8000.0000000000055,High,7.35,11.162995019213461,70472.71054701162
4.047878787878788,independent,Medium,8000.0000000000055,High,7.35,11.179214477220617,71625.07604503894
4.1048484848484845,independent,Medium,8000.0000000000055,High,7.35,11.195430457870907,72796.031544872
4.161818181818182,independent,Medium,8000.0000000000055,High,7.35,11.211642961164333,73985.87274886791
4.218787878787879,independent,Medium,8000.0000000000055,High,7.35,11.227851987100895,75194.89999442783
4.275757575757575,independent,Medium,8000.0000000000055,High,7.35,11.244057535680591,76423.4183255435
4.332727272727273,independent,Medium,8000.0000000000055,High,7.35,11.260259606903425,77671.73756543061
4.38969696969697,independent,Medium,8000.0000000000055,High,7.35,11.276458200769394,78940.17239026463
4.446666666666666,independent,Medium,8000.0000000000055,High,7.35,11.292653317278496,80229.04240403687
4.503636363636364,independent,Medium,8000.0000000000055,High,7.35,11.308844956430736,81538.6722145467
4.5606060606060606,independent,Medium,8000.0000000000055,High,7.35,11.325033118226113,82869.39151054608
4.617575757575758,independent,Medium,8000.0000000000055,High,7.35,11.341217802664623,84221.53514005475
4.674545454545455,independent,Medium,8000.0000000000055,High,7.35,11.35739900974627,85595.44318986448
4.7315151515151515,independent,Medium,8000.0000000000055,High,7.35,11.373576739471053,86991.46106624673
4.788484848484849,independent,Medium,8000.0000000000055,High,7.35,11.389750991838971,88409.93957688534
4.845454545454546,independent,Medium,8000.0000000000055,High,7.35,11.405921766850025,89851.23501405047
4.902424242424242,independent,Medium,8000.0000000000055,High,7.35,11.422089064504215,91315.70923903285
4.95939393939394,independent,Medium,8000.0000000000055,High,7.35,11.438252884801539,92803.72976785625
5.016363636363637,independent,Medium,8000.0000000000055,High,7.35,11.454413227742002,94315.66985829006
5.073333333333333,independent,Medium,8000.0000000000055,High,7.35,11.470570093325598,95851.90859817603
5.130303030303031,independent,Medium,8000.0000000000055,High,7.35,11.48672348155233,97412.83099509547
5.1872727272727275,independent,Medium,8000.0000000000055,High,7.35,11.502873392422197,98998.82806739083
5.244242424242424,independent,Medium,8000.0000000000055,High,7.35,11.519019825935201,100610.2969365656
5.301212121212122,independent,Medium,8000.0000000000055,High,7.35,11.53516278209134,102247.64092108075
5.358181818181818,independent,Medium,8000.0000000000055,High,7.35,11.551302260890616,103911.26963157066
5.415151515151515,independent,Medium,8000.0000000000055,High,7.35,11.567438262333026,105601.59906749772
5.472121212121213,independent,Medium,8000.0000000000055,High,7.35,11.583570786418573,107319.05171526807
5.529090909090909,independent,Medium,8000.0000000000055,High,7.35,11.599699833147255,109064.05664782913
5.586060606060606,independent,Medium,8000.0000000000055,High,7.35,11.615825402519071,110837.04962577255
5.6430303030303035,independent,Medium,8000.0000000000055,High,7.35,11.631947494534025,112638.47319996427
5.7,independent,Medium,8000.0000000000055,High,7.35,11.648066109192115,114468.77681572258
0.06,independent,High,35499.99999999999,Low,4.65,10.199361421122635,26885.011752100007
0.11696969696969697,independent,High,35499.99999999999,Low,4.65,10.215820816753428,27331.201187568076
0.17393939393939395,independent,High,35499.99999999999,Low,4.65,10.232276735027357,27784.698782457934
0.23090909090909092,independent,High,35499.99999999999,Low,4.65,10.24872917594442,28245.62261410302
0.2878787878787879,independent,High,35499.99999999999,Low,4.65,10.265178139504622,28714.092640661187
0.3448484848484849,independent,High,35499.99999999999,Low,4.65,10.281623625707956,29190.230730632204
0.40181818181818185,independent,High,35499.99999999999,Low,4.65,10.298065634554428,29674.160692831974
0.4587878787878788,independent,High,35499.99999999999,Low,4.65,10.314504166044035,30166.008306829037
0.5157575757575759,independent,High,35499.99999999999,Low,4.65,10.330939220176777,30665.901353851765
0.5727272727272728,independent,High,35499.99999999999,Low,4.65,10.347370796952656,31173.969648172548
0.6296969696969699,independent,High,35499.99999999999,Low,4.65,10.36379889637167,31690.345068976258
0.6866666666666668,independent,High,35499.99999999999,Low,4.65,10.38022351843382,32215.16159272115
0.7436363636363637,independent,High,35499.99999999999,Low,4.65,10.396644663139105,32748.555325998277
0.8006060606060608,independent,High,35499.99999999999,Low,4.65,10.413062330487525,33290.66453889842
0.8575757575757577,independent,High,35499.99999999999,Low,4.65,10.429476520479083,33841.62969889334
0.9145454545454546,independent,High,35499.99999999999,Low,4.65,10.445887233113774,34401.59350523922
0.9715151515151517,independent,High,35499.99999999999,Low,4.65,10.462294468391603,34970.700923911034
1.0284848484848486,independent,High,35499.99999999999,Low,4.65,10.478698226312567,35549.0992230744
1.0854545454545457,independent,High,35499.99999999999,Low,4.65,10.495098506876666,36136.93800910466
1.1424242424242426,independent,High,35499.99999999999,Low,4.65,10.511495310083902,36734.36926316048
1.1993939393939397,independent,High,35499.99999999999,Low,4.65,10.527888635934271,37341.547378320356
1.2563636363636366,independent,High,35499.99999999999,Low,4.65,10.544278484427778,37958.62919729164
1.3133333333333335,independent,High,35499.99999999999,Low,4.65,10.56066485556442,38585.77405069894
1.3703030303030306,independent,High,35499.99999999999,Low,4.65,10.577047749344198,39223.14379596253
1.4272727272727275,independent,High,35499.99999999999,Low,4.65,10.593427165767112,39870.90285677447
1.4842424242424244,independent,High,35499.99999999999,Low,4.65,10.60980310483316,40529.21826318166
1.5412121212121215,independent,High,35499.99999999999,Low,4.65,10.626175566542345,41198.25969228602
1.5981818181818184,independent,High,35499.99999999999,Low,4.65,10.642544550894666,41878.19950956922
1.6551515151515153,independent,High,35499.99999999999,Low,4.65,10.658910057890122,42569.21281085344
1.7121212121212124,independent,High,35499.99999999999,Low,4.65,10.675272087528715,43271.47746490645
1.7690909090909093,independent,High,35499.99999999999,Low,4.65,10.691630639810441,43985.17415670093
1.8260606060606064,independent,High,35499.99999999999,Low,4.65,10.707985714735305,44710.48643133885
1.8830303030303033,independent,High,35499.99999999999,Low,4.65,10.724337312303303,45447.600738649344
1.9400000000000002,independent,High,35499.99999999999,Low,4.65,10.740685432514438,46196.706478471766
1.9969696969696973,independent,High,35499.99999999999,Low,4.65,10.757030075368707,46957.99604663346
2.053939393939394,independent,High,35499.99999999999,Low,4.65,10.773371240866114,47731.664881633
2.1109090909090913,independent,High,35499.99999999999,Low,4.65,10.789708929006656,48517.91151203908
2.167878787878788,independent,High,35499.99999999999,Low,4.65,10.806043139790333,49316.93760461682
2.224848484848485,independent,High,35499.99999999999,Low,4.65,10.822373873217146,50128.948013191526
2.281818181818182,independent,High,35499.99999999999,Low,4.65,10.838701129287093,50954.1508282614
2.3387878787878793,independent,High,35499.99999999999,Low,4.65,10.855024908000178,51792.75742737064
2.395757575757576,independent,High,35499.99999999999,Low,4.65,10.871345209356399,52644.98252625375
2.452727272727273,independent,High,35499.99999999999,Low,4.65,10.887662033355753,53511.04423076368
2.50969696969697,independent,High,35499.99999999999,Low,4.65,10.903975379998245,54391.164089595244
2.566666666666667,independent,High,35499.99999999999,Low,4.65,10.920285249283872,55285.56714781424
2.623636363636364,independent,High,35499.99999999999,Low,4.65,10.936591641212633,56194.482001207754
2.680606060606061,independent,High,35499.99999999999,Low,4.65,10.952894555784532,57118.140851464625
2.7375757575757578,independent,High,35499.99999999999,Low,4.65,10.969193992999566,58056.779562200194
2.794545454545455,independent,High,35499.99999999999,Low,4.65,10.985489952857735,59010.63771583829
2.851515151515152,independent,High,35499.99999999999,Low,4.65,11.00178243535904,59979.958671362496
2.9084848484848487,independent,High,35499.99999999999,Low,4.65,11.018071440503482,60964.9896229503
2.965454545454546,independent,High,35499.99999999999,Low,4.65,11.034356968291059,61965.98165950285
3.022424242424243,independent,High,35499.99999999999,Low,4.65,11.050639018721771,62983.18982508482
3.0793939393939396,independent,High,35499.99999999999,Low,4.65,11.066917591795619,64016.87318028689
3.1363636363636367,independent,High,35499.99999999999,Low,4.65,11.083192687512602,65067.29486452545
3.193333333333334,independent,High,35499.99999999999,Low,4.65,11.099464305872722,66134.72215929338
3.2503030303030305,independent,High,35499.99999999999,Low,4.65,11.115732446875978,67219.42655237569
3.3072727272727276,independent,High,35499.99999999999,Low,4.65,11.131997110522367,68321.6838030457
3.3642424242424247,independent,High,35499.99999999999,Low,4.65,11.148258296811894,69441.77400825584
3.421212121212122,independent,High,35499.99999999999,Low,4.65,11.164516005744556,70579.98166983627
3.4781818181818185,independent,High,35499.99999999999,Low,4.65,11.180770237320353,71736.59576272058
3.5351515151515156,independent,High,35499.99999999999,Low,4.65,11.197020991539286,72911.90980420959
3.5921212121212127,independent,High,35499.99999999999,Low,4.65,11.213268268401356,74106.22192429108
3.6490909090909094,independent,High,35499.99999999999,Low,4.65,11.22951206790656,75319.8349370314
3.7060606060606065,independent,High,35499.99999999999,Low,4.65,11.245752390054902,76553.05641305407
3.7630303030303036,independent,High,35499.99999999999,Low,4.65,11.261989234846377,77806.19875312177
3.8200000000000003,independent,High,35499.99999999999,Low,4.65,11.278222602280989,79079.57926283969
3.8769696969696974,independent,High,35499.99999999999,Low,4.65,11.294452492358737,80373.52022849426
3.9339393939393945,independent,High,35499.99999999999,Low,4.65,11.31067890507962,81688.34899404724
3.990909090909091,independent,High,35499.99999999999,Low,4.65,11.326901840443638,83024.3980393004
4.047878787878788,independent,High,35499.99999999999,Low,4.65,11.343121298450793,84382.00505924938
4.1048484848484845,independent,High,35499.99999999999,Low,4.65,11.359337279101082,85761.51304464324
4.161818181818182,independent,High,35499.99999999999,Low,4.65,11.375549782394508,87163.27036377037
4.218787878787879,independent,High,35499.99999999999,Low,4.65,11.39175880833107,88587.63084548533
4.275757575757575,independent,High,35499.99999999999,Low,4.65,11.407964356910767,90034.95386349804
4.332727272727273,independent,High,35499.99999999999,Low,4.65,11.4241664281336,91505.60442194415
4.38969696969697,independent,High,35499.99999999999,Low,4.65,11.440365021999568,92999.9532422536
4.446666666666666,independent,High,35499.99999999999,Low,4.65,11.456560138508673,94518.3768513381
4.503636363636364,independent,High,35499.99999999999,Low,4.65,11.472751777660912,96061.25767111812
4.5606060606060606,independent,High,35499.99999999999,Low,4.65,11.488939939456287,97628.98410940763
4.617575757575758,independent,High,35499.99999999999,Low,4.65,11.5051246238948,99221.95065217801
4.674545454545455,independent,High,35499.99999999999,Low,4.65,11.521305830976447,100840.55795722065
4.7315151515151515,independent,High,35499.99999999999,Low,4.65,11.53748356070123,102485.21294923068
4.788484848484849,independent,High,35499.99999999999,Low,4.65,11.553657813069147,104156.3289163317
4.845454545454546,independent,High,35499.99999999999,Low,4.65,11.5698285880802,105854.3256080631
4.902424242424242,independent,High,35499.99999999999,Low,4.65,11.58599588573439,107579.6293348526
4.95939393939394,independent,High,35499.99999999999,Low,4.65,11.602159706031715,109332.67306899533
5.016363636363637,independent,High,35499.99999999999,Low,4.65,11.618320048972176,111113.89654716158
5.073333333333333,independent,High,35499.99999999999,Low,4.65,11.634476914555773,112923.74637445771
5.130303030303031,independent,High,35499.99999999999,Low,4.65,11.650630302782506,114762.6761300615
5.1872727272727275,independent,High,35499.99999999999,Low,4.65,11.666780213652373,116631.14647445537
5.244242424242424,independent,High,35499.99999999999,Low,4.65,11.682926647165377,118529.62525828391
5.301212121212122,independent,High,35499.99999999999,Low,4.65,11.699069603321517,120458.58763285536
5.358181818181818,independent,High,35499.99999999999,Low,4.65,11.71520908212079,122418.51616231569
5.415151515151515,independent,High,35499.99999999999,Low,4.65,11.731345083563202,124409.90093751902
5.472121212121213,independent,High,35499.99999999999,Low,4.65,11.747477607648747,126433.23969161582
5.529090909090909,independent,High,35499.99999999999,Low,4.65,11.76360665437743,128489.03791739218
5.586060606060606,independent,High,35499.99999999999,Low,4.65,11.779732223749248,130577.80898637764
5.6430303030303035,independent,High,35499.99999999999,Low,4.65,11.7958543157642,132700.07426975414
5.7,independent,High,35499.99999999999,Low,4.65,11.81197293042229,134856.36326108966
0.06,independent,High,35499.99999999999,Medium,6.0,10.263702225981492,28671.742907074757
0.11696969696969697,independent,High,35499.99999999999,Medium,6.0,10.280161621612285,29147.58421403355
0.17393939393939395,independent,High,35499.99999999999,Medium,6.0,10.296617539886213,29631.219349923053
0.23090909090909092,independent,High,35499.99999999999,Medium,6.0,10.313069980803277,30122.774238999194
0.2878787878787879,independent,High,35499.99999999999,Medium,6.0,10.329518944363478,30622.376811333994
0.3448484848484849,independent,High,35499.99999999999,Medium,6.0,10.345964430566813,31130.15703429467
0.40181818181818185,independent,High,35499.99999999999,Medium,6.0,10.362406439413284,31646.246944509803
0.4587878787878788,independent,High,35499.99999999999,Medium,6.0,10.378844970902891,32170.780680328557
0.5157575757575759,independent,High,35499.99999999999,Medium,6.0,10.395280025035634,32703.894514781798
0.5727272727272728,independent,High,35499.99999999999,Medium,6.0,10.411711601811511,33245.7268890519
0.6296969696969699,independent,High,35499.99999999999,Medium,6.0,10.428139701230526,33796.41844645935
0.6866666666666668,independent,High,35499.99999999999,Medium,6.0,10.444564323292676,34356.11206697361
0.7436363636363637,independent,High,35499.99999999999,Medium,6.0,10.460985467997961,34924.95290225687
0.8006060606060608,independent,High,35499.99999999999,Medium,6.0,10.477403135346382,35503.08841124801
0.8575757575757577,independent,High,35499.99999999999,Medium,6.0,10.49381732533794,36090.66839629566
0.9145454545454546,independent,High,35499.99999999999,Medium,6.0,10.510228037972631,36687.8450398478
0.9715151515151517,independent,High,35499.99999999999,Medium,6.0,10.52663527325046,37294.77294170782
1.0284848484848486,independent,High,35499.99999999999,Medium,6.0,10.543039031171423,37911.60915686365
1.0854545454545457,independent,High,35499.99999999999,Medium,6.0,10.559439311735522,38538.51323390052
1.1424242424242426,independent,High,35499.99999999999,Medium,6.0,10.575836114942756,39175.647254004994
1.1993939393939397,independent,High,35499.99999999999,Medium,6.0,10.592229440793128,39823.17587056983
1.2563636363636366,independent,High,35499.99999999999,Medium,6.0,10.608619289286635,40481.2663494082
1.3133333333333335,independent,High,35499.99999999999,Medium,6.0,10.625005660423277,41150.08860958736
1.3703030303030306,independent,High,35499.99999999999,Medium,6.0,10.641388554203054,41829.815264890305
1.4272727272727275,independent,High,35499.99999999999,Medium,6.0,10.657767970625967,42520.6216659154
1.4842424242424244,independent,High,35499.99999999999,Medium,6.0,10.674143909692017,43222.68594282355
1.5412121212121215,independent,High,35499.99999999999,Medium,6.0,10.690516371401202,43936.189048742286
1.5981818181818184,independent,High,35499.99999999999,Medium,6.0,10.70688535575352,44661.31480383758
1.6551515151515153,independent,High,35499.99999999999,Medium,6.0,10.723250862748978,45398.249940063055
1.7121212121212124,independent,High,35499.99999999999,Medium,6.0,10.73961289238757,46147.184146595675
1.7690909090909093,independent,High,35499.99999999999,Medium,6.0,10.755971444669296,46908.31011597097
1.8260606060606064,independent,High,35499.99999999999,Medium,6.0,10.77232651959416,47681.82359092564
1.8830303030303033,independent,High,35499.99999999999,Medium,6.0,10.788678117162158,48467.92341195949
1.9400000000000002,independent,High,35499.99999999999,Medium,6.0,10.805026237373294,49266.81156562799
1.9969696969696973,independent,High,35499.99999999999,Medium,6.0,10.821370880227564,50078.69323357502
2.053939393939394,independent,High,35499.99999999999,Medium,6.0,10.83771204572497,50903.77684231907
2.1109090909090913,independent,High,35499.99999999999,Medium,6.0,10.85404973386551,51742.27411380167
2.167878787878788,independent,High,35499.99999999999,Medium,6.0,10.870383944649188,52594.400116712335
2.224848484848485,independent,High,35499.99999999999,Medium,6.0,10.886714678076,53460.3733185991
2.281818181818182,independent,High,35499.99999999999,Medium,6.0,10.90304193414595,54340.41563877875
2.3387878787878793,independent,High,35499.99999999999,Medium,6.0,10.919365712859033,55234.75250205691
2.395757575757576,independent,High,35499.99999999999,Medium,6.0,10.935686014215253,56143.61289327217
2.452727272727273,independent,High,35499.99999999999,Medium,6.0,10.952002838214609,57067.22941267428
2.50969696969697,independent,High,35499.99999999999,Medium,6.0,10.9683161848571,58005.83833215132
2.566666666666667,independent,High,35499.99999999999,Medium,6.0,10.984626054142726,58959.67965231706
2.623636363636364,independent,High,35499.99999999999,Medium,6.0,11.00093244607149,59928.997160472245
2.680606060606061,independent,High,35499.99999999999,Medium,6.0,11.017235360643388,60914.03848945221
2.7375757575757578,independent,High,35499.99999999999,Medium,6.0,11.033534797858422,61915.05517737532
2.794545454545455,independent,High,35499.99999999999,Medium,6.0,11.049830757716592,62932.3027283047
2.851515151515152,independent,High,35499.99999999999,Medium,6.0,11.066123240217896,63966.04067383746
2.9084848484848487,independent,High,35499.99999999999,Medium,6.0,11.082412245362338,65016.532635635485
2.965454545454546,independent,High,35499.99999999999,Medium,6.0,11.098697773149915,66084.04638891124
3.022424242424243,independent,High,35499.99999999999,Medium,6.0,11.114979823580626,67168.85392688413
3.0793939393939396,independent,High,35499.99999999999,Medium,6.0,11.131258396654475,68271.23152622144
3.1363636363636367,independent,High,35499.99999999999,Medium,6.0,11.147533492371458,69391.45981347703
3.193333333333334,independent,High,35499.99999999999,Medium,6.0,11.163805110731577,70529.82383254658
3.2503030303030305,independent,High,35499.99999999999,Medium,6.0,11.180073251734832,71686.61311315063
3.3072727272727276,independent,High,35499.99999999999,Medium,6.0,11.196337915381223,72862.12174036288
3.3642424242424247,independent,High,35499.99999999999,Medium,6.0,11.212599101670751,74056.64842519982
3.421212121212122,independent,High,35499.99999999999,Medium,6.0,11.228856810603412,75270.49657628566
3.4781818181818185,independent,High,35499.99999999999,Medium,6.0,11.245111042179209,76503.9743726115
3.5351515151515156,independent,High,35499.99999999999,Medium,6.0,11.261361796398143,77757.39483740235
3.5921212121212127,independent,High,35499.99999999999,Medium,6.0,11.277609073260212,79031.07591310987
3.6490909090909094,independent,High,35499.99999999999,Medium,6.0,11.293852872765417,80325.34053754847
3.7060606060606065,independent,High,35499.99999999999,Medium,6.0,11.310093194913758,81640.5167211905
3.7630303030303036,independent,High,35499.99999999999,Medium,6.0,11.326330039705233,82976.93762563812
3.8200000000000003,independent,High,35499.99999999999,Medium,6.0,11.342563407139846,84334.94164329128
3.8769696969696974,independent,High,35499.99999999999,Medium,6.0,11.358793297217593,85714.87247822621
3.9339393939393945,independent,High,35499.99999999999,Medium,6.0,11.375019709938476,87117.07922830629
3.990909090909091,independent,High,35499.99999999999,Medium,6.0,11.391242645302494,88541.91646854125
4.047878787878788,independent,High,35499.99999999999,Medium,6.0,11.407462103309648,89989.74433571429
4.1048484848484845,independent,High,35499.99999999999,Medium,6.0,11.423678083959938,91460.92861429625
4.161818181818182,independent,High,35499.99999999999,Medium,6.0,11.439890587253364,92955.84082366487
4.218787878787879,independent,High,35499.99999999999,Medium,6.0,11.456099613189926,94474.85830665083
4.275757575757575,independent,High,35499.99999999999,Medium,6.0,11.472305161769622,96018.36431942822
4.332727272727273,independent,High,35499.99999999999,Medium,6.0,11.488507232992456,97586.74812277095
4.38969696969697,independent,High,35499.99999999999,Medium,6.0,11.504705826858425,99180.40507469414
4.446666666666666,independent,High,35499.99999999999,Medium,6.0,11.52090094336753,100799.73672450315
4.503636363636364,independent,High,35499.99999999999,Medium,6.0,11.537092582519769,102445.15090826931
4.5606060606060606,independent,High,35499.99999999999,Medium,6.0,11.553280744315144,104117.0618457548
4.617575757575758,independent,High,35499.99999999999,Medium,6.0,11.569465428753656,105815.89023880792
4.674545454545455,independent,High,35499.99999999999,Medium,6.0,11.585646635835301,107542.06337124993
4.7315151515151515,independent,High,35499.99999999999,Medium,6.0,11.601824365560084,109296.01521027855
4.788484848484849,independent,High,35499.99999999999,Medium,6.0,11.617998617928002,111078.18650940593
4.845454545454546,independent,High,35499.99999999999,Medium,6.0,11.634169392939057,112889.02491295908
4.902424242424242,independent,High,35499.99999999999,Medium,6.0,11.650336690593246,114728.98506216155
4.95939393939394,independent,High,35499.99999999999,Medium,6.0,11.666500510890572,116598.52870282467
5.016363636363637,independent,High,35499.99999999999,Medium,6.0,11.682660853831033,118498.12479466664
5.073333333333333,independent,High,35499.99999999999,Medium,6.0,11.69881771941463,120428.24962228903
5.130303030303031,independent,High,35499.99999999999,Medium,6.0,11.714971107641361,122389.38690783207
5.1872727272727275,independent,High,35499.99999999999,Medium,6.0,11.731121018511228,124382.02792533493
5.244242424242424,independent,High,35499.99999999999,Medium,6.0,11.747267452024232,126406.6716168263
5.301212121212122,independent,High,35499.99999999999,Medium,6.0,11.763410408180372,128463.82471016998
5.358181818181818,independent,High,35499.99999999999,Medium,6.0,11.779549886979646,130554.00183869385
5.415151515151515,independent,High,35499.99999999999,Medium,6.0,11.795685888422057,132677.72566262627
5.472121212121213,independent,High,35499.99999999999,Medium,6.0,11.811818412507604,134835.52699236842
5.529090909090909,independent,High,35499.99999999999,Medium,6.0,11.827947459236286,137027.94491362825
5.586060606060606,independent,High,35499.99999999999,Medium,6.0,11.844073028608104,139255.52691444612
5.6430303030303035,independent,High,35499.99999999999,Medium,6.0,11.860195120623057,141518.82901413782
5.7,independent,High,35499.99999999999,Medium,6.0,11.876313735281148,143818.4158941851
0.06,independent,High,35499.99999999999,High,7.35,10.328043030840348,30577.212692739427
0.11696969696969697,independent,High,35499.99999999999,High,7.35,10.34450242647114,31084.67640973824
0.17393939393939395,independent,High,35499.99999999999,High,7.35,10.360958344745068,31600.4519007277
0.23090909090909092,independent,High,35499.99999999999,High,7.35,10.377410785662132,32124.67345835962
0.2878787878787879,independent,High,35499.99999999999,High,7.35,10.393859749222333,32657.477514400023
0.3448484848484849,independent,High,35499.99999999999,High,7.35,10.410305235425668,33199.002673300216
0.40181818181818185,independent,High,35499.99999999999,High,7.35,10.42674724427214,33749.38974628727
0.4587878787878788,independent,High,35499.99999999999,High,7.35,10.443185775761746,34308.781785980325
0.5157575757575759,independent,High,35499.99999999999,High,7.35,10.45962082989449,34877.324121542246
0.5727272727272728,independent,High,35499.99999999999,High,7.35,10.476052406670368,35455.16439437345
0.6296969696969699,independent,High,35499.99999999999,High,7.35,10.492480506089382,36042.452594357484
0.6866666666666668,independent,High,35499.99999999999,High,7.35,10.508905128151532,36639.341096665084
0.7436363636363637,independent,High,35499.99999999999,High,7.35,10.525326272856816,37245.98469912675
0.8006060606060608,independent,High,35499.99999999999,High,7.35,10.541743940205237,37862.54066018182
0.8575757575757577,independent,High,35499.99999999999,High,7.35,10.558158130196794,38489.16873741228
0.9145454545454546,independent,High,35499.99999999999,High,7.35,10.574568842831486,39126.03122667095
0.9715151515151517,independent,High,35499.99999999999,High,7.35,10.590976078109314,39773.29300181331
1.0284848484848486,independent,High,35499.99999999999,High,7.35,10.607379836030278,40431.121555040605
1.0854545454545457,independent,High,35499.99999999999,High,7.35,10.623780116594379,41099.68703786545
1.1424242424242426,independent,High,35499.99999999999,High,7.35,10.640176919801613,41779.16230270758
1.1993939393939397,independent,High,35499.99999999999,High,7.35,10.656570245651984,42469.72294513113
1.2563636363636366,independent,High,35499.99999999999,High,7.35,10.67296009414549,43171.54734673098
1.3133333333333335,independent,High,35499.99999999999,High,7.35,10.689346465282132,43884.81671868041
1.3703030303030306,independent,High,35499.99999999999,High,7.35,10.705729359061909,44609.7151459477
1.4272727272727275,independent,High,35499.99999999999,High,7.35,10.722108775484823,45346.42963219386
1.4842424242424244,independent,High,35499.99999999999,High,7.35,10.738484714550872,46095.15014536012
1.5412121212121215,independent,High,35499.99999999999,High,7.35,10.754857176260057,46856.06966395734
1.5981818181818184,independent,High,35499.99999999999,High,7.35,10.771226160612377,47629.38422406588
1.6551515151515153,independent,High,35499.99999999999,High,7.35,10.787591667607835,48415.292967058704
1.7121212121212124,independent,High,35499.99999999999,High,7.35,10.803953697246426,49213.998188057
1.7690909090909093,independent,High,35499.99999999999,High,7.35,10.820312249528152,50025.705385131005
1.8260606060606064,independent,High,35499.99999999999,High,7.35,10.836667324453016,50850.62330925565
1.8830303030303033,independent,High,35499.99999999999,High,7.35,10.853018922021015,51688.964015033285
1.9400000000000002,independent,High,35499.99999999999,High,7.35,10.869367042232149,52540.9429121954
1.9969696969696973,independent,High,35499.99999999999,High,7.35,10.88571168508642,53406.77881789445
2.053939393939394,independent,High,35499.99999999999,High,7.35,10.902052850583825,54286.69400979751
2.1109090909090913,independent,High,35499.99999999999,High,7.35,10.918390538724367,55180.914279995406
2.167878787878788,independent,High,35499.99999999999,High,7.35,10.934724749508044,56089.668989737074
2.224848484848485,independent,High,35499.99999999999,High,7.35,10.951055482934857,57013.19112500417
2.281818181818182,independent,High,35499.99999999999,High,7.35,10.967382739004805,57951.71735293692
2.3387878787878793,independent,High,35499.99999999999,High,7.35,10.98370651771789,58905.48807912483
2.395757575757576,independent,High,35499.99999999999,High,7.35,11.000026819074108,59874.74750577445
2.452727272727273,independent,High,35499.99999999999,High,7.35,11.016343643073466,60859.74369076936
2.50969696969697,independent,High,35499.99999999999,High,7.35,11.032656989715957,61860.72860763232
2.566666666666667,independent,High,35499.99999999999,High,7.35,11.048966859001583,62877.95820640764
2.623636363636364,independent,High,35499.99999999999,High,7.35,11.065273250930346,63911.69247547375
2.680606060606061,independent,High,35499.99999999999,High,7.35,11.081576165502243,64962.19550430161
2.7375757575757578,independent,High,35499.99999999999,High,7.35,11.097875602717277,66029.73554717425
2.794545454545455,independent,High,35499.99999999999,High,7.35,11.114171562575446,67114.58508787904
2.851515151515152,independent,High,35499.99999999999,High,7.35,11.130464045076753,68217.0209053906
2.9084848484848487,independent,High,35499.99999999999,High,7.35,11.146753050221193,69337.32414055627
2.965454545454546,independent,High,35499.99999999999,High,7.35,11.16303857800877,70475.78036380225
3.022424242424243,independent,High,35499.99999999999,High,7.35,11.179320628439482,71632.67964387218
3.0793939393939396,independent,High,35499.99999999999,High,7.35,11.19559920151333,72808.31661761727
3.1363636363636367,independent,High,35499.99999999999,High,7.35,11.211874297230313,74002.99056085109
3.193333333333334,independent,High,35499.99999999999,High,7.35,11.228145915590433,75217.00546028664
3.2503030303030305,independent,High,35499.99999999999,High,7.35,11.244414056593689,76450.67008657058
3.3072727272727276,independent,High,35499.99999999999,High,7.35,11.26067872024008,77704.29806843266
3.3642424242424247,independent,High,35499.99999999999,High,7.35,11.276939906529606,78978.20796796585
3.421212121212122,independent,High,35499.99999999999,High,7.35,11.293197615462267,80272.72335705452
3.4781818181818185,independent,High,35499.99999999999,High,7.35,11.309451847038066,81588.17289496813
3.5351515151515156,independent,High,35499.99999999999,High,7.35,11.325702601257,82924.89040713715
3.5921212121212127,independent,High,35499.99999999999,High,7.35,11.341949878119067,84283.2149651301
3.6490909090909094,independent,High,35499.99999999999,High,7.35,11.358193677624271,85663.49096784927
3.7060606060606065,independent,High,35499.99999999999,High,7.35,11.374433999772613,87066.06822396202
3.7630303030303036,independent,High,35499.99999999999,High,7.35,11.390670844564088,88491.30203558803
3.8200000000000003,independent,High,35499.99999999999,High,7.35,11.4069042119987,89939.55328326154
3.8769696969696974,independent,High,35499.99999999999,High,7.35,11.423134102076448,91411.18851218476
3.9339393939393945,independent,High,35499.99999999999,High,7.35,11.43936051479733,92906.58001979542
3.990909090909091,independent,High,35499.99999999999,High,7.35,11.455583450161349,94426.1059446657
4.047878787878788,independent,High,35499.99999999999,High,7.35,11.471802908168504,95970.15035675345
4.1048484848484845,independent,High,35499.99999999999,High,7.35,11.488018888818793,97539.10334902501
4.161818181818182,independent,High,35499.99999999999,High,7.35,11.50423139211222,99133.36113047265
4.218787878787879,independent,High,35499.99999999999,High,7.35,11.520440418048782,100753.3261205425
4.275757575757575,independent,High,35499.99999999999,High,7.35,11.536645966628479,102399.40704500067
4.332727272727273,independent,High,35499.99999999999,High,7.35,11.552848037851312,104072.0190332534
4.38969696969697,independent,High,35499.99999999999,High,7.35,11.569046631717281,105771.58371714508
4.446666666666666,independent,High,35499.99999999999,High,7.35,11.585241748226384,107498.52933125728
4.503636363636364,independent,High,35499.99999999999,High,7.35,11.601433387378624,109253.29081473005
4.5606060606060606,independent,High,35499.99999999999,High,7.35,11.617621549174,111036.30991462717
4.617575757575758,independent,High,35499.99999999999,High,7.35,11.63380623361251,112848.0352908701
4.674545454545455,independent,High,35499.99999999999,High,7.35,11.649987440694158,114688.92262276489
4.7315151515151515,independent,High,35499.99999999999,High,7.35,11.66616517041894,116559.43471714166
4.788484848484849,independent,High,35499.99999999999,High,7.35,11.682339422786859,118460.04161813566
4.845454545454546,independent,High,35499.99999999999,High,7.35,11.698510197797912,120391.22071863111
4.902424242424242,independent,High,35499.99999999999,High,7.35,11.7146774954521,122353.4568733938
4.95939393939394,independent,High,35499.99999999999,High,7.35,11.730841315749426,124347.24251391758
5.016363636363637,independent,High,35499.99999999999,High,7.35,11.747001658689888,126373.07776500924
5.073333333333333,independent,High,35499.99999999999,High,7.35,11.763158524273484,128431.47056313988
5.130303030303031,independent,High,35499.99999999999,High,7.35,11.779311912500217,130522.93677658703
5.1872727272727275,independent,High,35499.99999999999,High,7.35,11.795461823370085,132648.00032739385
5.244242424242424,independent,High,35499.99999999999,High,7.35,11.811608256883089,134807.19331517597
5.301212121212122,independent,High,35499.99999999999,High,7.35,11.827751213039228,137001.05614279787
5.358181818181818,independent,High,35499.99999999999,High,7.35,11.843890691838503,139230.13764395178
5.415151515151515,independent,High,35499.99999999999,High,7.35,11.860026693280913,141494.99521266454
5.472121212121213,independent,High,35499.99999999999,High,7.35,11.87615921736646,143796.19493476197
5.529090909090909,independent,High,35499.99999999999,High,7.35,11.892288264095143,146134.3117213187
5.586060606060606,independent,High,35499.99999999999,High,7.35,11.908413833466959,148509.9294441251
5.6430303030303035,independent,High,35499.99999999999,High,7.35,11.924535925481912,150923.64107320056
5.7,independent,High,35499.99999999999,High,7.35,11.940654540140002,153376.04881638053
0.06,indie_label,Low,1800.0,Low,4.65,10.090812218272294,24119.375489362574
0.11696969696969697,indie_label,Low,1800.0,Low,4.65,10.107271613903087,24519.667537960515
0.17393939393939395,indie_label,Low,1800.0,Low,4.65,10.123727532177016,24926.51599034996
0.23090909090909092,indie_label,Low,1800.0,Low,4.65,10.14017997309408,25340.026777810162
0.2878787878787879,indie_label,Low,1800.0,Low,4.65,10.156628936654279,25760.3075189733
0.3448484848484849,indie_label,Low,1800.0,Low,4.65,10.173074422857615,26187.467546305845
0.40181818181818185,indie_label,Low,1800.0,Low,4.65,10.189516431704087,26621.61793299902
0.4587878787878788,indie_label,Low,1800.0,Low,4.65,10.205954963193694,27062.871520274923
0.5157575757575759,indie_label,Low,1800.0,Low,4.65,10.222390017326436,27511.342945114196
0.5727272727272728,indie_label,Low,1800.0,Low,4.65,10.238821594102316,27967.148668411926
0.6296969696969699,indie_label,Low,1800.0,Low,4.65,10.255249693521328,28430.40700356795
0.6866666666666668,indie_label,Low,1800.0,Low,4.65,10.271674315583478,28901.23814551893
0.7436363636363637,indie_label,Low,1800.0,Low,4.65,10.288095460288764,29379.7642002177
0.8006060606060608,indie_label,Low,1800.0,Low,4.65,10.304513127637184,29866.10921456788
0.8575757575757577,indie_label,Low,1800.0,Low,4.65,10.32092731762874,30360.399206819886
0.9145454545454546,indie_label,Low,1800.0,Low,4.65,10.337338030263433,30862.762197435703
0.9715151515151517,indie_label,Low,1800.0,Low,4.65,10.353745265541262,31373.328240429186
1.0284848484848486,indie_label,Low,1800.0,Low,4.65,10.370149023462226,31892.22945518966
1.0854545454545457,indie_label,Low,1800.0,Low,4.65,10.386549304026325,32419.600058795582
1.1424242424242426,indie_label,Low,1800.0,Low,4.65,10.40294610723356,32955.57639882606
1.1993939393939397,indie_label,Low,1800.0,Low,4.65,10.41933943308393,33500.29698667731
1.2563636363636366,indie_label,Low,1800.0,Low,4.65,10.435729281577437,34053.90253139272
1.3133333333333335,indie_label,Low,1800.0,Low,4.65,10.452115652714077,34616.535974012644
1.3703030303030306,indie_label,Low,1800.0,Low,4.65,10.468498546493857,35188.34252245388
1.4272727272727275,indie_label,Low,1800.0,Low,4.65,10.48487796291677,35769.46968692441
1.4842424242424244,indie_label,Low,1800.0,Low,4.65,10.50125390198282,36360.06731588421
1.5412121212121215,indie_label,Low,1800.0,Low,4.65,10.517626363692003,36960.28763255779
1.5981818181818184,indie_label,Low,1800.0,Low,4.65,10.533995348044325,37570.285272009096
1.6551515151515153,indie_label,Low,1800.0,Low,4.65,10.55036085503978,38190.21731878496
1.7121212121212124,indie_label,Low,1800.0,Low,4.65,10.566722884678372,38820.24334513828
1.7690909090909093,indie_label,Low,1800.0,Low,4.65,10.5830814369601,39460.52544983742
1.8260606060606064,indie_label,Low,1800.0,Low,4.65,10.599436511884964,40111.22829757177
1.8830303030303033,indie_label,Low,1800.0,Low,4.65,10.61578810945296,40772.51915896253
1.9400000000000002,indie_label,Low,1800.0,Low,4.65,10.632136229664095,41444.56795118781
1.9969696969696973,indie_label,Low,1800.0,Low,4.65,10.648480872518366,42127.547279230486
2.053939393939394,indie_label,Low,1800.0,Low,4.65,10.664822038015771,42821.63247775931
2.1109090909090913,indie_label,Low,1800.0,Low,4.65,10.681159726156313,43527.00165365276
2.167878787878788,indie_label,Low,1800.0,Low,4.65,10.69749393693999,44243.835729174134
2.224848484848485,indie_label,Low,1800.0,Low,4.65,10.713824670366805,44972.31848580928
2.281818181818182,indie_label,Low,1800.0,Low,4.65,10.730151926436752,45712.63660877558
2.3387878787878793,indie_label,Low,1800.0,Low,4.65,10.746475705149836,46464.97973221373
2.395757575757576,indie_label,Low,1800.0,Low,4.65,10.762796006506056,47229.54048507118
2.452727272727273,indie_label,Low,1800.0,Low,4.65,10.779112830505412,48006.51453768824
2.50969696969697,indie_label,Low,1800.0,Low,4.65,10.795426177147903,48796.10064909808
2.566666666666667,indie_label,Low,1800.0,Low,4.65,10.81173604643353,49598.50071505036
2.623636363636364,indie_label,Low,1800.0,Low,4.65,10.828042438362292,50413.9198167696
2.680606060606061,indie_label,Low,1800.0,Low,4.65,10.84434535293419,51242.56627046047
2.7375757575757578,indie_label,Low,1800.0,Low,4.65,10.860644790149225,52084.65167756905
2.794545454545455,indie_label,Low,1800.0,Low,4.65,10.876940750007394,52940.39097581375
2.851515151515152,indie_label,Low,1800.0,Low,4.65,10.893233232508699,53810.002490996005
2.9084848484848487,indie_label,Low,1800.0,Low,4.65,10.90952223765314,54693.70798960296
2.965454545454546,indie_label,Low,1800.0,Low,4.65,10.925807765440716,55591.73273221361
3.022424242424243,indie_label,Low,1800.0,Low,4.65,10.94208981587143,56504.305527722005
3.0793939393939396,indie_label,Low,1800.0,Low,4.65,10.958368388945278,57431.65878838666
3.1363636363636367,indie_label,Low,1800.0,Low,4.65,10.974643484662261,58374.02858572277
3.193333333333334,indie_label,Low,1800.0,Low,4.65,10.990915103022381,59331.6547072462
3.2503030303030305,indie_label,Low,1800.0,Low,4.65,11.007183244025635,60304.78071408357
3.3072727272727276,indie_label,Low,1800.0,Low,4.65,11.023447907672026,61293.65399946251
3.3642424242424247,indie_label,Low,1800.0,Low,4.65,11.039709093961552,62298.525848092584
3.421212121212122,indie_label,Low,1800.0,Low,4.65,11.055966802894215,63319.65149645313
3.4781818181818185,indie_label,Low,1800.0,Low,4.65,11.072221034470012,64357.29019399922
3.5351515151515156,indie_label,Low,1800.0,Low,4.65,11.088471788688945,65411.705265301905
3.5921212121212127,indie_label,Low,1800.0,Low,4.65,11.104719065551015,66483.16417313386
3.6490909090909094,indie_label,Low,1800.0,Low,4.65,11.12096286505622,67571.93858251744
3.7060606060606065,indie_label,Low,1800.0,Low,4.65,11.137203187204559,68678.30442574767
3.7630303030303036,indie_label,Low,1800.0,Low,4.65,11.153440031996036,69802.54196840565
3.8200000000000003,indie_label,Low,1800.0,Low,4.65,11.169673399430646,70944.93587637639
3.8769696969696974,indie_label,Low,1800.0,Low,4.65,11.185903289508396,72105.77528388808
3.9339393939393945,indie_label,Low,1800.0,Low,4.65,11.202129702229279,73285.35386258434
3.990909090909091,indie_label,Low,1800.0,Low,4.65,11.218352637593297,74483.96989164985
4.047878787878788,indie_label,Low,1800.0,Low,4.65,11.23457209560045,75701.92632900068
4.1048484848484845,indie_label,Low,1800.0,Low,4.65,11.25078807625074,76939.53088355788
4.161818181818182,indie_label,Low,1800.0,Low,4.65,11.267000579544167,78197.09608861912
4.218787878787879,indie_label,Low,1800.0,Low,4.65,11.283209605480728,79474.93937634613
4.275757575757575,indie_label,Low,1800.0,Low,4.65,11.299415154060426,80773.3831533835
4.332727272727273,indie_label,Low,1800.0,Low,4.65,11.315617225283258,82092.75487762559
4.38969696969697,indie_label,Low,1800.0,Low,4.65,11.331815819149227,83433.38713615066
4.446666666666666,indie_label,Low,1800.0,Low,4.65,11.34801093565833,84795.61772433622
4.503636363636364,indie_label,Low,1800.0,Low,4.65,11.364202574810571,86179.78972617755
4.5606060606060606,indie_label,Low,1800.0,Low,4.65,11.380390736605946,87586.2515958221
4.617575757575758,indie_label,Low,1800.0,Low,4.65,11.396575421044458,89015.3572403442
4.674545454545455,indie_label,Low,1800.0,Low,4.65,11.412756628126104,90467.46610377202
4.7315151515151515,indie_label,Low,1800.0,Low,4.65,11.428934357850887,91942.94325239144
4.788484848484849,indie_label,Low,1800.0,Low,4.65,11.445108610218805,93442.15946134058
4.845454545454546,indie_label,Low,1800.0,Low,4.65,11.46127938522986,94965.49130251864
4.902424242424242,indie_label,Low,1800.0,Low,4.65,11.477446682884048,96513.32123382518
4.95939393939394,indie_label,Low,1800.0,Low,4.65,11.493610503181374,98086.037689753
5.016363636363637,indie_label,Low,1800.0,Low,4.65,11.509770846121835,99684.03517335087
5.073333333333333,indie_label,Low,1800.0,Low,4.65,11.525927711705432,101307.71434958016
5.130303030303031,indie_label,Low,1800.0,Low,4.65,11.542081099932163,102957.48214008393
5.1872727272727275,indie_label,Low,1800.0,Low,4.65,11.558231010802032,104633.75181939043
5.244242424242424,indie_label,Low,1800.0,Low,4.65,11.574377444315035,106336.94311257103
5.301212121212122,indie_label,Low,1800.0,Low,4.65,11.590520400471174,108067.48229437739
5.358181818181818,indie_label,Low,1800.0,Low,4.65,11.606659879270449,109825.80228987505
5.415151515151515,indie_label,Low,1800.0,Low,4.65,11.62279588071286,111612.34277660056
5.472121212121213,indie_label,Low,1800.0,Low,4.65,11.638928404798406,113427.55028826065
5.529090909090909,indie_label,Low,1800.0,Low,4.65,11.655057451527089,115271.87832000075
5.586060606060606,indie_label,Low,1800.0,Low,4.65,11.671183020898907,117145.78743526069
5.6430303030303035,indie_label,Low,1800.0,Low,4.65,11.68730511291386,119049.7453742466
5.7,indie_label,Low,1800.0,Low,4.65,11.703423727571948,120984.22716403937
0.06,indie_label,Low,1800.0,Medium,6.0,10.155153023131149,25722.314101228872
0.11696969696969697,indie_label,Low,1800.0,Medium,6.0,10.171612418761942,26149.207874207255
0.17393939393939395,indie_label,Low,1800.0,Medium,6.0,10.18806833703587,26583.093761971642
0.23090909090909092,indie_label,Low,1800.0,Medium,6.0,10.204520777952936,27024.08473554822
0.2878787878787879,indie_label,Low,1800.0,Medium,6.0,10.220969741513136,27472.29556545028
0.3448484848484849,indie_label,Low,1800.0,Medium,6.0,10.237415227716472,27927.842849919813
0.40181818181818185,indie_label,Low,1800.0,Medium,6.0,10.253857236562942,28390.84504360467
0.4587878787878788,indie_label,Low,1800.0,Medium,6.0,10.270295768052549,28861.422486679625
0.5157575757575759,indie_label,Low,1800.0,Medium,6.0,10.286730822185291,29339.6974344164
0.5727272727272728,indie_label,Low,1800.0,Medium,6.0,10.30316239896117,29825.79408721089
0.6296969696969699,indie_label,Low,1800.0,Medium,6.0,10.319590498380183,30319.838621073395
0.6866666666666668,indie_label,Low,1800.0,Medium,6.0,10.336015120442333,30821.959218590073
0.7436363636363637,indie_label,Low,1800.0,Medium,6.0,10.35243626514762,31332.28610036139
0.8006060606060608,indie_label,Low,1800.0,Medium,6.0,10.368853932496041,31850.951556925844
0.8575757575757577,indie_label,Low,1800.0,Medium,6.0,10.385268122487597,32378.089981176316
0.9145454545454546,indie_label,Low,1800.0,Medium,6.0,10.40167883512229,32913.83790127575
0.9715151515151517,indie_label,Low,1800.0,Medium,6.0,10.418086070400117,33458.334014080196
1.0284848484848486,indie_label,Low,1800.0,Medium,6.0,10.43448982832108,34011.7192190775
1.0854545454545457,indie_label,Low,1800.0,Medium,6.0,10.45089010888518,34574.13665284807
1.1424242424242426,indie_label,Low,1800.0,Medium,6.0,10.467286912092415,35145.731724057114
1.1993939393939397,indie_label,Low,1800.0,Medium,6.0,10.483680237942785,35726.65214898513
1.2563636363636366,indie_label,Low,1800.0,Medium,6.0,10.500070086436292,36317.04798760616
1.3133333333333335,indie_label,Low,1800.0,Medium,6.0,10.516456457572934,36917.07168022041
1.3703030303030306,indie_label,Low,1800.0,Medium,6.0,10.532839351352713,37526.8780846514
1.4272727272727275,indie_label,Low,1800.0,Medium,6.0,10.549218767775626,38146.624514014584
1.4842424242424244,indie_label,Low,1800.0,Medium,6.0,10.565594706841676,38776.47077506778
1.5412121212121215,indie_label,Low,1800.0,Medium,6.0,10.58196716855086,39416.57920715013
1.5981818181818184,indie_label,Low,1800.0,Medium,6.0,10.59833615290318,40067.11472172089
1.6551515151515153,indie_label,Low,1800.0,Medium,6.0,10.614701659898635,40728.24484250471
1.7121212121212124,indie_label,Low,1800.0,Medium,6.0,10.631063689537228,41400.13974625463
1.7690909090909093,indie_label,Low,1800.0,Medium,6.0,10.647422241818955,42082.972304140545
1.8260606060606064,indie_label,Low,1800.0,Medium,6.0,10.663777316743818,42776.91812377409
1.8830303030303033,indie_label,Low,1800.0,Medium,6.0,10.680128914311817,43482.155591877796
1.9400000000000002,indie_label,Low,1800.0,Medium,6.0,10.696477034522951,44198.86591760993
1.9969696969696973,indie_label,Low,1800.0,Medium,6.0,10.712821677377223,44927.23317655397
2.053939393939394,indie_label,Low,1800.0,Medium,6.0,10.729162842874628,45667.44435538262
2.1109090909090913,indie_label,Low,1800.0,Medium,6.0,10.74550053101517,46419.68939720771
2.167878787878788,indie_label,Low,1800.0,Medium,6.0,10.761834741798847,47184.16124762448
2.224848484848485,indie_label,Low,1800.0,Medium,6.0,10.77816547522566,47961.05590146256
2.281818181818182,indie_label,Low,1800.0,Medium,6.0,10.794492731295609,48750.57245025322
2.3387878787878793,indie_label,Low,1800.0,Medium,6.0,10.810816510008692,49552.91313042356
2.395757575757576,indie_label,Low,1800.0,Medium,6.0,10.827136811364912,50368.28337223002
2.452727272727273,indie_label,Low,1800.0,Medium,6.0,10.843453635364268,51196.89184944
2.50969696969697,indie_label,Low,1800.0,Medium,6.0,10.859766982006759,52038.95052977523
2.566666666666667,indie_label,Low,1800.0,Medium,6.0,10.876076851292385,52894.67472612689
2.623636363636364,indie_label,Low,1800.0,Medium,6.0,10.892383243221149,53764.28314855459
2.680606060606061,indie_label,Low,1800.0,Medium,6.0,10.908686157793046,54647.99795708059
2.7375757575757578,indie_label,Low,1800.0,Medium,6.0,10.92498559500808,55546.04481529257
2.794545454545455,indie_label,Low,1800.0,Medium,6.0,10.94128155486625,56458.65294476484
2.851515151515152,indie_label,Low,1800.0,Medium,6.0,10.957574037367555,57386.055180312294
2.9084848484848487,indie_label,Low,1800.0,Medium,6.0,10.973863042511995,58328.48802608919
2.965454545454546,indie_label,Low,1800.0,Medium,6.0,10.990148570299572,59286.19171254461
3.022424242424243,indie_label,Low,1800.0,Medium,6.0,11.006430620730285,60259.41025424803
3.0793939393939396,indie_label,Low,1800.0,Medium,6.0,11.022709193804133,61248.391508598565
3.1363636363636367,indie_label,Low,1800.0,Medium,6.0,11.038984289521117,62253.38723543049
3.193333333333334,indie_label,Low,1800.0,Medium,6.0,11.055255907881236,63274.65315752816
3.2503030303030305,indie_label,Low,1800.0,Medium,6.0,11.071524048884491,64312.44902206578
3.3072727272727276,indie_label,Low,1800.0,Medium,6.0,11.087788712530882,65367.03866298306
3.3642424242424247,indie_label,Low,1800.0,Medium,6.0,11.104049898820408,66438.69006431359
3.421212121212122,indie_label,Low,1800.0,Medium,6.0,11.12030760775307,67527.6754244785
3.4781818181818185,indie_label,Low,1800.0,Medium,6.0,11.136561839328868,68634.27122156062
3.5351515151515156,indie_label,Low,1800.0,Medium,6.0,11.1528125935478,69758.75827957292
3.5921212121212127,indie_label,Low,1800.0,Medium,6.0,11.169059870409871,70901.42183573851
3.6490909090909094,indie_label,Low,1800.0,Medium,6.0,11.185303669915076,72062.55160879304
3.7060606060606065,indie_label,Low,1800.0,Medium,6.0,11.201543992063415,73242.44186833038
3.7630303030303036,indie_label,Low,1800.0,Medium,6.0,11.217780836854892,74441.39150520228
3.8200000000000003,indie_label,Low,1800.0,Medium,6.0,11.234014204289503,75659.70410299006
3.8769696969696974,indie_label,Low,1800.0,Medium,6.0,11.25024409436725,76897.68801056535
3.9339393939393945,indie_label,Low,1800.0,Medium,6.0,11.266470507088133,78155.65641575317
3.990909090909091,indie_label,Low,1800.0,Medium,6.0,11.282693442452153,79433.92742011712
4.047878787878788,indie_label,Low,1800.0,Medium,6.0,11.298912900459307,80732.82411488068
4.1048484848484845,indie_label,Low,1800.0,Medium,6.0,11.315128881109597,82052.67465800454
4.161818181818182,indie_label,Low,1800.0,Medium,6.0,11.331341384403023,83393.81235243358
4.218787878787879,indie_label,Low,1800.0,Medium,6.0,11.347550410339585,84756.57572553468
4.275757575757575,indie_label,Low,1800.0,Medium,6.0,11.363755958919281,86141.3086097406
4.332727272727273,indie_label,Low,1800.0,Medium,6.0,11.379958030142115,87548.36022441924
4.38969696969697,indie_label,Low,1800.0,Medium,6.0,11.396156624008082,88978.08525898536
4.446666666666666,indie_label,Low,1800.0,Medium,6.0,11.412351740517186,90430.84395727579
4.503636363636364,indie_label,Low,1800.0,Medium,6.0,11.428543379669428,91907.00220320334
4.5606060606060606,indie_label,Low,1800.0,Medium,6.0,11.444731541464801,93406.93160771116
4.617575757575758,indie_label,Low,1800.0,Medium,6.0,11.460916225903313,94931.00959704815
4.674545454545455,indie_label,Low,1800.0,Medium,6.0,11.47709743298496,96479.61950237943
4.7315151515151515,indie_label,Low,1800.0,Medium,6.0,11.493275162709743,98053.150650759
4.788484848484849,indie_label,Low,1800.0,Medium,6.0,11.509449415077661,99651.9984574799
4.845454545454546,indie_label,Low,1800.0,Medium,6.0,11.525620190088715,101276.56451982431
4.902424242424242,indie_label,Low,1800.0,Medium,6.0,11.541787487742905,102927.2567122342
4.95939393939394,indie_label,Low,1800.0,Medium,6.0,11.55795130804023,104604.48928292302
5.016363636363637,indie_label,Low,1800.0,Medium,6.0,11.57411165098069,106308.68295195131
5.073333333333333,indie_label,Low,1800.0,Medium,6.0,11.590268516564286,108040.26501078742
5.130303030303031,indie_label,Low,1800.0,Medium,6.0,11.60642190479102,109799.66942337375
5.1872727272727275,indie_label,Low,1800.0,Medium,6.0,11.622571815660887,111587.33692872326
5.244242424242424,indie_label,Low,1800.0,Medium,6.0,11.638718249173891,113403.71514506941
5.301212121212122,indie_label,Low,1800.0,Medium,6.0,11.65486120533003,115249.25867558869
5.358181818181818,indie_label,Low,1800.0,Medium,6.0,11.671000684129305,117124.42921572413
5.415151515151515,indie_label,Low,1800.0,Medium,6.0,11.687136685571716,119029.69566213018
5.472121212121213,indie_label,Low,1800.0,Medium,6.0,11.703269209657261,120965.53422326432
5.529090909090909,indie_label,Low,1800.0,Medium,6.0,11.719398256385944,122932.42853164996
5.586060606060606,indie_label,Low,1800.0,Medium,6.0,11.735523825757761,124930.86975783425
5.6430303030303035,indie_label,Low,1800.0,Medium,6.0,11.751645917772716,126961.35672606855
5.7,indie_label,Low,1800.0,Medium,6.0,11.767764532430803,129024.39603173305
0.06,indie_label,Low,1800.0,High,7.35,10.219493827990005,27431.77726510914
0.11696969696969697,indie_label,Low,1800.0,High,7.35,10.235953223620799,27887.040601081026
0.17393939393939395,indie_label,Low,1800.0,High,7.35,10.252409141894727,28349.760718351838
0.23090909090909092,indie_label,Low,1800.0,High,7.35,10.268861582811791,28820.05809552652
0.2878787878787879,indie_label,Low,1800.0,High,7.35,10.285310546371992,29298.05513028368
0.3448484848484849,indie_label,Low,1800.0,High,7.35,10.301756032575327,29783.87616949338
0.40181818181818185,indie_label,Low,1800.0,High,7.35,10.318198041421798,30277.647539800913
0.4587878787878788,indie_label,Low,1800.0,High,7.35,10.334636572911405,30779.4975786823
0.5157575757575759,indie_label,Low,1800.0,High,7.35,10.351071627044147,31289.556665979995
0.5727272727272728,indie_label,Low,1800.0,High,7.35,10.367503203820027,31807.957255925336
0.6296969696969699,indie_label,Low,1800.0,High,7.35,10.38393130323904,32334.833909655084
0.6866666666666668,indie_label,Low,1800.0,High,7.35,10.40035592530119,32870.32332823045
0.7436363636363637,indie_label,Low,1800.0,High,7.35,10.416777070006475,33414.56438616473
0.8006060606060608,indie_label,Low,1800.0,High,7.35,10.433194737354896,33967.69816546882
0.8575757575757577,indie_label,Low,1800.0,High,7.35,10.449608927346453,34529.86799022148
0.9145454545454546,indie_label,Low,1800.0,High,7.35,10.466019639981145,35101.21946167241
0.9715151515151517,indie_label,Low,1800.0,High,7.35,10.482426875258973,35681.90049388707
1.0284848484848486,indie_label,Low,1800.0,High,7.35,10.498830633179937,36272.06134993993
1.0854545454545457,indie_label,Low,1800.0,High,7.35,10.515230913744036,36871.85467866601
1.1424242424242426,indie_label,Low,1800.0,High,7.35,10.531627716951272,37481.43555197823
1.1993939393939397,indie_label,Low,1800.0,High,7.35,10.548021042801642,38100.96150275926
1.2563636363636366,indie_label,Low,1800.0,High,7.35,10.564410891295148,38730.59256333727
1.3133333333333335,indie_label,Low,1800.0,High,7.35,10.58079726243179,39370.49130455308
1.3703030303030306,indie_label,Low,1800.0,High,7.35,10.597180156211568,40020.822875429134
1.4272727272727275,indie_label,Low,1800.0,High,7.35,10.613559572634482,40681.755043448524
1.4842424242424244,indie_label,Low,1800.0,High,7.35,10.62993551170053,41353.45823545311
1.5412121212121215,indie_label,Low,1800.0,High,7.35,10.646307973409716,42036.10557917141
1.5981818181818184,indie_label,Low,1800.0,High,7.35,10.662676957762036,42729.87294538377
1.6551515151515153,indie_label,Low,1800.0,High,7.35,10.679042464757492,43434.93899073641
1.7121212121212124,indie_label,Low,1800.0,High,7.35,10.695404494396083,44151.48520121288
1.7690909090909093,indie_label,Low,1800.0,High,7.35,10.711763046677811,44879.6959362735
1.8260606060606064,indie_label,Low,1800.0,High,7.35,10.728118121602675,45619.758473672264
1.8830303030303033,indie_label,Low,1800.0,High,7.35,10.744469719170674,46371.863054962356
1.9400000000000002,indie_label,Low,1800.0,High,7.35,10.760817839381808,47136.20293169987
1.9969696969696973,indie_label,Low,1800.0,High,7.35,10.777162482236077,47912.97441235652
2.053939393939394,indie_label,Low,1800.0,High,7.35,10.793503647733484,48702.376909952356
2.1109090909090913,indie_label,Low,1800.0,High,7.35,10.809841335874026,49504.61299041854
2.167878787878788,indie_label,Low,1800.0,High,7.35,10.826175546657701,50319.88842170229
2.224848484848485,indie_label,Low,1800.0,High,7.35,10.842506280084516,51148.41222362478
2.281818181818182,indie_label,Low,1800.0,High,7.35,10.858833536154464,51990.39671850193
2.3387878787878793,indie_label,Low,1800.0,High,7.35,10.875157314867547,52846.057582542686
2.395757575757576,indie_label,Low,1800.0,High,7.35,10.891477616223767,53715.61389803339
2.452727272727273,indie_label,Low,1800.0,High,7.35,10.907794440223123,54599.28820632155
2.50969696969697,indie_label,Low,1800.0,High,7.35,10.924107786865616,55497.30656161144
2.566666666666667,indie_label,Low,1800.0,High,7.35,10.940417656151242,56409.89858558234
2.623636363636364,indie_label,Low,1800.0,High,7.35,10.956724048080003,57337.297522843684
2.680606060606061,indie_label,Low,1800.0,High,7.35,10.973026962651902,58279.740297237855
2.7375757575757578,indie_label,Low,1800.0,High,7.35,10.989326399866936,59237.46756900426
2.794545454545455,indie_label,Low,1800.0,High,7.35,11.005622359725105,60210.723792818055
2.851515151515152,indie_label,Low,1800.0,High,7.35,11.021914842226412,61199.757276716016
2.9084848484848487,indie_label,Low,1800.0,High,7.35,11.038203847370852,62204.82024192257
2.965454545454546,indie_label,Low,1800.0,High,7.35,11.054489375158429,63226.1688835912
3.022424242424243,indie_label,Low,1800.0,High,7.35,11.070771425589141,64264.063432472394
3.0793939393939396,indie_label,Low,1800.0,High,7.35,11.08704999866299,65318.76821752458
3.1363636363636367,indie_label,Low,1800.0,High,7.35,11.103325094379972,66390.55172948063
3.193333333333334,indie_label,Low,1800.0,High,7.35,11.119596712740092,67479.68668538495
3.2503030303030305,indie_label,Low,1800.0,High,7.35,11.135864853743346,68586.45009411496
3.3072727272727276,indie_label,Low,1800.0,High,7.35,11.152129517389739,69711.12332290378
3.3642424242424247,indie_label,Low,1800.0,High,7.35,11.168390703679265,70853.99216487535
3.421212121212122,indie_label,Low,1800.0,High,7.35,11.184648412611926,72015.34690761208
3.4781818181818185,indie_label,Low,1800.0,High,7.35,11.200902644187725,73195.48240276624
3.5351515151515156,indie_label,Low,1800.0,High,7.35,11.217153398406657,74394.69813673249
3.5921212121212127,indie_label,Low,1800.0,High,7.35,11.233400675268726,75613.29830239882
3.6490909090909094,indie_label,Low,1800.0,High,7.35,11.24964447477393,76851.59187198867
3.7060606060606065,indie_label,Low,1800.0,High,7.35,11.265884796922272,78109.89267101428
3.7630303030303036,indie_label,Low,1800.0,High,7.35,11.282121641713747,79388.51945335472
3.8200000000000003,indie_label,Low,1800.0,High,7.35,11.29835500914836,80687.79597747863
3.8769696969696974,indie_label,Low,1800.0,High,7.35,11.314584899226107,82008.05108382512
3.9339393939393945,indie_label,Low,1800.0,High,7.35,11.33081131194699,83349.61877336376
3.990909090909091,indie_label,Low,1800.0,High,7.35,11.347034247311008,84712.83828734871
4.047878787878788,indie_label,Low,1800.0,High,7.35,11.363253705318161,86098.05418828633
4.1048484848484845,indie_label,Low,1800.0,High,7.35,11.379469685968452,87505.61644213373
4.161818181818182,indie_label,Low,1800.0,High,7.35,11.395682189261878,88935.88050174635
4.218787878787879,indie_label,Low,1800.0,High,7.35,11.411891215198441,90389.20739159486
4.275757575757575,indie_label,Low,1800.0,High,7.35,11.428096763778138,91865.9637937677
4.332727272727273,indie_label,Low,1800.0,High,7.35,11.444298835000971,93366.52213528201
4.38969696969697,indie_label,Low,1800.0,High,7.35,11.460497428866939,94891.26067671782
4.446666666666666,indie_label,Low,1800.0,High,7.35,11.476692545376043,96440.5636022008
4.503636363636364,indie_label,Low,1800.0,High,7.35,11.492884184528283,98014.82111074809
4.5606060606060606,indie_label,Low,1800.0,High,7.35,11.509072346323657,99614.42950900225
4.617575757575758,indie_label,Low,1800.0,High,7.35,11.52525703076217,101239.79130537124
4.674545454545455,indie_label,Low,1800.0,High,7.35,11.541438237843817,102891.31530559581
4.7315151515151515,indie_label,Low,1800.0,High,7.35,11.557615967568598,104569.41670976678
4.788484848484849,indie_label,Low,1800.0,High,7.35,11.573790219936518,106274.51721081352
4.845454545454546,indie_label,Low,1800.0,High,7.35,11.589960994947571,108007.04509448231
4.902424242424242,indie_label,Low,1800.0,High,7.35,11.60612829260176,109767.43534083344
4.95939393939394,indie_label,Low,1800.0,High,7.35,11.622292112899085,111556.12972727313
5.016363636363637,indie_label,Low,1800.0,High,7.35,11.638452455839547,113373.57693314595
5.073333333333333,indie_label,Low,1800.0,High,7.35,11.654609321423143,115220.23264591201
5.130303030303031,indie_label,Low,1800.0,High,7.35,11.670762709649875,117096.5596689304
5.1872727272727275,indie_label,Low,1800.0,High,7.35,11.686912620519744,119003.02803087405
5.244242424242424,indie_label,Low,1800.0,High,7.35,11.703059054032746,120940.11509679895
5.301212121212122,indie_label,Low,1800.0,High,7.35,11.719202010188887,122908.30568089579
5.358181818181818,indie_label,Low,1800.0,High,7.35,11.735341488988162,124908.09216094241
5.415151515151515,indie_label,Low,1800.0,High,7.35,11.751477490430572,126939.97459449114
5.472121212121213,indie_label,Low,1800.0,High,7.35,11.767610014516118,129004.46083680878
5.529090909090909,indie_label,Low,1800.0,High,7.35,11.7837390612448,131102.06666060022
5.586060606060606,indie_label,Low,1800.0,High,7.35,11.799864630616618,133233.31587753943
5.6430303030303035,indie_label,Low,1800.0,High,7.35,11.815986722631571,135398.74046163727
5.7,indie_label,Low,1800.0,High,7.35,11.832105337289661,137598.8806744712
0.06,indie_label,Medium,8000.0000000000055,Low,4.65,10.383642209663932,32325.487178931067
0.11696969696969697,indie_label,Medium,8000.0000000000055,Low,4.65,10.400101605294726,32861.96455601569
0.17393939393939395,indie_label,Medium,8000.0000000000055,Low,4.65,10.416557523568652,33407.228923302755
0.23090909090909092,indie_label,Medium,8000.0000000000055,Low,4.65,10.433009964485718,33961.422251473734
0.2878787878787879,indie_label,Medium,8000.0000000000055,Low,4.65,10.449458928045917,34524.68877262526
0.3448484848484849,indie_label,Medium,8000.0000000000055,Low,4.65,10.465904414249254,35097.175015760535
0.40181818181818185,indie_label,Medium,8000.0000000000055,Low,4.65,10.482346423095724,35679.02984282791
0.4587878787878788,indie_label,Medium,8000.0000000000055,Low,4.65,10.498784954585332,36270.40448531738
0.5157575757575759,indie_label,Medium,8000.0000000000055,Low,4.65,10.515220008718074,36871.45258142091
0.5727272727272728,indie_label,Medium,8000.0000000000055,Low,4.65,10.531651585493952,37482.33021376806
0.6296969696969699,indie_label,Medium,8000.0000000000055,Low,4.65,10.548079684912967,38103.19594774306
0.6866666666666668,indie_label,Medium,8000.0000000000055,Low,4.65,10.564504306975117,38734.21087039351
0.7436363636363637,indie_label,Medium,8000.0000000000055,Low,4.65,10.580925451680402,39375.538629939634
0.8006060606060608,indie_label,Medium,8000.0000000000055,Low,4.65,10.597343119028823,40027.34547589283
0.8575757575757577,indie_label,Medium,8000.0000000000055,Low,4.65,10.613757309020379,40689.800299792856
0.9145454545454546,indie_label,Medium,8000.0000000000055,Low,4.65,10.630168021655072,41363.074676573335
0.9715151515151517,indie_label,Medium,8000.0000000000055,Low,4.65,10.646575256932898,42047.34290656434
1.0284848484848486,indie_label,Medium,8000.0000000000055,Low,4.65,10.662979014853864,42742.78205814329
1.0854545454545457,indie_label,Medium,8000.0000000000055,Low,4.65,10.679379295417963,43449.57201104143
1.1424242424242426,indie_label,Medium,8000.0000000000055,Low,4.65,10.695776098625197,44167.89550031899
1.1993939393939397,indie_label,Medium,8000.0000000000055,Low,4.65,10.712169424475569,44897.93816101641
1.2563636363636366,indie_label,Medium,8000.0000000000055,Low,4.65,10.728559272969076,45639.88857349321
1.3133333333333335,indie_label,Medium,8000.0000000000055,Low,4.65,10.744945644105716,46393.93830946486
1.3703030303030306,indie_label,Medium,8000.0000000000055,Low,4.65,10.761328537885495,47160.28197874838
1.4272727272727275,indie_label,Medium,8000.0000000000055,Low,4.65,10.777707954308408,47939.1172767258
1.4842424242424244,indie_label,Medium,8000.0000000000055,Low,4.65,10.794083893374456,48730.645032539294
1.5412121212121215,indie_label,Medium,8000.0000000000055,Low,4.65,10.810456355083641,49535.069258026226
1.5981818181818184,indie_label,Medium,8000.0000000000055,Low,4.65,10.826825339435961,50352.597197406576
1.6551515151515153,indie_label,Medium,8000.0000000000055,Low,4.65,10.843190846431419,51183.439377734525
1.7121212121212124,indie_label,Medium,8000.0000000000055,Low,4.65,10.85955287607001,52027.80966012442
1.7690909090909093,indie_label,Medium,8000.0000000000055,Low,4.65,10.875911428351737,52885.92529176464
1.8260606060606064,indie_label,Medium,8000.0000000000055,Low,4.65,10.8922665032766,53758.00695872935
1.8830303030303033,indie_label,Medium,8000.0000000000055,Low,4.65,10.908618100844599,54644.2788396013
1.9400000000000002,indie_label,Medium,8000.0000000000055,Low,4.65,10.924966221055733,55544.96865991806
1.9969696969696973,indie_label,Medium,8000.0000000000055,Low,4.65,10.941310863910005,56460.307747453546
2.053939393939394,indie_label,Medium,8000.0000000000055,Low,4.65,10.95765202940741,57390.53108834734
2.1109090909090913,indie_label,Medium,8000.0000000000055,Low,4.65,10.973989717547951,58335.87738409589
2.167878787878788,indie_label,Medium,8000.0000000000055,Low,4.65,10.990323928331629,59296.58910941634
2.224848484848485,indie_label,Medium,8000.0000000000055,Low,4.65,11.006654661758441,60272.912570998495
2.281818181818182,indie_label,Medium,8000.0000000000055,Low,4.65,11.022981917828389,61265.0979671568
2.3387878787878793,indie_label,Medium,8000.0000000000055,Low,4.65,11.039305696541474,62273.39944839654
2.395757575757576,indie_label,Medium,8000.0000000000055,Low,4.65,11.055625997897694,63298.07517890746
2.452727272727273,indie_label,Medium,8000.0000000000055,Low,4.65,11.07194282189705,64339.38739899974
2.50969696969697,indie_label,Medium,8000.0000000000055,Low,4.65,11.08825616853954,65397.6024884957
2.566666666666667,indie_label,Medium,8000.0000000000055,Low,4.65,11.104566037825167,66472.99103109183
2.623636363636364,indie_label,Medium,8000.0000000000055,Low,4.65,11.12087242975393,67565.827879706
2.680606060606061,indie_label,Medium,8000.0000000000055,Low,4.65,11.13717534432583,68676.39222282404
2.7375757575757578,indie_label,Medium,8000.0000000000055,Low,4.65,11.153474781540861,69804.96765186172
2.794545454545455,indie_label,Medium,8000.0000000000055,Low,4.65,11.169770741399033,70951.84222955717
2.851515151515152,indie_label,Medium,8000.0000000000055,Low,4.65,11.186063223900337,72117.3085594071
2.9084848484848487,indie_label,Medium,8000.0000000000055,Low,4.65,11.202352229044777,73301.66385616706
2.965454545454546,indie_label,Medium,8000.0000000000055,Low,4.65,11.218637756832354,74505.21001742694
3.022424242424243,indie_label,Medium,8000.0000000000055,Low,4.65,11.234919807263067,75728.25369628053
3.0793939393939396,indie_label,Medium,8000.0000000000055,Low,4.65,11.251198380336916,76971.10637510553
3.1363636363636367,indie_label,Medium,8000.0000000000055,Low,4.65,11.2674734760539,78234.08444046909
3.193333333333334,indie_label,Medium,8000.0000000000055,Low,4.65,11.283745094414018,79517.50925917829
3.2503030303030305,indie_label,Medium,8000.0000000000055,Low,4.65,11.300013235417273,80821.70725549014
3.3072727272727276,indie_label,Medium,8000.0000000000055,Low,4.65,11.316277899063664,82147.00998949973
3.3642424242424247,indie_label,Medium,8000.0000000000055,Low,4.65,11.33253908535319,83493.75423672484
3.421212121212122,indie_label,Medium,8000.0000000000055,Low,4.65,11.348796794285853,84862.28206890401
3.4781818181818185,indie_label,Medium,8000.0000000000055,Low,4.65,11.36505102586165,86252.94093602568
3.5351515151515156,indie_label,Medium,8000.0000000000055,Low,4.65,11.381301780080584,87666.08374960958
3.5921212121212127,indie_label,Medium,8000.0000000000055,Low,4.65,11.397549056942653,89102.06896725499
3.6490909090909094,indie_label,Medium,8000.0000000000055,Low,4.65,11.413792856447857,90561.26067847891
3.7060606060606065,indie_label,Medium,8000.0000000000055,Low,4.65,11.430033178596197,92044.02869186088
3.7630303030303036,indie_label,Medium,8000.0000000000055,Low,4.65,11.446270023387674,93550.74862351507
3.8200000000000003,indie_label,Medium,8000.0000000000055,Low,4.65,11.462503390822285,95081.80198690869
3.8769696969696974,indie_label,Medium,8000.0000000000055,Low,4.65,11.478733280900034,96637.57628404905
3.9339393939393945,indie_label,Medium,8000.0000000000055,Low,4.65,11.494959693620917,98218.46509805539
3.990909090909091,indie_label,Medium,8000.0000000000055,Low,4.65,11.511182628984933,99824.86818714208
4.047878787878788,indie_label,Medium,8000.0000000000055,Low,4.65,11.527402086992089,101457.19158002982
4.1048484848484845,indie_label,Medium,8000.0000000000055,Low,4.65,11.54361806764238,103115.84767280599
4.161818181818182,indie_label,Medium,8000.0000000000055,Low,4.65,11.559830570935805,104801.25532726022
4.218787878787879,indie_label,Medium,8000.0000000000055,Low,4.65,11.576039596872366,106513.83997071271
4.275757575757575,indie_label,Medium,8000.0000000000055,Low,4.65,11.592245145452063,108254.03369735963
4.332727272727273,indie_label,Medium,8000.0000000000055,Low,4.65,11.608447216674897,110022.2753711582
4.38969696969697,indie_label,Medium,8000.0000000000055,Low,4.65,11.624645810540866,111819.01073027335
4.446666666666666,indie_label,Medium,8000.0000000000055,Low,4.65,11.640840927049968,113644.69249311113
4.503636363636364,indie_label,Medium,8000.0000000000055,Low,4.65,11.65703256620221,115499.78046596181
4.5606060606060606,indie_label,Medium,8000.0000000000055,Low,4.65,11.673220727997585,117384.74165227383
4.617575757575758,indie_label,Medium,8000.0000000000055,Low,4.65,11.689405412436095,119300.05036358931
4.674545454545455,indie_label,Medium,8000.0000000000055,Low,4.65,11.705586619517742,121246.18833215944
4.7315151515151515,indie_label,Medium,8000.0000000000055,Low,4.65,11.721764349242525,123223.6448252678
4.788484848484849,indie_label,Medium,8000.0000000000055,Low,4.65,11.737938601610443,125232.91676128775
4.845454545454546,indie_label,Medium,8000.0000000000055,Low,4.65,11.754109376621496,127274.508827498
4.902424242424242,indie_label,Medium,8000.0000000000055,Low,4.65,11.770276674275687,129348.93359968357
4.95939393939394,indie_label,Medium,8000.0000000000055,Low,4.65,11.786440494573013,131456.71166354773
5.016363636363637,indie_label,Medium,8000.0000000000055,Low,4.65,11.802600837513474,133598.37173796372
5.073333333333333,indie_label,Medium,8000.0000000000055,Low,4.65,11.818757703097068,135774.45080009176
5.130303030303031,indie_label,Medium,8000.0000000000055,Low,4.65,11.834911091323802,137985.494212391
5.1872727272727275,indie_label,Medium,8000.0000000000055,Low,4.65,11.851061002193669,140232.05585155054
5.244242424242424,indie_label,Medium,8000.0000000000055,Low,4.65,11.867207435706673,142514.6982393756
5.301212121212122,indie_label,Medium,8000.0000000000055,Low,4.65,11.883350391862813,144833.99267564891
5.358181818181818,indie_label,Medium,8000.0000000000055,Low,4.65,11.899489870662087,147190.51937300403
5.415151515151515,indie_label,Medium,8000.0000000000055,Low,4.65,11.915625872104497,149584.86759383653
5.472121212121213,indie_label,Medium,8000.0000000000055,Low,4.65,11.931758396190045,152017.63578928457
5.529090909090909,indie_label,Medium,8000.0000000000055,Low,4.65,11.947887442918727,154489.43174030876
5.586060606060606,indie_label,Medium,8000.0000000000055,Low,4.65,11.964013012290543,157000.87270090415
5.6430303030303035,indie_label,Medium,8000.0000000000055,Low,4.65,11.980135104305496,159552.58554347558
5.7,indie_label,Medium,8000.0000000000055,Low,4.65,11.996253718963587,162145.20690640574
0.06,indie_label,Medium,8000.0000000000055,Medium,6.0,10.447983014522787,34473.76942718884
0.11696969696969697,indie_label,Medium,8000.0000000000055,Medium,6.0,10.46444241015358,35045.89883226536
0.17393939393939395,indie_label,Medium,8000.0000000000055,Medium,6.0,10.480898328427509,35627.39917392132
0.23090909090909092,indie_label,Medium,8000.0000000000055,Medium,6.0,10.497350769344573,36218.42185761184
0.2878787878787879,indie_label,Medium,8000.0000000000055,Medium,6.0,10.513799732904774,36819.12070049174
0.3448484848484849,indie_label,Medium,8000.0000000000055,Medium,6.0,10.530245219108108,37429.65196926464
0.40181818181818185,indie_label,Medium,8000.0000000000055,Medium,6.0,10.54668722795458,38050.17441861759
0.4587878787878788,indie_label,Medium,8000.0000000000055,Medium,6.0,10.563125759444187,38680.84933024844
0.5157575757575759,indie_label,Medium,8000.0000000000055,Medium,6.0,10.57956081357693,39321.84055249684
0.5727272727272728,indie_label,Medium,8000.0000000000055,Medium,6.0,10.595992390352809,39973.3145405868
0.6296969696969699,indie_label,Medium,8000.0000000000055,Medium,6.0,10.612420489771822,40635.44039749025
0.6866666666666668,indie_label,Medium,8000.0000000000055,Medium,6.0,10.628845111833972,41308.38991542204
0.7436363636363637,indie_label,Medium,8000.0000000000055,Medium,6.0,10.645266256539257,41992.337617974095
0.8006060606060608,indie_label,Medium,8000.0000000000055,Medium,6.0,10.661683923887677,42687.460802900445
0.8575757575757577,indie_label,Medium,8000.0000000000055,Medium,6.0,10.678098113879235,43393.939585561675
0.9145454545454546,indie_label,Medium,8000.0000000000055,Medium,6.0,10.694508826513927,44111.95694303894
0.9715151515151517,indie_label,Medium,8000.0000000000055,Medium,6.0,10.710916061791755,44841.69875892879
1.0284848484848486,indie_label,Medium,8000.0000000000055,Medium,6.0,10.727319819712719,45583.35386882726
1.0854545454545457,indie_label,Medium,8000.0000000000055,Medium,6.0,10.743720100276818,46337.11410651551
1.1424242424242426,indie_label,Medium,8000.0000000000055,Medium,6.0,10.760116903484054,47103.17435085657
1.1993939393939397,indie_label,Medium,8000.0000000000055,Medium,6.0,10.776510229334423,47881.73257341395
1.2563636363636366,indie_label,Medium,8000.0000000000055,Medium,6.0,10.79290007782793,48672.98988680419
1.3133333333333335,indie_label,Medium,8000.0000000000055,Medium,6.0,10.809286448964572,49477.15059379251
1.3703030303030306,indie_label,Medium,8000.0000000000055,Medium,6.0,10.82566934274435,50294.42223714483
1.4272727272727275,indie_label,Medium,8000.0000000000055,Medium,6.0,10.842048759167264,51125.015650246336
1.4842424242424244,indie_label,Medium,8000.0000000000055,Medium,6.0,10.858424698233312,51969.14500849827
1.5412121212121215,indie_label,Medium,8000.0000000000055,Medium,6.0,10.874797159942498,52827.02788150594
1.5981818181818184,indie_label,Medium,8000.0000000000055,Medium,6.0,10.891166144294818,53698.885286067714
1.6551515151515153,indie_label,Medium,8000.0000000000055,Medium,6.0,10.907531651290274,54584.94173997941
1.7121212121212124,indie_label,Medium,8000.0000000000055,Medium,6.0,10.923893680928867,55485.425316665016
1.7690909090909093,indie_label,Medium,8000.0000000000055,Medium,6.0,10.940252233210593,56400.56770064616
1.8260606060606064,indie_label,Medium,8000.0000000000055,Medium,6.0,10.956607308135457,57330.60424386457
1.8830303030303033,indie_label,Medium,8000.0000000000055,Medium,6.0,10.972958905703456,58275.774022867816
1.9400000000000002,indie_label,Medium,8000.0000000000055,Medium,6.0,10.98930702591459,59236.319896874
1.9969696969696973,indie_label,Medium,8000.0000000000055,Medium,6.0,11.00565166876886,60212.48856672698
2.053939393939394,indie_label,Medium,8000.0000000000055,Medium,6.0,11.021992834266266,61204.530634756185
2.1109090909090913,indie_label,Medium,8000.0000000000055,Medium,6.0,11.038330522406808,62212.700665554315
2.167878787878788,indie_label,Medium,8000.0000000000055,Medium,6.0,11.054664733190485,63237.25724768754
2.224848484848485,indie_label,Medium,8000.0000000000055,Medium,6.0,11.070995466617298,64278.463056351364
2.281818181818182,indie_label,Medium,8000.0000000000055,Medium,6.0,11.087322722687246,65336.58491698691
2.3387878787878793,indie_label,Medium,8000.0000000000055,Medium,6.0,11.10364650140033,66411.89386987212
2.395757575757576,indie_label,Medium,8000.0000000000055,Medium,6.0,11.11996680275655,67504.66523570192
2.452727272727273,indie_label,Medium,8000.0000000000055,Medium,6.0,11.136283626755905,68615.17868217343
2.50969696969697,indie_label,Medium,8000.0000000000055,Medium,6.0,11.152596973398397,69743.71829159088
2.566666666666667,indie_label,Medium,8000.0000000000055,Medium,6.0,11.168906842684024,70890.57262950376
2.623636363636364,indie_label,Medium,8000.0000000000055,Medium,6.0,11.185213234612785,72056.03481439778
2.680606060606061,indie_label,Medium,8000.0000000000055,Medium,6.0,11.201516149184684,73240.40258845041
2.7375757575757578,indie_label,Medium,8000.0000000000055,Medium,6.0,11.217815586399718,74443.97838936909
2.794545454545455,indie_label,Medium,8000.0000000000055,Medium,6.0,11.234111546257889,75667.0694233285
2.851515151515152,indie_label,Medium,8000.0000000000055,Medium,6.0,11.250404028759194,76909.98773902214
2.9084848484848487,indie_label,Medium,8000.0000000000055,Medium,6.0,11.266693033903634,78173.05030284691
2.965454545454546,indie_label,Medium,8000.0000000000055,Medium,6.0,11.28297856169121,79456.57907523563
3.022424242424243,indie_label,Medium,8000.0000000000055,Medium,6.0,11.299260612121923,80760.9010881557
3.0793939393939396,indie_label,Medium,8000.0000000000055,Medium,6.0,11.315539185195771,82086.34852379223
3.1363636363636367,indie_label,Medium,8000.0000000000055,Medium,6.0,11.331814280912754,83433.25879443195
3.193333333333334,indie_label,Medium,8000.0000000000055,Medium,6.0,11.348085899272874,84801.97462356706
3.2503030303030305,indie_label,Medium,8000.0000000000055,Medium,6.0,11.36435404027613,86192.84412823619
3.3072727272727276,indie_label,Medium,8000.0000000000055,Medium,6.0,11.380618703922519,87606.2209026225
3.3642424242424247,indie_label,Medium,8000.0000000000055,Medium,6.0,11.396879890212047,89042.46410292744
3.421212121212122,indie_label,Medium,8000.0000000000055,Medium,6.0,11.413137599144708,90501.93853353652
3.4781818181818185,indie_label,Medium,8000.0000000000055,Medium,6.0,11.429391830720505,91985.01473450221
3.5351515151515156,indie_label,Medium,8000.0000000000055,Medium,6.0,11.445642584939439,93492.06907035797
3.5921212121212127,indie_label,Medium,8000.0000000000055,Medium,6.0,11.461889861801508,95023.48382028608
3.6490909090909094,indie_label,Medium,8000.0000000000055,Medium,6.0,11.478133661306712,96579.6472696601
3.7060606060606065,indie_label,Medium,8000.0000000000055,Medium,6.0,11.494373983455054,98160.95380298104
3.7630303030303036,indie_label,Medium,8000.0000000000055,Medium,6.0,11.510610828246529,99767.8039982283
3.8200000000000003,indie_label,Medium,8000.0000000000055,Medium,6.0,11.526844195681141,101400.6047226486
3.8769696969696974,indie_label,Medium,8000.0000000000055,Medium,6.0,11.543074085758889,103059.76923000067
3.9339393939393945,indie_label,Medium,8000.0000000000055,Medium,6.0,11.559300498479772,104745.7172592815
3.990909090909091,indie_label,Medium,8000.0000000000055,Medium,6.0,11.57552343384379,106458.87513495346
4.047878787878788,indie_label,Medium,8000.0000000000055,Medium,6.0,11.591742891850945,108199.67586869627
4.1048484848484845,indie_label,Medium,8000.0000000000055,Medium,6.0,11.607958872501236,109968.55926270541
4.161818181818182,indie_label,Medium,8000.0000000000055,Medium,6.0,11.62417137579466,111765.9720145615
4.218787878787879,indie_label,Medium,8000.0000000000055,Medium,6.0,11.640380401731223,113592.367823694
4.275757575757575,indie_label,Medium,8000.0000000000055,Medium,6.0,11.65658595031092,115448.20749945975
4.332727272727273,indie_label,Medium,8000.0000000000055,Medium,6.0,11.672788021533751,117333.959070867
4.38969696969697,indie_label,Medium,8000.0000000000055,Medium,6.0,11.68898661539972,119250.09789796305
4.446666666666666,indie_label,Medium,8000.0000000000055,Medium,6.0,11.705181731908825,121197.10678491331
4.503636363636364,indie_label,Medium,8000.0000000000055,Medium,6.0,11.721373371061064,123175.4760947978
4.5606060606060606,indie_label,Medium,8000.0000000000055,Medium,6.0,11.73756153285644,125185.70386614873
4.617575757575758,indie_label,Medium,8000.0000000000055,Medium,6.0,11.753746217294951,127228.29593125657
4.674545454545455,indie_label,Medium,8000.0000000000055,Medium,6.0,11.769927424376599,129303.76603626943
4.7315151515151515,indie_label,Medium,8000.0000000000055,Medium,6.0,11.786105154101381,131412.63596311506
4.788484848484849,indie_label,Medium,8000.0000000000055,Medium,6.0,11.8022794064693,133555.43565326993
4.845454545454546,indie_label,Medium,8000.0000000000055,Medium,6.0,11.818450181480353,135732.70333340467
4.902424242424242,indie_label,Medium,8000.0000000000055,Medium,6.0,11.834617479134543,137944.98564293308
4.95939393939394,indie_label,Medium,8000.0000000000055,Medium,6.0,11.850781299431869,140192.83776349272
5.016363636363637,indie_label,Medium,8000.0000000000055,Medium,6.0,11.866941642372328,142476.82355038702
5.073333333333333,indie_label,Medium,8000.0000000000055,Medium,6.0,11.883098507955925,144797.51566601841
5.130303030303031,indie_label,Medium,8000.0000000000055,Medium,6.0,11.899251896182658,147155.49571533853
5.1872727272727275,indie_label,Medium,8000.0000000000055,Medium,6.0,11.915401807052525,149551.35438334968
5.244242424242424,indie_label,Medium,8000.0000000000055,Medium,6.0,11.93154824056553,151985.6915746881
5.301212121212122,indie_label,Medium,8000.0000000000055,Medium,6.0,11.947691196721667,154459.11655531474
5.358181818181818,indie_label,Medium,8000.0000000000055,Medium,6.0,11.963830675520942,156972.2480963528
5.415151515151515,indie_label,Medium,8000.0000000000055,Medium,6.0,11.979966676963354,159525.71462009582
5.472121212121213,indie_label,Medium,8000.0000000000055,Medium,6.0,11.9960992010489,162120.1543482245
5.529090909090909,indie_label,Medium,8000.0000000000055,Medium,6.0,12.012228247777582,164756.21545226415
5.586060606060606,indie_label,Medium,8000.0000000000055,Medium,6.0,12.0283538171494,167434.5562063119
5.6430303030303035,indie_label,Medium,8000.0000000000055,Medium,6.0,12.044475909164353,170155.845142073
5.7,indie_label,Medium,8000.0000000000055,Medium,6.0,12.060594523822441,172920.76120623678
0.06,indie_label,Medium,8000.0000000000055,High,7.35,10.512323819381644,36764.8174697204
0.11696969696969697,indie_label,Medium,8000.0000000000055,High,7.35,10.528783215012437,37374.96818647948
0.17393939393939395,indie_label,Medium,8000.0000000000055,High,7.35,10.545239133286366,37995.11259281283
0.23090909090909092,indie_label,Medium,8000.0000000000055,High,7.35,10.56169157420343,38625.412155944716
0.2878787878787879,indie_label,Medium,8000.0000000000055,High,7.35,10.57814053776363,39266.03091507054
0.3448484848484849,indie_label,Medium,8000.0000000000055,High,7.35,10.594586023966965,39917.13552172119
0.40181818181818185,indie_label,Medium,8000.0000000000055,High,7.35,10.611028032813437,40578.89528075186
0.4587878787878788,indie_label,Medium,8000.0000000000055,High,7.35,10.627466564303043,41251.48219196308
0.5157575757575759,indie_label,Medium,8000.0000000000055,High,7.35,10.643901618435786,41935.07099236536
0.5727272727272728,indie_label,Medium,8000.0000000000055,High,7.35,10.660333195211663,42629.8391990961
0.6296969696969699,indie_label,Medium,8000.0000000000055,High,7.35,10.676761294630678,43335.96715299907
0.6866666666666668,indie_label,Medium,8000.0000000000055,High,7.35,10.693185916692828,44053.638062876234
0.7436363636363637,indie_label,Medium,8000.0000000000055,High,7.35,10.709607061398113,44783.03805042284
0.8006060606060608,indie_label,Medium,8000.0000000000055,High,7.35,10.726024728746534,45524.35619585523
0.8575757575757577,indie_label,Medium,8000.0000000000055,High,7.35,10.742438918738092,46277.7845842426
0.9145454545454546,indie_label,Medium,8000.0000000000055,High,7.35,10.758849631372783,47043.51835255261
0.9715151515151517,indie_label,Medium,8000.0000000000055,High,7.35,10.775256866650611,47821.755737423104
1.0284848484848486,indie_label,Medium,8000.0000000000055,High,7.35,10.791660624571575,48612.698123668844
1.0854545454545457,indie_label,Medium,8000.0000000000055,High,7.35,10.808060905135674,49416.550093536505
1.1424242424242426,indie_label,Medium,8000.0000000000055,High,7.35,10.824457708342909,50233.51947671786
1.1993939393939397,indie_label,Medium,8000.0000000000055,High,7.35,10.84085103419328,51063.817401133354
1.2563636363636366,indie_label,Medium,8000.0000000000055,High,7.35,10.857240882686787,51907.65834449711
1.3133333333333335,indie_label,Medium,8000.0000000000055,High,7.35,10.873627253823429,52765.260186676125
1.3703030303030306,indie_label,Medium,8000.0000000000055,High,7.35,10.890010147603206,53636.84426285481
1.4272727272727275,indie_label,Medium,8000.0000000000055,High,7.35,10.906389564026119,54522.63541751748
1.4842424242424244,indie_label,Medium,8000.0000000000055,High,7.35,10.922765503092169,55422.86205926116
1.5412121212121215,indie_label,Medium,8000.0000000000055,High,7.35,10.939137964801354,56337.75621645093
1.5981818181818184,indie_label,Medium,8000.0000000000055,High,7.35,10.955506949153673,57267.5535937311
1.6551515151515153,indie_label,Medium,8000.0000000000055,High,7.35,10.97187245614913,58212.49362940533
1.7121212121212124,indie_label,Medium,8000.0000000000055,High,7.35,10.988234485787721,59172.8195536968
1.7690909090909093,indie_label,Medium,8000.0000000000055,High,7.35,11.004593038069448,60148.778447905395
1.8260606060606064,indie_label,Medium,8000.0000000000055,High,7.35,11.020948112994311,61140.621304471984
1.8830303030303033,indie_label,Medium,8000.0000000000055,High,7.35,11.03729971056231,62148.60308796503
1.9400000000000002,indie_label,Medium,8000.0000000000055,High,7.35,11.053647830773446,63172.98279700398
1.9969696969696973,indie_label,Medium,8000.0000000000055,High,7.35,11.069992473627716,64214.02352713195
2.053939393939394,indie_label,Medium,8000.0000000000055,High,7.35,11.086333639125122,65271.99253465432
2.1109090909090913,indie_label,Medium,8000.0000000000055,High,7.35,11.102671327265663,66347.16130145483
2.167878787878788,indie_label,Medium,8000.0000000000055,High,7.35,11.11900553804934,67439.80560080736
2.224848484848485,indie_label,Medium,8000.0000000000055,High,7.35,11.135336271476152,68550.20556419497
2.281818181818182,indie_label,Medium,8000.0000000000055,High,7.35,11.151663527546102,69678.64574915443
2.3387878787878793,indie_label,Medium,8000.0000000000055,High,7.35,11.167987306259185,70825.41520815913
2.395757575757576,indie_label,Medium,8000.0000000000055,High,7.35,11.184307607615406,71990.8075585587
2.452727272727273,indie_label,Medium,8000.0000000000055,High,7.35,11.200624431614761,73175.1210535881
2.50969696969697,indie_label,Medium,8000.0000000000055,High,7.35,11.216937778257252,74378.6586544651
2.566666666666667,indie_label,Medium,8000.0000000000055,High,7.35,11.233247647542878,75601.72810359123
2.623636363636364,indie_label,Medium,8000.0000000000055,High,7.35,11.249554039471642,76844.64199887274
2.680606060606061,indie_label,Medium,8000.0000000000055,High,7.35,11.26585695404354,78107.71786917855
2.7375757575757578,indie_label,Medium,8000.0000000000055,High,7.35,11.282156391258575,79391.278250953
2.794545454545455,indie_label,Medium,8000.0000000000055,High,7.35,11.298452351116744,80695.65076599973
2.851515151515152,indie_label,Medium,8000.0000000000055,High,7.35,11.314744833618049,82021.16820045501
2.9084848484848487,indie_label,Medium,8000.0000000000055,High,7.35,11.33103383876249,83368.1685849681
2.965454545454546,indie_label,Medium,8000.0000000000055,High,7.35,11.347319366550067,84736.99527610649
3.022424242424243,indie_label,Medium,8000.0000000000055,High,7.35,11.363601416980778,86127.99703900538
3.0793939393939396,indie_label,Medium,8000.0000000000055,High,7.35,11.379879990054627,87541.5281312799
3.1363636363636367,indie_label,Medium,8000.0000000000055,High,7.35,11.39615508577161,88977.94838821648
3.193333333333334,indie_label,Medium,8000.0000000000055,High,7.35,11.412426704131729,90437.62330926777
3.2503030303030305,indie_label,Medium,8000.0000000000055,High,7.35,11.428694845134984,91920.92414586557
3.3072727272727276,indie_label,Medium,8000.0000000000055,High,7.35,11.444959508781375,93428.22799057391
3.3642424242424247,indie_label,Medium,8000.0000000000055,High,7.35,11.461220695070903,94959.91786760303
3.421212121212122,indie_label,Medium,8000.0000000000055,High,7.35,11.477478404003564,96516.38282470232
3.4781818181818185,indie_label,Medium,8000.0000000000055,High,7.35,11.493732635579361,98098.01802645622
3.5351515151515156,indie_label,Medium,8000.0000000000055,High,7.35,11.509983389798295,99705.22484900065
3.5921212121212127,indie_label,Medium,8000.0000000000055,High,7.35,11.526230666660364,101338.41097618299
3.6490909090909094,indie_label,Medium,8000.0000000000055,High,7.35,11.542474466165569,102997.99049718808
3.7060606060606065,indie_label,Medium,8000.0000000000055,High,7.35,11.55871478831391,104684.38400565062
3.7630303030303036,indie_label,Medium,8000.0000000000055,High,7.35,11.574951633105385,106398.01870027611
3.8200000000000003,indie_label,Medium,8000.0000000000055,High,7.35,11.591185000539998,108139.32848699566
3.8769696969696974,indie_label,Medium,8000.0000000000055,High,7.35,11.607414890617745,109908.75408267308
3.9339393939393945,indie_label,Medium,8000.0000000000055,High,7.35,11.623641303338628,111706.74312039203
3.990909090909091,indie_label,Medium,8000.0000000000055,High,7.35,11.639864238702646,113533.75025634389
4.047878787878788,indie_label,Medium,8000.0000000000055,High,7.35,11.6560836967098,115390.23727834152
4.1048484848484845,indie_label,Medium,8000.0000000000055,High,7.35,11.67229967736009,117276.67321598319
4.161818181818182,indie_label,Medium,8000.0000000000055,High,7.35,11.688512180653516,119193.53445249022
4.218787878787879,indie_label,Medium,8000.0000000000055,High,7.35,11.70472120659008,121141.30483824573
4.275757575757575,indie_label,Medium,8000.0000000000055,High,7.35,11.720926755169774,123120.47580605646
4.332727272727273,indie_label,Medium,8000.0000000000055,High,7.35,11.737128826392608,125131.54648816888
4.38969696969697,indie_label,Medium,8000.0000000000055,High,7.35,11.753327420258577,127175.02383505717
4.446666666666666,indie_label,Medium,8000.0000000000055,High,7.35,11.769522536767681,129251.42273601927
4.503636363636364,indie_label,Medium,8000.0000000000055,High,7.35,11.78571417591992,131361.26614160114
4.5606060606060606,indie_label,Medium,8000.0000000000055,High,7.35,11.801902337715296,133505.0851878792
4.617575757575758,indie_label,Medium,8000.0000000000055,High,7.35,11.818087022153808,135683.41932262838
4.674545454545455,indie_label,Medium,8000.0000000000055,High,7.35,11.834268229235455,137896.81643340312
4.7315151515151515,indie_label,Medium,8000.0000000000055,High,7.35,11.850445958960236,140145.8329775611
4.788484848484849,indie_label,Medium,8000.0000000000055,High,7.35,11.866620211328154,142431.03411425895
4.845454545454546,indie_label,Medium,8000.0000000000055,High,7.35,11.88279098633921,144752.99383844587
4.902424242424242,indie_label,Medium,8000.0000000000055,High,7.35,11.898958283993398,147112.29511688917
4.95939393939394,indie_label,Medium,8000.0000000000055,High,7.35,11.915122104290724,149509.5300262615
5.016363636363637,indie_label,Medium,8000.0000000000055,High,7.35,11.931282447231183,151945.29989331582
5.073333333333333,indie_label,Medium,8000.0000000000055,High,7.35,11.947439312814781,154420.21543718723
5.130303030303031,indie_label,Medium,8000.0000000000055,High,7.35,11.963592701041513,156934.89691384317
5.1872727272727275,indie_label,Medium,8000.0000000000055,High,7.35,11.97974261191138,159489.9742627253
5.244242424242424,indie_label,Medium,8000.0000000000055,High,7.35,11.995889045424384,162086.08725560625
5.301212121212122,indie_label,Medium,8000.0000000000055,High,7.35,12.012032001580524,164723.88564769813
5.358181818181818,indie_label,Medium,8000.0000000000055,High,7.35,12.028171480379799,167404.02933104735
5.415151515151515,indie_label,Medium,8000.0000000000055,High,7.35,12.044307481822209,170127.18849024764
5.472121212121213,indie_label,Medium,8000.0000000000055,High,7.35,12.060440005907756,172894.0437605066
5.529090909090909,indie_label,Medium,8000.0000000000055,High,7.35,12.076569052636438,175705.28638809957
5.586060606060606,indie_label,Medium,8000.0000000000055,High,7.35,12.092694622008256,178561.61839324917
5.6430303030303035,indie_label,Medium,8000.0000000000055,High,7.35,12.10881671402321,181463.7527354634
5.7,indie_label,Medium,8000.0000000000055,High,7.35,12.124935328681298,184412.41348137034
0.06,indie_label,High,35499.99999999999,Low,4.65,10.67623064061182,43312.97631784325
0.11696969696969697,indie_label,High,35499.99999999999,Low,4.65,10.692690036242611,44031.797644685226
0.17393939393939395,indie_label,High,35499.99999999999,Low,4.65,10.70914595451654,44762.392582542605
0.23090909090909092,indie_label,High,35499.99999999999,Low,4.65,10.725598395433604,45504.95135668453
0.2878787878787879,indie_label,High,35499.99999999999,Low,4.65,10.742047358993805,46259.66722243114
0.3448484848484849,indie_label,High,35499.99999999999,Low,4.65,10.75849284519714,47026.736512706855
0.40181818181818185,indie_label,High,35499.99999999999,Low,4.65,10.774934854043611,47806.35868632948
0.4587878787878788,indie_label,High,35499.99999999999,Low,4.65,10.791373385533218,48598.736377044144
0.5157575757575759,indie_label,High,35499.99999999999,Low,4.65,10.807808439665962,49404.07544331558
0.5727272727272728,indie_label,High,35499.99999999999,Low,4.65,10.82424001644184,50222.58501888832
0.6296969696969699,indie_label,High,35499.99999999999,Low,4.65,10.840668115860854,51054.47756412846
0.6866666666666668,indie_label,High,35499.99999999999,Low,4.65,10.857092737923004,51899.968918156585
0.7436363636363637,indie_label,High,35499.99999999999,Low,4.65,10.873513882628288,52759.27835178593
0.8006060606060608,indie_label,High,35499.99999999999,Low,4.65,10.889931549976708,53632.62862127717
0.8575757575757577,indie_label,High,35499.99999999999,Low,4.65,10.906345739968266,54520.246022921456
0.9145454545454546,indie_label,High,35499.99999999999,Low,4.65,10.922756452602957,55422.36044846546
0.9715151515151517,indie_label,High,35499.99999999999,Low,4.65,10.939163687880786,56339.20544139136
1.0284848484848486,indie_label,High,35499.99999999999,Low,4.65,10.95556744580175,57271.01825406284
1.0854545454545457,indie_label,High,35499.99999999999,Low,4.65,10.97196772636585,58218.03990575272
1.1424242424242426,indie_label,High,35499.99999999999,Low,4.65,10.988364529573085,59180.51524156331
1.1993939393939397,indie_label,High,35499.99999999999,Low,4.65,11.004757855423456,60158.692992255405
1.2563636363636366,indie_label,High,35499.99999999999,Low,4.65,11.021147703916961,61152.825834996685
1.3133333333333335,indie_label,High,35499.99999999999,Low,4.65,11.037534075053603,62163.17045504691
1.3703030303030306,indie_label,High,35499.99999999999,Low,4.65,11.05391696883338,63189.98760839062
1.4272727272727275,indie_label,High,35499.99999999999,Low,4.65,11.070296385256295,64233.542185334714
1.4842424242424244,indie_label,High,35499.99999999999,Low,4.65,11.086672324322343,65294.103275083005
1.5412121212121215,indie_label,High,35499.99999999999,Low,4.65,11.103044786031528,66371.9442313051
1.5981818181818184,indie_label,High,35499.99999999999,Low,4.65,11.119413770383849,67467.34273871157
1.6551515151515153,indie_label,High,35499.99999999999,Low,4.65,11.135779277379307,68580.58088065372
1.7121212121212124,indie_label,High,35499.99999999999,Low,4.65,11.152141307017898,69711.94520776079
1.7690909090909093,indie_label,High,35499.99999999999,Low,4.65,11.168499859299624,70861.72680763286
1.8260606060606064,indie_label,High,35499.99999999999,Low,4.65,11.184854934224488,72030.22137560292
1.8830303030303033,indie_label,High,35499.99999999999,Low,4.65,11.201206531792486,73217.72928658551
1.9400000000000002,indie_label,High,35499.99999999999,Low,4.65,11.21755465200362,74424.55566802881
1.9969696969696973,indie_label,High,35499.99999999999,Low,4.65,11.233899294857892,75651.01047398585
2.053939393939394,indie_label,High,35499.99999999999,Low,4.65,11.250240460355297,76897.40856032167
2.1109090909090913,indie_label,High,35499.99999999999,Low,4.65,11.266578148495839,78164.06976107536
2.167878787878788,indie_label,High,35499.99999999999,Low,4.65,11.282912359279516,79451.31896599129
2.224848484848485,indie_label,High,35499.99999999999,Low,4.65,11.299243092706329,80759.48619924037
2.281818181818182,indie_label,High,35499.99999999999,Low,4.65,11.315570348776276,82088.90669934718
2.3387878787878793,indie_label,High,35499.99999999999,Low,4.65,11.331894127489361,83439.92100034209
2.395757575757576,indie_label,High,35499.99999999999,Low,4.65,11.34821442884558,84812.87501415587
2.452727272727273,indie_label,High,35499.99999999999,Low,4.65,11.364531252844937,86208.12011427796
2.50969696969697,indie_label,High,35499.99999999999,Low,4.65,11.380844599487428,87626.01322069275
2.566666666666667,indie_label,High,35499.99999999999,Low,4.65,11.397154468773055,89066.91688611938
2.623636363636364,indie_label,High,35499.99999999999,Low,4.65,11.413460860701818,90531.19938356907
2.680606060606061,indie_label,High,35499.99999999999,Low,4.65,11.429763775273715,92019.23479524232
2.7375757575757578,indie_label,High,35499.99999999999,Low,4.65,11.446063212488749,93531.40310278744
2.794545454545455,indie_label,High,35499.99999999999,Low,4.65,11.462359172346918,95068.09027893713
2.851515151515152,indie_label,High,35499.99999999999,Low,4.65,11.478651654848225,96629.68838054809
2.9084848484848487,indie_label,High,35499.99999999999,Low,4.65,11.494940659992665,98216.5956430609
2.965454545454546,indie_label,High,35499.99999999999,Low,4.65,11.511226187780242,99829.21657640555
3.022424242424243,indie_label,High,35499.99999999999,Low,4.65,11.527508238210954,101467.96206236974
3.0793939393939396,indie_label,High,35499.99999999999,Low,4.65,11.543786811284802,103133.24945345608
3.1363636363636367,indie_label,High,35499.99999999999,Low,4.65,11.560061907001785,104825.50267324812
3.193333333333334,indie_label,High,35499.99999999999,Low,4.65,11.576333525361905,106545.15231830884
3.2503030303030305,indie_label,High,35499.99999999999,Low,4.65,11.59260166636516,108292.63576163354
3.3072727272727276,indie_label,High,35499.99999999999,Low,4.65,11.608866330011551,110068.39725768243
3.3642424242424247,indie_label,High,35499.99999999999,Low,4.65,11.625127516301077,111872.88804901465
3.421212121212122,indie_label,High,35499.99999999999,Low,4.65,11.641385225233739,113706.56647454877
3.4781818181818185,indie_label,High,35499.99999999999,Low,4.65,11.657639456809537,115569.89807947403
3.5351515151515156,indie_label,High,35499.99999999999,Low,4.65,11.673890211028471,117463.35572683623
3.5921212121212127,indie_label,High,35499.99999999999,Low,4.65,11.690137487890539,119387.41971082511
3.6490909090909094,indie_label,High,35499.99999999999,Low,4.65,11.706381287395743,121342.57787178791
3.7060606060606065,indie_label,High,35499.99999999999,Low,4.65,11.722621609544085,123329.3257129931
3.7630303030303036,indie_label,High,35499.99999999999,Low,4.65,11.73885845433556,125348.16651917326
3.8200000000000003,indie_label,High,35499.99999999999,Low,4.65,11.755091821770172,127399.61147687388
3.8769696969696974,indie_label,High,35499.99999999999,Low,4.65,11.77132171184792,129484.17979663114
3.9339393939393945,indie_label,High,35499.99999999999,Low,4.65,11.787548124568803,131602.39883701122
3.990909090909091,indie_label,High,35499.99999999999,Low,4.65,11.80377105993282,133754.80423053532
4.047878787878788,indie_label,High,35499.99999999999,Low,4.65,11.819990517939976,135941.94001152055
4.1048484848484845,indie_label,High,35499.99999999999,Low,4.65,11.836206498590267,138164.35874586352
4.161818181818182,indie_label,High,35499.99999999999,Low,4.65,11.852419001883693,140422.62166279813
4.218787878787879,indie_label,High,35499.99999999999,Low,4.65,11.868628027820254,142717.29878865514
4.275757575757575,indie_label,High,35499.99999999999,Low,4.65,11.88483357639995,145048.96908265387
4.332727272727273,indie_label,High,35499.99999999999,Low,4.65,11.901035647622784,147418.22057475697
4.38969696969697,indie_label,High,35499.99999999999,Low,4.65,11.917234241488753,149825.65050561776
4.446666666666666,indie_label,High,35499.99999999999,Low,4.65,11.933429357997856,152271.86546865315
4.503636363636364,indie_label,High,35499.99999999999,Low,4.65,11.949620997150095,154757.48155427384
4.5606060606060606,indie_label,High,35499.99999999999,Low,4.65,11.965809158945472,157283.12449630044
4.617575757575758,indie_label,High,35499.99999999999,Low,4.65,11.981993843383982,159849.42982060264
4.674545454545455,indie_label,High,35499.99999999999,Low,4.65,11.99817505046563,162457.04299599407
4.7315151515151515,indie_label,High,35499.99999999999,Low,4.65,12.01435278019041,165106.61958741146
4.788484848484849,indie_label,High,35499.99999999999,Low,4.65,12.03052703255833,167798.82541142093
4.845454545454546,indie_label,High,35499.99999999999,Low,4.65,12.046697807569384,170534.33669407465
4.902424242424242,indie_label,High,35499.99999999999,Low,4.65,12.062865105223574,173313.8402311665
4.95939393939394,indie_label,High,35499.99999999999,Low,4.65,12.0790289255209,176138.0335509091
5.016363636363637,indie_label,High,35499.99999999999,Low,4.65,12.095189268461361,179007.62507907813
5.073333333333333,indie_label,High,35499.99999999999,Low,4.65,12.111346134044958,181923.3343066557
5.130303030303031,indie_label,High,35499.99999999999,Low,4.65,12.12749952227169,184885.89196001127
5.1872727272727275,indie_label,High,35499.99999999999,Low,4.65,12.143649433141556,187896.04017365797
5.244242424242424,indie_label,High,35499.99999999999,Low,4.65,12.15979586665456,190954.53266562286
5.301212121212122,indie_label,High,35499.99999999999,Low,4.65,12.1759388228107,194062.13491546834
5.358181818181818,indie_label,High,35499.99999999999,Low,4.65,12.192078301609975,197219.6243450074
5.415151515151515,indie_label,High,35499.99999999999,Low,4.65,12.208214303052385,200427.79050174967
5.472121212121213,indie_label,High,35499.99999999999,Low,4.65,12.224346827137932,203687.43524512023
5.529090909090909,indie_label,High,35499.99999999999,Low,4.65,12.240475873866615,206999.3729354914
5.586060606060606,indie_label,High,35499.99999999999,Low,4.65,12.25660144323843,210364.43062607117
5.6430303030303035,indie_label,High,35499.99999999999,Low,4.65,12.272723535253384,213783.44825769032
5.7,indie_label,High,35499.99999999999,Low,4.65,12.288842149911474,217257.27885652758
0.06,indie_label,High,35499.99999999999,Medium,6.0,10.740571445470675,46191.44083859472
0.11696969696969697,indie_label,High,35499.99999999999,Medium,6.0,10.757030841101468,46958.03200468891
0.17393939393939395,indie_label,High,35499.99999999999,Medium,6.0,10.773486759375396,47737.17920642137
0.23090909090909092,indie_label,High,35499.99999999999,Medium,6.0,10.78993920029246,48529.085310631905
0.2878787878787879,indie_label,High,35499.99999999999,Medium,6.0,10.806388163852661,49333.95641557564
0.3448484848484849,indie_label,High,35499.99999999999,Medium,6.0,10.822833650055996,50152.00190163661
0.40181818181818185,indie_label,High,35499.99999999999,Medium,6.0,10.839275658902467,50983.434482825985
0.4587878787878788,indie_label,High,35499.99999999999,Medium,6.0,10.855714190392074,51828.47025907453
0.5157575757575759,indie_label,High,35499.99999999999,Medium,6.0,10.872149244524817,52687.328769333806
0.5727272727272728,indie_label,High,35499.99999999999,Medium,6.0,10.888580821300696,53560.233045496876
0.6296969696969699,indie_label,High,35499.99999999999,Medium,6.0,10.905008920719709,54447.40966715095
0.6866666666666668,indie_label,High,35499.99999999999,Medium,6.0,10.921433542781859,55349.08881717622
0.7436363636363637,indie_label,High,35499.99999999999,Medium,6.0,10.937854687487144,56265.50433820106
0.8006060606060608,indie_label,High,35499.99999999999,Medium,6.0,10.954272354835565,57196.89378992928
0.8575757575757577,indie_label,High,35499.99999999999,Medium,6.0,10.970686544827121,58143.49850735084
0.9145454545454546,indie_label,High,35499.99999999999,Medium,6.0,10.987097257461814,59105.56365985042
0.9715151515151517,indie_label,High,35499.99999999999,Medium,6.0,11.003504492739642,60083.338311226515
1.0284848484848486,indie_label,High,35499.99999999999,Medium,6.0,11.019908250660606,61077.07548063621
1.0854545454545457,indie_label,High,35499.99999999999,Medium,6.0,11.036308531224705,62087.03220447842
1.1424242424242426,indie_label,High,35499.99999999999,Medium,6.0,11.052705334431941,63113.46959923055
1.1993939393939397,indie_label,High,35499.99999999999,Medium,6.0,11.069098660282311,64156.652925252165
1.2563636363636366,indie_label,High,35499.99999999999,Medium,6.0,11.085488508775818,65216.851651572244
1.3133333333333335,indie_label,High,35499.99999999999,Medium,6.0,11.10187487991246,66294.33952167197
1.3703030303030306,indie_label,High,35499.99999999999,Medium,6.0,11.118257773692237,67389.39462028096
1.4272727272727275,indie_label,High,35499.99999999999,Medium,6.0,11.13463719011515,68502.29944120067
1.4842424242424244,indie_label,High,35499.99999999999,Medium,6.0,11.1510131291812,69633.34095617091
1.5412121212121215,indie_label,High,35499.99999999999,Medium,6.0,11.167385590890385,70782.81068479505
1.5981818181818184,indie_label,High,35499.99999999999,Medium,6.0,11.183754575242705,71951.00476554062
1.6551515151515153,indie_label,High,35499.99999999999,Medium,6.0,11.200120082238161,73138.2240278308
1.7121212121212124,indie_label,High,35499.99999999999,Medium,6.0,11.216482111876752,74344.77406524358
1.7690909090909093,indie_label,High,35499.99999999999,Medium,6.0,11.23284066415848,75570.9653098355
1.8260606060606064,indie_label,High,35499.99999999999,Medium,6.0,11.249195739083344,76817.11310760629
1.8830303030303033,indie_label,High,35499.99999999999,Medium,6.0,11.265547336651341,78083.53779512277
1.9400000000000002,indie_label,High,35499.99999999999,Medium,6.0,11.281895456862477,79370.56477731919
1.9969696969696973,indie_label,High,35499.99999999999,Medium,6.0,11.298240099716747,80678.52460648953
2.053939393939394,indie_label,High,35499.99999999999,Medium,6.0,11.314581265214153,82007.7530624947
2.1109090909090913,indie_label,High,35499.99999999999,Medium,6.0,11.330918953354693,83358.591234197
2.167878787878788,indie_label,High,35499.99999999999,Medium,6.0,11.347253164138372,84731.38560214604
2.224848484848485,indie_label,High,35499.99999999999,Medium,6.0,11.363583897565185,86126.48812252935
2.281818181818182,indie_label,High,35499.99999999999,Medium,6.0,11.379911153635133,87544.2563124127
2.3387878787878793,indie_label,High,35499.99999999999,Medium,6.0,11.396234932348218,88985.05333628453
2.395757575757576,indie_label,High,35499.99999999999,Medium,6.0,11.412555233704436,90449.24809392626
2.452727272727273,indie_label,High,35499.99999999999,Medium,6.0,11.428872057703792,91937.21530963006
2.50969696969697,indie_label,High,35499.99999999999,Medium,6.0,11.445185404346283,93449.33562278024
2.566666666666667,indie_label,High,35499.99999999999,Medium,6.0,11.461495273631911,94985.99567982336
2.623636363636364,indie_label,High,35499.99999999999,Medium,6.0,11.477801665560673,96547.58822764408
2.680606060606061,indie_label,High,35499.99999999999,Medium,6.0,11.494104580132571,98134.5122083718
2.7375757575757578,indie_label,High,35499.99999999999,Medium,6.0,11.510404017347605,99747.172855635
2.794545454545455,indie_label,High,35499.99999999999,Medium,6.0,11.526699977205775,101385.98179228949
2.851515151515152,indie_label,High,35499.99999999999,Medium,6.0,11.54299245970708,103051.35712963995
2.9084848484848487,indie_label,High,35499.99999999999,Medium,6.0,11.559281464851521,104743.7235681784
2.965454545454546,indie_label,High,35499.99999999999,Medium,6.0,11.575566992639098,106463.5124998613
3.022424242424243,indie_label,High,35499.99999999999,Medium,6.0,11.59184904306981,108211.1621119504
3.0793939393939396,indie_label,High,35499.99999999999,Medium,6.0,11.608127616143658,109987.11749243863
3.1363636363636367,indie_label,High,35499.99999999999,Medium,6.0,11.624402711860641,111791.83073708626
3.193333333333334,indie_label,High,35499.99999999999,Medium,6.0,11.640674330220762,113625.7610580911
3.2503030303030305,indie_label,High,35499.99999999999,Medium,6.0,11.656942471224017,115489.37489441643
3.3072727272727276,indie_label,High,35499.99999999999,Medium,6.0,11.673207134870406,117383.14602380342
3.3642424242424247,indie_label,High,35499.99999999999,Medium,6.0,11.689468321159934,119307.55567649269
3.421212121212122,indie_label,High,35499.99999999999,Medium,6.0,11.705726030092595,121263.09265067715
3.4781818181818185,indie_label,High,35499.99999999999,Medium,6.0,11.721980261668392,123250.25342971944
3.5351515151515156,indie_label,High,35499.99999999999,Medium,6.0,11.738231015887326,125269.54230115312
3.5921212121212127,indie_label,High,35499.99999999999,Medium,6.0,11.754478292749395,127321.47147749785
3.6490909090909094,indie_label,High,35499.99999999999,Medium,6.0,11.7707220922546,129406.56121891613
3.7060606060606065,indie_label,High,35499.99999999999,Medium,6.0,11.786962414402941,131525.33995773792
3.7630303030303036,indie_label,High,35499.99999999999,Medium,6.0,11.803199259194416,133678.34442488034
3.8200000000000003,indie_label,High,35499.99999999999,Medium,6.0,11.819432626629029,135866.11977819473
3.8769696969696974,indie_label,High,35499.99999999999,Medium,6.0,11.835662516706776,138089.21973276362
3.9339393939393945,indie_label,High,35499.99999999999,Medium,6.0,11.851888929427659,140348.20669318346
3.990909090909091,indie_label,High,35499.99999999999,Medium,6.0,11.868111864791677,142643.65188785788
4.047878787878788,indie_label,High,35499.99999999999,Medium,6.0,11.884331322798833,144976.1355053344
4.1048484848484845,indie_label,High,35499.99999999999,Medium,6.0,11.900547303449123,147346.24683271282
4.161818181818182,indie_label,High,35499.99999999999,Medium,6.0,11.916759806742547,149754.58439615907
4.218787878787879,indie_label,High,35499.99999999999,Medium,6.0,11.932968832679109,152201.75610355462
4.275757575757575,indie_label,High,35499.99999999999,Medium,6.0,11.949174381258807,154688.37938931116
4.332727272727273,indie_label,High,35499.99999999999,Medium,6.0,11.965376452481639,157215.08136138637
4.38969696969697,indie_label,High,35499.99999999999,Medium,6.0,11.981575046347608,159782.49895053386
4.446666666666666,indie_label,High,35499.99999999999,Medium,6.0,11.997770162856712,162391.27906181544
4.503636363636364,indie_label,High,35499.99999999999,Medium,6.0,12.013961802008952,165042.0787284162
4.5606060606060606,indie_label,High,35499.99999999999,Medium,6.0,12.030149963804327,167735.56526779232
4.617575757575758,indie_label,High,35499.99999999999,Medium,6.0,12.046334648242839,170472.4164401881
4.674545454545455,indie_label,High,35499.99999999999,Medium,6.0,12.062515855324484,173253.32060955605
4.7315151515151515,indie_label,High,35499.99999999999,Medium,6.0,12.078693585049269,176078.97690692035
4.788484848484849,indie_label,High,35499.99999999999,Medium,6.0,12.094867837417187,178950.09539621114
4.845454545454546,indie_label,High,35499.99999999999,Medium,6.0,12.11103861242824,181867.39724261855
4.902424242424242,indie_label,High,35499.99999999999,Medium,6.0,12.12720591008243,184831.61488349325
4.95939393939394,indie_label,High,35499.99999999999,Medium,6.0,12.143369730379757,187843.4922018364
5.016363636363637,indie_label,High,35499.99999999999,Medium,6.0,12.159530073320216,190903.78470241802
5.073333333333333,indie_label,High,35499.99999999999,Medium,6.0,12.175686938903812,194013.25969056267
5.130303030303031,indie_label,High,35499.99999999999,Medium,6.0,12.191840327130546,197172.696453638
5.1872727272727275,indie_label,High,35499.99999999999,Medium,6.0,12.207990238000413,200382.88644529192
5.244242424242424,indie_label,High,35499.99999999999,Medium,6.0,12.224136671513417,203644.63347247895
5.301212121212122,indie_label,High,35499.99999999999,Medium,6.0,12.240279627669555,206958.75388531026
5.358181818181818,indie_label,High,35499.99999999999,Medium,6.0,12.25641910646883,210326.07676978043
5.415151515151515,indie_label,High,35499.99999999999,Medium,6.0,12.272555107911241,213747.44414340262
5.472121212121213,indie_label,High,35499.99999999999,Medium,6.0,12.288687631996787,217223.71115380264
5.529090909090909,indie_label,High,35499.99999999999,Medium,6.0,12.30481667872547,220755.7462803158
5.586060606060606,indie_label,High,35499.99999999999,Medium,6.0,12.320942248097287,224344.4315386246
5.6430303030303035,indie_label,High,35499.99999999999,Medium,6.0,12.33706434011224,227990.66268849067
5.7,indie_label,High,35499.99999999999,Medium,6.0,12.353182954770329,231695.3494446214
0.06,indie_label,High,35499.99999999999,High,7.35,10.804912250329531,49261.19599349226
0.11696969696969697,indie_label,High,35499.99999999999,High,7.35,10.821371645960323,50078.73158125137
0.17393939393939395,indie_label,High,35499.99999999999,High,7.35,10.837827564234253,50909.65762591841
0.23090909090909092,indie_label,High,35499.99999999999,High,7.35,10.854280005151317,51754.190476009055
0.2878787878787879,indie_label,High,35499.99999999999,High,7.35,10.870728968711516,52612.54992620084
0.3448484848484849,indie_label,High,35499.99999999999,High,7.35,10.887174454914852,53484.959271416934
0.40181818181818185,indie_label,High,35499.99999999999,High,7.35,10.903616463761324,54371.645361745905
0.4587878787878788,indie_label,High,35499.99999999999,High,7.35,10.92005499525093,55272.83865821018
0.5157575757575759,indie_label,High,35499.99999999999,High,7.35,10.936490049383673,56188.77328939611
0.5727272727272728,indie_label,High,35499.99999999999,High,7.35,10.95292162615955,57119.68710895702
0.6296969696969699,indie_label,High,35499.99999999999,High,7.35,10.969349725578565,58065.82175400605
0.6866666666666668,indie_label,High,35499.99999999999,High,7.35,10.985774347640715,59027.42270440826
0.7436363636363637,indie_label,High,35499.99999999999,High,7.35,11.002195492346,60004.73934298876
0.8006060606060608,indie_label,High,35499.99999999999,High,7.35,11.018613159694421,60998.025016669184
0.8575757575757577,indie_label,High,35499.99999999999,High,7.35,11.035027349685977,62007.537098546956
0.9145454545454546,indie_label,High,35499.99999999999,High,7.35,11.05143806232067,63033.53705093191
0.9715151515151517,indie_label,High,35499.99999999999,High,7.35,11.067845297598499,64076.29048935409
1.0284848484848486,indie_label,High,35499.99999999999,High,7.35,11.08424905551946,65136.067247558465
1.0854545454545457,indie_label,High,35499.99999999999,High,7.35,11.100649336083562,66213.14144350128
1.1424242424242426,indie_label,High,35499.99999999999,High,7.35,11.117046139290796,67307.79154636132
1.1993939393939397,indie_label,High,35499.99999999999,High,7.35,11.133439465141167,68420.30044458539
1.2563636363636366,indie_label,High,35499.99999999999,High,7.35,11.149829313634672,69550.95551497923
1.3133333333333335,indie_label,High,35499.99999999999,High,7.35,11.166215684771316,70700.04869286386
1.3703030303030306,indie_label,High,35499.99999999999,High,7.35,11.182598578551094,71867.87654330899
1.4272727272727275,indie_label,High,35499.99999999999,High,7.35,11.198977994974006,73054.74033346493
1.4842424242424244,indie_label,High,35499.99999999999,High,7.35,11.215353934040056,74260.94610600526
1.5412121212121215,indie_label,High,35499.99999999999,High,7.35,11.231726395749241,75486.8047536989
1.5981818181818184,indie_label,High,35499.99999999999,High,7.35,11.24809538010156,76732.63209512914
1.6551515151515153,indie_label,High,35499.99999999999,High,7.35,11.264460887097018,77998.74895157655
1.7121212121212124,indie_label,High,35499.99999999999,High,7.35,11.280822916735609,79285.4812250814
1.7690909090909093,indie_label,High,35499.99999999999,High,7.35,11.297181469017335,80593.15997770787
1.8260606060606064,indie_label,High,35499.99999999999,High,7.35,11.313536543942199,81922.1215120235
1.8830303030303033,indie_label,High,35499.99999999999,High,7.35,11.329888141510198,83272.70745281482
1.9400000000000002,indie_label,High,35499.99999999999,High,7.35,11.346236261721334,84645.2648300578
1.9969696969696973,indie_label,High,35499.99999999999,High,7.35,11.362580904575603,86040.14616316045
2.053939393939394,indie_label,High,35499.99999999999,High,7.35,11.37892207007301,87457.70954649962
2.1109090909090913,indie_label,High,35499.99999999999,High,7.35,11.39525975821355,88898.31873626751
2.167878787878788,indie_label,High,35499.99999999999,High,7.35,11.411593968997227,90362.34323865228
2.224848484848485,indie_label,High,35499.99999999999,High,7.35,11.42792470242404,91850.15839936827
2.281818181818182,indie_label,High,35499.99999999999,High,7.35,11.44425195849399,93362.14549456038
2.3387878787878793,indie_label,High,35499.99999999999,High,7.35,11.460575737207073,94898.69182309957
2.395757575757576,indie_label,High,35499.99999999999,High,7.35,11.476896038563293,96460.19080029441
2.452727272727273,indie_label,High,35499.99999999999,High,7.35,11.493212862562649,98047.04205303546
2.50969696969697,indie_label,High,35499.99999999999,High,7.35,11.50952620920514,99659.6515163983
2.566666666666667,indie_label,High,35499.99999999999,High,7.35,11.525836078490766,101298.43153172435
2.623636363636364,indie_label,High,35499.99999999999,High,7.35,11.54214247041953,102963.80094620342
2.680606060606061,indie_label,High,35499.99999999999,High,7.35,11.558445384991426,104656.1852139786
2.7375757575757578,indie_label,High,35499.99999999999,High,7.35,11.574744822206462,106376.01649880008
2.794545454545455,indie_label,High,35499.99999999999,High,7.35,11.591040782064631,108123.73377824524
2.851515151515152,indie_label,High,35499.99999999999,High,7.35,11.607333264565936,109899.78294953606
2.9084848484848487,indie_label,High,35499.99999999999,High,7.35,11.623622269710378,111704.61693697135
2.965454545454546,indie_label,High,35499.99999999999,High,7.35,11.639907797497953,113538.6958010007
3.022424242424243,indie_label,High,35499.99999999999,High,7.35,11.656189847928665,115402.48684896695
3.0793939393939396,indie_label,High,35499.99999999999,High,7.35,11.672468421002513,117296.46474753712
3.1363636363636367,indie_label,High,35499.99999999999,High,7.35,11.688743516719498,119221.11163685264
3.193333333333334,indie_label,High,35499.99999999999,High,7.35,11.705015135079616,121176.91724642014
3.2503030303030305,indie_label,High,35499.99999999999,High,7.35,11.721283276082872,123164.3790127734
3.3072727272727276,indie_label,High,35499.99999999999,High,7.35,11.737547939729263,125184.00219892776
3.3642424242424247,indie_label,High,35499.99999999999,High,7.35,11.753809126018789,127236.30001565904
3.421212121212122,indie_label,High,35499.99999999999,High,7.35,11.77006683495145,129321.79374463097
3.4781818181818185,indie_label,High,35499.99999999999,High,7.35,11.786321066527249,131441.0128634003
3.5351515151515156,indie_label,High,35499.99999999999,High,7.35,11.802571820746182,133594.49517232674
3.5921212121212127,indie_label,High,35499.99999999999,High,7.35,11.818819097608252,135782.78692341782
3.6490909090909094,indie_label,High,35499.99999999999,High,7.35,11.835062897113456,138006.44295113624
3.7060606060606065,indie_label,High,35499.99999999999,High,7.35,11.851303219261796,140266.02680519974
3.7630303030303036,indie_label,High,35499.99999999999,High,7.35,11.867540064053273,142562.11088540338
3.8200000000000003,indie_label,High,35499.99999999999,High,7.35,11.883773431487885,144895.2765784935
3.8769696969696974,indie_label,High,35499.99999999999,High,7.35,11.900003321565631,147266.11439712602
3.9339393939393945,indie_label,High,35499.99999999999,High,7.35,11.916229734286514,149675.22412093967
3.990909090909091,indie_label,High,35499.99999999999,High,7.35,11.932452669650534,152123.21493977302
4.047878787878788,indie_label,High,35499.99999999999,High,7.35,11.948672127657687,154610.70559906116
4.1048484848484845,indie_label,High,35499.99999999999,High,7.35,11.964888108307978,157138.3245474446
4.161818181818182,indie_label,High,35499.99999999999,High,7.35,11.981100611601404,159706.7100866185
4.218787878787879,indie_label,High,35499.99999999999,High,7.35,11.997309637537967,162316.5105234626
4.275757575757575,indie_label,High,35499.99999999999,High,7.35,12.013515186117662,164968.38432447956
4.332727272727273,indie_label,High,35499.99999999999,High,7.35,12.029717257340495,167663.0002725835
4.38969696969697,indie_label,High,35499.99999999999,High,7.35,12.045915851206463,170401.03762626313
4.446666666666666,indie_label,High,35499.99999999999,High,7.35,12.062110967715569,173183.18628116848
4.503636363636364,indie_label,High,35499.99999999999,High,7.35,12.078302606867808,176010.14693414324
4.5606060606060606,indie_label,High,35499.99999999999,High,7.35,12.094490768663183,178882.63124975265
4.617575757575758,indie_label,High,35499.99999999999,High,7.35,12.110675453101695,181801.36202933366
4.674545454545455,indie_label,High,35499.99999999999,High,7.35,12.126856660183343,184767.0733826094
4.7315151515151515,indie_label,High,35499.99999999999,High,7.35,12.143034389908124,187780.5109019074
4.788484848484849,indie_label,High,35499.99999999999,High,7.35,12.159208642276042,190842.431839019
4.845454545454546,indie_label,High,35499.99999999999,High,7.35,12.175379417287097,193953.60528473655
4.902424242424242,indie_label,High,35499.99999999999,High,7.35,12.191546714941286,197114.81235111257
4.95939393939394,indie_label,High,35499.99999999999,High,7.35,12.207710535238611,200326.8463564818
5.016363636363637,indie_label,High,35499.99999999999,High,7.35,12.22387087817907,203590.5130132805
5.073333333333333,indie_label,High,35499.99999999999,High,7.35,12.240027743762669,206906.63061871508
5.130303030303031,indie_label,High,35499.99999999999,High,7.35,12.2561811319894,210276.03024830995
5.1872727272727275,indie_label,High,35499.99999999999,High,7.35,12.272331042859268,213699.55595239167
5.244242424242424,indie_label,High,35499.99999999999,High,7.35,12.288477476372272,217178.06495554064
5.301212121212122,indie_label,High,35499.99999999999,High,7.35,12.304620432528411,220712.4278590601
5.358181818181818,indie_label,High,35499.99999999999,High,7.35,12.320759911327686,224303.52884650877
5.415151515151515,indie_label,High,35499.99999999999,High,7.35,12.336895912770096,227952.2658923389
5.472121212121213,indie_label,High,35499.99999999999,High,7.35,12.353028436855643,231659.55097368872
5.529090909090909,indie_label,High,35499.99999999999,High,7.35,12.369157483584326,235426.31028537275
5.586060606060606,indie_label,High,35499.99999999999,High,7.35,12.385283052956144,239253.48445812304
5.6430303030303035,indie_label,High,35499.99999999999,High,7.35,12.401405144971097,243142.0287801239
5.7,indie_label,High,35499.99999999999,High,7.35,12.417523759629185,247092.91342189244
0.06,major,Low,1800.0,Low,4.65,10.740017177214096,46165.84492909933
0.11696969696969697,major,Low,1800.0,Low,4.65,10.756476572844887,46932.01131577606
0.17393939393939395,major,Low,1800.0,Low,4.65,10.772932491118816,47710.726780607474
0.23090909090909092,major,Low,1800.0,Low,4.65,10.78938493203588,48502.19407802183
0.2878787878787879,major,Low,1800.0,Low,4.65,10.80583389559608,49306.61919207216
0.3448484848484849,major,Low,1800.0,Low,4.65,10.822279381799415,50124.21138712179
0.40181818181818185,major,Low,1800.0,Low,4.65,10.838721390645887,50955.1832593139
0.4587878787878788,major,Low,1800.0,Low,4.65,10.855159922135494,51799.75078883513
0.5157575757575759,major,Low,1800.0,Low,4.65,10.871594976268238,52658.13339298738
0.5727272727272728,major,Low,1800.0,Low,4.65,10.888026553044115,53530.55398007818
0.6296969696969699,major,Low,1800.0,Low,4.65,10.90445465246313,54417.23900414404
0.6866666666666668,major,Low,1800.0,Low,4.65,10.92087927452528,55318.41852051716
0.7436363636363637,major,Low,1800.0,Low,4.65,10.937300419230564,56234.326242250274
0.8006060606060608,major,Low,1800.0,Low,4.65,10.953718086578984,57165.19959741207
0.8575757575757577,major,Low,1800.0,Low,4.65,10.970132276570542,58111.279787265266
0.9145454545454546,major,Low,1800.0,Low,4.65,10.986542989205233,59072.81184534225
0.9715151515151517,major,Low,1800.0,Low,4.65,11.002950224483062,60050.044697431935
1.0284848484848486,major,Low,1800.0,Low,4.65,11.019353982404025,61043.23122248968
1.0854545454545457,major,Low,1800.0,Low,4.65,11.035754262968126,62052.62831448687
1.1424242424242426,major,Low,1800.0,Low,4.65,11.05215106617536,63078.49694521209
1.1993939393939397,major,Low,1800.0,Low,4.65,11.068544392025732,64121.10222804071
1.2563636363636366,major,Low,1800.0,Low,4.65,11.084934240519237,65180.7134826845
1.3133333333333335,major,Low,1800.0,Low,4.65,11.10132061165588,66257.6043009397
1.3703030303030306,major,Low,1800.0,Low,4.65,11.117703505435657,67352.052613445
1.4272727272727275,major,Low,1800.0,Low,4.65,11.134082921858571,68464.340757468
1.4842424242424244,major,Low,1800.0,Low,4.65,11.15045886092462,69594.7555457329
1.5412121212121215,major,Low,1800.0,Low,4.65,11.166831322633804,70743.58833630814
1.5981818181818184,major,Low,1800.0,Low,4.65,11.183200306986125,71911.13510356647
1.6551515151515153,major,Low,1800.0,Low,4.65,11.199565813981582,73097.69651023718
1.7121212121212124,major,Low,1800.0,Low,4.65,11.215927843620173,74303.5779805641
1.7690909090909093,major,Low,1800.0,Low,4.65,11.2322863959019,75529.08977458885
1.8260606060606064,major,Low,1800.0,Low,4.65,11.248641470826763,76774.54706357357
1.8830303030303033,major,Low,1800.0,Low,4.65,11.264993068394762,78040.27000658186
1.9400000000000002,major,Low,1800.0,Low,4.65,11.281341188605897,79326.58382823592
1.9969696969696973,major,Low,1800.0,Low,4.65,11.297685831460168,80633.81889766644
2.053939393939394,major,Low,1800.0,Low,4.65,11.314026996957573,81962.31080867317
2.1109090909090913,major,Low,1800.0,Low,4.65,11.330364685098115,83312.40046111665
2.167878787878788,major,Low,1800.0,Low,4.65,11.346698895881792,84684.43414355598
2.224848484848485,major,Low,1800.0,Low,4.65,11.363029629308604,86078.763617155
2.281818181818182,major,Low,1800.0,Low,4.65,11.379356885378552,87495.7462008739
2.3387878787878793,major,Low,1800.0,Low,4.65,11.395680664091637,88935.74485796633
2.395757575757576,major,Low,1800.0,Low,4.65,11.412000965447858,90399.12828380114
2.452727272727273,major,Low,1800.0,Low,4.65,11.428317789447213,91886.27099502987
2.50969696969697,major,Low,1800.0,Low,4.65,11.444631136089704,93397.55342011916
2.566666666666667,major,Low,1800.0,Low,4.65,11.46094100537533,94933.36199126893
2.623636363636364,major,Low,1800.0,Low,4.65,11.477247397304094,96494.08923773756
2.680606060606061,major,Low,1800.0,Low,4.65,11.49355031187599,98080.13388059403
2.7375757575757578,major,Low,1800.0,Low,4.65,11.509849749091025,99691.90092892144
2.794545454545455,major,Low,1800.0,Low,4.65,11.526145708949194,101329.8017774892
2.851515151515152,major,Low,1800.0,Low,4.65,11.5424381914505,102994.25430592053
2.9084848484848487,major,Low,1800.0,Low,4.65,11.55872719659494,104685.68297937412
2.965454545454546,major,Low,1800.0,Low,4.65,11.575012724382518,106404.5189507664
3.022424242424243,major,Low,1800.0,Low,4.65,11.59129477481323,108151.2001645529
3.0793939393939396,major,Low,1800.0,Low,4.65,11.60757334788708,109926.17146209697
3.1363636363636367,major,Low,1800.0,Low,4.65,11.62384844360406,111729.88468864543
3.193333333333334,major,Low,1800.0,Low,4.65,11.640120061964181,113562.7988019404
3.2503030303030305,major,Low,1800.0,Low,4.65,11.656388202967436,115425.37998248432
3.3072727272727276,major,Low,1800.0,Low,4.65,11.672652866613827,117318.10174549138
3.3642424242424247,major,Low,1800.0,Low,4.65,11.688914052903353,119241.4450545448
3.421212121212122,major,Low,1800.0,Low,4.65,11.705171761836016,121195.89843698812
3.4781818181818185,major,Low,1800.0,Low,4.65,11.721425993411813,123181.95810107459
3.5351515151515156,major,Low,1800.0,Low,4.65,11.737676747630747,125200.12805490488
3.5921212121212127,major,Low,1800.0,Low,4.65,11.753924024492814,127250.92022717392
3.6490909090909094,major,Low,1800.0,Low,4.65,11.77016782399802,129334.85458976113
3.7060606060606065,major,Low,1800.0,Low,4.65,11.78640814614636,131452.45928218344
3.7630303030303036,major,Low,1800.0,Low,4.65,11.802644990937837,133604.2707379484
3.8200000000000003,major,Low,1800.0,Low,4.65,11.818878358372448,135790.8338128264
3.8769696969696974,major,Low,1800.0,Low,4.65,11.835108248450195,138012.70191507915
3.9339393939393945,major,Low,1800.0,Low,4.65,11.851334661171078,140270.43713766613
3.990909090909091,major,Low,1800.0,Low,4.65,11.867557596535097,142564.6103924649
4.047878787878788,major,Low,1800.0,Low,4.65,11.883777054542252,144895.80154653208
4.1048484848484845,major,Low,1800.0,Low,4.65,11.89999303519254,147264.59956043452
4.161818181818182,major,Low,1800.0,Low,4.65,11.916205538485968,149671.60262868708
4.218787878787879,major,Low,1800.0,Low,4.65,11.93241456442253,152117.41832231922
4.275757575757575,major,Low,1800.0,Low,4.65,11.948620113002226,154602.66373361344
4.332727272727273,major,Low,1800.0,Low,4.65,11.964822184225058,157127.9656230382
4.38969696969697,major,Low,1800.0,Low,4.65,11.981020778091027,159693.96056841422
4.446666666666666,major,Low,1800.0,Low,4.65,11.997215894600131,162301.29511634365
4.503636363636364,major,Low,1800.0,Low,4.65,12.013407533752371,164950.6259359399
4.5606060606060606,major,Low,1800.0,Low,4.65,12.029595695547748,167642.61997488904
4.617575757575758,major,Low,1800.0,Low,4.65,12.045780379986258,170377.95461787755
4.674545454545455,major,Low,1800.0,Low,4.65,12.061961587067906,173157.3178474266
4.7315151515151515,major,Low,1800.0,Low,4.65,12.078139316792686,175981.40840716005
4.788484848484849,major,Low,1800.0,Low,4.65,12.094313569160605,178850.93596755277
4.845454545454546,major,Low,1800.0,Low,4.65,12.11048434417166,181766.62129418636
4.902424242424242,major,Low,1800.0,Low,4.65,12.126651641825848,184729.19641855624
4.95939393939394,major,Low,1800.0,Low,4.65,12.142815462123174,187739.40481146803
5.016363636363637,major,Low,1800.0,Low,4.65,12.158975805063635,190798.00155905553
5.073333333333333,major,Low,1800.0,Low,4.65,12.175132670647233,193905.7535414677
5.130303030303031,major,Low,1800.0,Low,4.65,12.191286058873963,197063.43961425676
5.1872727272727275,major,Low,1800.0,Low,4.65,12.207435969743832,200271.85079251652
5.244242424242424,major,Low,1800.0,Low,4.65,12.223582403256835,203531.79043779848
5.301212121212122,major,Low,1800.0,Low,4.65,12.239725359412976,206844.07444786408
5.358181818181818,major,Low,1800.0,Low,4.65,12.25586483821225,210209.53144929738
5.415151515151515,major,Low,1800.0,Low,4.65,12.27200083965466,213629.00299303763
5.472121212121213,major,Low,1800.0,Low,4.65,12.288133363740208,217103.34375286184
5.529090909090909,major,Low,1800.0,Low,4.65,12.30426241046889,220633.42172686712
5.586060606060606,major,Low,1800.0,Low,4.65,12.320387979840707,224220.1184419981
5.6430303030303035,major,Low,1800.0,Low,4.65,12.33651007185566,227864.32916166348
5.7,major,Low,1800.0,Low,4.65,12.35262868651375,231566.96309648454
0.06,major,Low,1800.0,Medium,6.0,10.80435798207295,49233.89908760667
0.11696969696969697,major,Low,1800.0,Medium,6.0,10.820817377703744,50050.981666896645
0.17393939393939395,major,Low,1800.0,Medium,6.0,10.837273295977672,50881.44728324565
0.23090909090909092,major,Low,1800.0,Medium,6.0,10.853725736894736,51725.51216528776
0.2878787878787879,major,Low,1800.0,Medium,6.0,10.870174700454937,52583.39598590902
0.3448484848484849,major,Low,1800.0,Medium,6.0,10.886620186658272,53455.32191630135
0.40181818181818185,major,Low,1800.0,Medium,6.0,10.903062195504743,54341.51668085262
0.4587878787878788,major,Low,1800.0,Medium,6.0,10.91950072699435,55242.21061288343
0.5157575757575759,major,Low,1800.0,Medium,6.0,10.935935781127093,56157.63771124575
0.5727272727272728,major,Low,1800.0,Medium,6.0,10.952367357902972,57088.0356977951
0.6296969696969699,major,Low,1800.0,Medium,6.0,10.968795457321985,58033.64607574956
0.6866666666666668,major,Low,1800.0,Medium,6.0,10.985220079384135,58994.71418895047
0.7436363636363637,major,Low,1800.0,Medium,6.0,11.00164122408942,59971.489282036186
0.8006060606060608,major,Low,1800.0,Medium,6.0,11.01805889143784,60964.224561545074
0.8575757575757577,major,Low,1800.0,Medium,6.0,11.034473081429399,61973.17725796046
0.9145454545454546,major,Low,1800.0,Medium,6.0,11.05088379406409,62998.60868871174
0.9715151515151517,major,Low,1800.0,Medium,6.0,11.067291029341918,64040.78432214784
1.0284848484848486,major,Low,1800.0,Medium,6.0,11.083694787262882,65099.973842494874
1.0854545454545457,major,Low,1800.0,Medium,6.0,11.100095067826981,66176.45121581599
1.1424242424242426,major,Low,1800.0,Medium,6.0,11.116491871034217,67270.49475698653
1.1993939393939397,major,Low,1800.0,Medium,6.0,11.132885196884587,68382.38719770023
1.2563636363636366,major,Low,1800.0,Medium,6.0,11.149275045378094,69512.4157555236
1.3133333333333335,major,Low,1800.0,Medium,6.0,11.165661416514736,70660.8722040115
1.3703030303030306,major,Low,1800.0,Medium,6.0,11.182044310294513,71828.05294390295
1.4272727272727275,major,Low,1800.0,Medium,6.0,11.198423726717426,73014.25907541161
1.4842424242424244,major,Low,1800.0,Medium,6.0,11.214799665783476,74219.79647162833
1.5412121212121215,major,Low,1800.0,Medium,6.0,11.23117212749266,75444.97585305176
1.5981818181818184,major,Low,1800.0,Medium,6.0,11.247541111844981,76690.1128632656
1.6551515151515153,major,Low,1800.0,Medium,6.0,11.263906618840437,77955.52814577827
1.7121212121212124,major,Low,1800.0,Medium,6.0,11.280268648479028,79241.54742204332
1.7690909090909093,major,Low,1800.0,Medium,6.0,11.296627200760756,80548.50157067858
1.8260606060606064,major,Low,1800.0,Medium,6.0,11.31298227568562,81876.72670790117
1.8830303030303033,major,Low,1800.0,Medium,6.0,11.329333873253617,83226.56426919822
1.9400000000000002,major,Low,1800.0,Medium,6.0,11.345681993464753,84598.36109225165
1.9969696969696973,major,Low,1800.0,Medium,6.0,11.362026636319023,85992.46950113314
2.053939393939394,major,Low,1800.0,Medium,6.0,11.37836780181643,87409.24739179418
2.1109090909090913,major,Low,1800.0,Medium,6.0,11.394705489956971,88849.05831886447
2.167878787878788,major,Low,1800.0,Medium,6.0,11.411039700740648,90312.27158378306
2.224848484848485,major,Low,1800.0,Medium,6.0,11.427370434167461,91799.2623242799
2.281818181818182,major,Low,1800.0,Medium,6.0,11.443697690237409,93310.41160522899
2.3387878787878793,major,Low,1800.0,Medium,6.0,11.460021468950494,94846.10651089379
2.395757575757576,major,Low,1800.0,Medium,6.0,11.476341770306712,96406.74023858504
2.452727272727273,major,Low,1800.0,Medium,6.0,11.492658594306068,97992.71219375468
2.50969696969697,major,Low,1800.0,Medium,6.0,11.508971940948559,99604.42808654348
2.566666666666667,major,Low,1800.0,Medium,6.0,11.525281810234187,101242.30002980871
2.623636363636364,major,Low,1800.0,Medium,6.0,11.541588202162949,102906.74663865025
2.680606060606061,major,Low,1800.0,Medium,6.0,11.557891116734847,104598.1931314615
2.7375757575757578,major,Low,1800.0,Medium,6.0,11.574190553949881,106317.07143252366
2.794545454545455,major,Low,1800.0,Medium,6.0,11.59048651380805,108063.82027617074
2.851515151515152,major,Low,1800.0,Medium,6.0,11.606778996309355,109838.88531254636
2.9084848484848487,major,Low,1800.0,Medium,6.0,11.623068001453797,111642.7192149773
2.965454545454546,major,Low,1800.0,Medium,6.0,11.639353529241374,113475.78178898714
3.022424242424243,major,Low,1800.0,Medium,6.0,11.655635579672087,115338.54008297641
3.0793939393939396,major,Low,1800.0,Medium,6.0,11.671914152745934,117231.46850059259
3.1363636363636367,major,Low,1800.0,Medium,6.0,11.688189248462917,119155.04891481598
3.193333333333334,major,Low,1800.0,Medium,6.0,11.704460866823037,121109.7707837875
3.2503030303030305,major,Low,1800.0,Medium,6.0,11.720729007826293,123096.13126840346
3.3072727272727276,major,Low,1800.0,Medium,6.0,11.736993671472682,125114.63535170552
3.3642424242424247,major,Low,1800.0,Medium,6.0,11.75325485776221,127165.79596009252
3.421212121212122,major,Low,1800.0,Medium,6.0,11.769512566694871,129250.1340863777
3.4781818181818185,major,Low,1800.0,Medium,6.0,11.785766798270668,131368.17891472657
3.5351515151515156,major,Low,1800.0,Medium,6.0,11.802017552489602,133520.46794749616
3.5921212121212127,major,Low,1800.0,Medium,6.0,11.818264829351671,135707.54713400753
3.6490909090909094,major,Low,1800.0,Medium,6.0,11.834508628856875,137929.9710012815
3.7060606060606065,major,Low,1800.0,Medium,6.0,11.850748951005215,140188.30278676457
3.7630303030303036,major,Low,1800.0,Medium,6.0,11.866985795796692,142483.11457307675
3.8200000000000003,major,Low,1800.0,Medium,6.0,11.883219163231304,144814.9874248094
3.8769696969696974,major,Low,1800.0,Medium,6.0,11.899449053309052,147184.511527407
3.9339393939393945,major,Low,1800.0,Medium,6.0,11.915675466029935,149592.28632816105
3.990909090909091,major,Low,1800.0,Medium,6.0,11.931898401393953,152038.92067934907
4.047878787878788,major,Low,1800.0,Medium,6.0,11.948117859401108,154525.03298355103
4.1048484848484845,major,Low,1800.0,Medium,6.0,11.964333840051399,157051.25134117398
4.161818181818182,major,Low,1800.0,Medium,6.0,11.980546343344823,159618.21370022077
4.218787878787879,major,Low,1800.0,Medium,6.0,11.996755369281384,162226.56800833513
4.275757575757575,major,Low,1800.0,Medium,6.0,12.012960917861083,164876.9723671545
4.332727272727273,major,Low,1800.0,Medium,6.0,12.029162989083915,167570.09518900892
4.38969696969697,major,Low,1800.0,Medium,6.0,12.045361582949884,170306.61535600142
4.446666666666666,major,Low,1800.0,Medium,6.0,12.061556699458988,173087.22238149954
4.503636363636364,major,Low,1800.0,Medium,6.0,12.077748338611228,175912.6165740815
4.5606060606060606,major,Low,1800.0,Medium,6.0,12.093936500406603,178783.50920396842
4.617575757575758,major,Low,1800.0,Medium,6.0,12.110121184845115,181700.62267198242
4.674545454545455,major,Low,1800.0,Medium,6.0,12.12630239192676,184664.69068106537
4.7315151515151515,major,Low,1800.0,Medium,6.0,12.142480121651543,187676.45841040212
4.788484848484849,major,Low,1800.0,Medium,6.0,12.158654374019463,190736.682692179
4.845454545454546,major,Low,1800.0,Medium,6.0,12.174825149030516,193846.13219102315
4.902424242424242,major,Low,1800.0,Medium,6.0,12.190992446684707,197005.58758616287
4.95939393939394,major,Low,1800.0,Medium,6.0,12.207156266982032,200215.84175634253
5.016363636363637,major,Low,1800.0,Medium,6.0,12.223316609922492,203477.6999675416
5.073333333333333,major,Low,1800.0,Medium,6.0,12.239473475506088,206791.98006353565
5.130303030303031,major,Low,1800.0,Medium,6.0,12.255626863732822,210159.51265933906
5.1872727272727275,major,Low,1800.0,Medium,6.0,12.271776774602689,213581.1413375766
5.244242424242424,major,Low,1800.0,Medium,6.0,12.287923208115693,217057.7228478283
5.301212121212122,major,Low,1800.0,Medium,6.0,12.30406616427183,220590.12730898408
5.358181818181818,major,Low,1800.0,Medium,6.0,12.320205643071105,224179.23841466432
5.415151515151515,major,Low,1800.0,Medium,6.0,12.336341644513517,227825.9536417405
5.472121212121213,major,Low,1800.0,Medium,6.0,12.352474168599063,231531.18446200964
5.529090909090909,major,Low,1800.0,Medium,6.0,12.368603215327745,235295.85655706943
5.586060606060606,major,Low,1800.0,Medium,6.0,12.384728784699563,239120.91003643416
5.6430303030303035,major,Low,1800.0,Medium,6.0,12.400850876714514,243007.29965894853
5.7,major,Low,1800.0,Medium,6.0,12.416969491372605,246955.99505754522
0.06,major,Low,1800.0,High,7.35,10.868698786931807,52505.84320944146
0.11696969696969697,major,Low,1800.0,High,7.35,10.885158182562598,53377.225657156065
0.17393939393939395,major,Low,1800.0,High,7.35,10.901614100836529,54262.880522232255
0.23090909090909092,major,Low,1800.0,High,7.35,10.918066541753593,55163.03840294854
0.2878787878787879,major,Low,1800.0,High,7.35,10.934515505313792,56077.93357072621
0.3448484848484849,major,Low,1800.0,High,7.35,10.950960991517128,57007.80402777535
0.40181818181818185,major,Low,1800.0,High,7.35,10.9674030003636,57952.89156563189
0.4587878787878788,major,Low,1800.0,High,7.35,10.983841531853205,58913.44182459924
0.5157575757575759,major,Low,1800.0,High,7.35,11.000276585985949,59889.70435410829
0.5727272727272728,major,Low,1800.0,High,7.35,11.016708162761827,60881.932674007876
0.6296969696969699,major,Low,1800.0,High,7.35,11.033136262180841,61890.38433680368
0.6866666666666668,major,Low,1800.0,High,7.35,11.049560884242991,62915.32099085557
0.7436363636363637,major,Low,1800.0,High,7.35,11.065982028948277,63957.008444551386
0.8006060606060608,major,Low,1800.0,High,7.35,11.082399696296697,65015.716731470064
0.8575757575757577,major,Low,1800.0,High,7.35,11.098813886288253,66091.72017654985
0.9145454545454546,major,Low,1800.0,High,7.35,11.115224598922946,67185.29746327673
0.9715151515151517,major,Low,1800.0,High,7.35,11.131631834200775,68296.73170190815
1.0284848484848486,major,Low,1800.0,High,7.35,11.148035592121737,69426.3104987486
1.0854545454545457,major,Low,1800.0,High,7.35,11.164435872685837,70574.32602649275
1.1424242424242426,major,Low,1800.0,High,7.35,11.180832675893072,71741.07509565043
1.1993939393939397,major,Low,1800.0,High,7.35,11.197226001743443,72926.85922707398
1.2563636363636366,major,Low,1800.0,High,7.35,11.213615850236948,74131.98472559972
1.3133333333333335,major,Low,1800.0,High,7.35,11.230002221373592,75356.76275482516
1.3703030303030306,major,Low,1800.0,High,7.35,11.24638511515337,76601.50941303426
1.4272727272727275,major,Low,1800.0,High,7.35,11.262764531576282,77866.5458102934
1.4842424242424244,major,Low,1800.0,High,7.35,11.279140470642332,79152.19814673137
1.5412121212121215,major,Low,1800.0,High,7.35,11.295512932351517,80458.7977920231
1.5981818181818184,major,Low,1800.0,High,7.35,11.311881916703836,81786.68136609589
1.6551515151515153,major,Low,1800.0,High,7.35,11.328247423699294,83136.19082107628
1.7121212121212124,major,Low,1800.0,High,7.35,11.344609453337885,84507.67352449398
1.7690909090909093,major,Low,1800.0,High,7.35,11.360968005619611,85901.4823437668
1.8260606060606064,major,Low,1800.0,High,7.35,11.377323080544475,87317.97573198091
1.8830303030303033,major,Low,1800.0,High,7.35,11.393674678112474,88757.51781498862
1.9400000000000002,major,Low,1800.0,High,7.35,11.41002279832361,90220.47847984366
1.9969696969696973,major,Low,1800.0,High,7.35,11.426367441177879,91707.23346459247
2.053939393939394,major,Low,1800.0,High,7.35,11.442708606675286,93218.16444944481
2.1109090909090913,major,Low,1800.0,High,7.35,11.459046294815826,94753.65914934035
2.167878787878788,major,Low,1800.0,High,7.35,11.475380505599503,96314.11140793744
2.224848484848485,major,Low,1800.0,High,7.35,11.491711239026316,97899.9212930401
2.281818181818182,major,Low,1800.0,High,7.35,11.508038495096265,99511.49519348981
2.3387878787878793,major,Low,1800.0,High,7.35,11.524362273809349,101149.24591754012
2.395757575757576,major,Low,1800.0,High,7.35,11.540682575165569,102813.59279274041
2.452727272727273,major,Low,1800.0,High,7.35,11.556999399164924,104504.96176734698
2.50969696969697,major,Low,1800.0,High,7.35,11.573312745807415,106223.78551328876
2.566666666666667,major,Low,1800.0,High,7.35,11.589622615093042,107970.50353070843
2.623636363636364,major,Low,1800.0,High,7.35,11.605929007021805,109745.56225410361
2.680606060606061,major,Low,1800.0,High,7.35,11.622231921593704,111549.41516009152
2.7375757575757578,major,Low,1800.0,High,7.35,11.638531358808738,113382.52287682288
2.794545454545455,major,Low,1800.0,High,7.35,11.654827318666907,115245.35329506858
2.851515151515152,major,Low,1800.0,High,7.35,11.671119801168212,117138.38168100463
2.9084848484848487,major,Low,1800.0,High,7.35,11.687408806312654,119062.09079072141
2.965454545454546,major,Low,1800.0,High,7.35,11.703694334100229,121016.97098648171
3.022424242424243,major,Low,1800.0,High,7.35,11.719976384530941,123003.52035475697
3.0793939393939396,major,Low,1800.0,High,7.35,11.736254957604789,125022.2448260637
3.1363636363636367,major,Low,1800.0,High,7.35,11.752530053321774,127073.65829663209
3.193333333333334,major,Low,1800.0,High,7.35,11.768801671681892,129158.28275192986
3.2503030303030305,major,Low,1800.0,High,7.35,11.785069812685148,131276.6483920742
3.3072727272727276,major,Low,1800.0,High,7.35,11.801334476331538,133429.29375915384
3.3642424242424247,major,Low,1800.0,High,7.35,11.817595662621066,135616.76586649628
3.421212121212122,major,Low,1800.0,High,7.35,11.833853371553726,137839.6203299038
3.4781818181818185,major,Low,1800.0,High,7.35,11.850107603129524,140098.42150089447
3.5351515151515156,major,Low,1800.0,High,7.35,11.866358357348457,142393.7426019682
3.5921212121212127,major,Low,1800.0,High,7.35,11.882605634210528,144726.1658639406
3.6490909090909094,major,Low,1800.0,High,7.35,11.898849433715732,147096.28266536305
3.7060606060606065,major,Low,1800.0,High,7.35,11.915089755864072,149504.69367407184
3.7630303030303036,major,Low,1800.0,High,7.35,11.931326600655549,151952.00899088953
3.8200000000000003,major,Low,1800.0,High,7.35,11.947559968090161,154438.84829551398
3.8769696969696974,major,Low,1800.0,High,7.35,11.963789858167907,156965.84099462949
3.9339393939393945,major,Low,1800.0,High,7.35,11.98001627088879,159533.6263722715
3.990909090909091,major,Low,1800.0,High,7.35,11.99623920625281,162142.85374247676
4.047878787878788,major,Low,1800.0,High,7.35,12.012458664259963,164794.1826042564
4.1048484848484845,major,Low,1800.0,High,7.35,12.028674644910254,167488.28279892728
4.161818181818182,major,Low,1800.0,High,7.35,12.04488714820368,170225.8346698308
4.218787878787879,major,Low,1800.0,High,7.35,12.061096174140241,173007.52922448269
4.275757575757575,major,Low,1800.0,High,7.35,12.077301722719938,175834.06829918473
4.332727272727273,major,Low,1800.0,High,7.35,12.09350379394277,178706.16472613718
4.38969696969697,major,Low,1800.0,High,7.35,12.109702387808738,181624.54250308924
4.446666666666666,major,Low,1800.0,High,7.35,12.125897504317845,184589.93696556453
4.503636363636364,major,Low,1800.0,High,7.35,12.142089143470084,187603.09496170044
4.5606060606060606,major,Low,1800.0,High,7.35,12.15827730526546,190664.77502974303
4.617575757575758,major,Low,1800.0,High,7.35,12.174461989703971,193775.74757823185
4.674545454545455,major,Low,1800.0,High,7.35,12.190643196785617,196936.7950689175
4.7315151515151515,major,Low,1800.0,High,7.35,12.2068209265104,200148.71220245634
4.788484848484849,major,Low,1800.0,High,7.35,12.222995178878318,203412.30610691532
4.845454545454546,major,Low,1800.0,High,7.35,12.239165953889373,206728.39652913786
4.902424242424242,major,Low,1800.0,High,7.35,12.255333251543561,210097.81602900568
4.95939393939394,major,Low,1800.0,High,7.35,12.271497071840887,213521.41017664774
5.016363636363637,major,Low,1800.0,High,7.35,12.287657414781346,217000.0377526301
5.073333333333333,major,Low,1800.0,High,7.35,12.303814280364943,220534.5709511827
5.130303030303031,major,Low,1800.0,High,7.35,12.319967668591676,224125.89558649695
5.1872727272727275,major,Low,1800.0,High,7.35,12.336117579461543,227774.91130214752
5.244242424242424,major,Low,1800.0,High,7.35,12.352264012974548,231482.53178368474
5.301212121212122,major,Low,1800.0,High,7.35,12.368406969130687,235249.68497443732
5.358181818181818,major,Low,1800.0,High,7.35,12.384546447929962,239077.31329458256
5.415151515151515,major,Low,1800.0,High,7.35,12.400682449372372,242966.37386352662
5.472121212121213,major,Low,1800.0,High,7.35,12.41681497345792,246917.83872564626
5.529090909090909,major,Low,1800.0,High,7.35,12.4329440201866,250932.6950794394
5.586060606060606,major,Low,1800.0,High,7.35,12.44906958955842,255011.94551014272
5.6430303030303035,major,Low,1800.0,High,7.35,12.465191681573371,259156.608225853
5.7,major,Low,1800.0,High,7.35,12.481310296231461,263367.71729722613
0.06,major,Medium,8000.0000000000055,Low,4.65,11.032847168605732,61872.49452127727
0.11696969696969697,major,Medium,8000.0000000000055,Low,4.65,11.049306564236526,62899.32214619374
0.17393939393939395,major,Medium,8000.0000000000055,Low,4.65,11.065762482510454,63942.96823292278
0.23090909090909092,major,Medium,8000.0000000000055,Low,4.65,11.082214923427518,65003.70451597491
0.2878787878787879,major,Medium,8000.0000000000055,Low,4.65,11.098663886987719,66081.80705825194
0.3448484848484849,major,Medium,8000.0000000000055,Low,4.65,11.115109373191054,67177.55631897642
0.40181818181818185,major,Medium,8000.0000000000055,Low,4.65,11.131551382037525,68291.23722267203
0.4587878787878788,major,Medium,8000.0000000000055,Low,4.65,11.147989913527132,69423.13922920795
0.5157575757575759,major,Medium,8000.0000000000055,Low,4.65,11.164424967659874,70573.55640492645
0.5727272727272728,major,Medium,8000.0000000000055,Low,4.65,11.180856544435754,71742.7874948681
0.6296969696969699,major,Medium,8000.0000000000055,Low,4.65,11.197284643854767,72931.13599611151
0.6866666666666668,major,Medium,8000.0000000000055,Low,4.65,11.213709265916917,74138.91023224636
0.7436363636363637,major,Medium,8000.0000000000055,Low,4.65,11.230130410622202,75366.42342899367
0.8006060606060608,major,Medium,8000.0000000000055,Low,4.65,11.246548077970623,76613.99379099393
0.8575757575757577,major,Medium,8000.0000000000055,Low,4.65,11.26296226796218,77881.94457977902
0.9145454545454546,major,Medium,8000.0000000000055,Low,4.65,11.279372980596872,79170.6041929457
0.9715151515151517,major,Medium,8000.0000000000055,Low,4.65,11.2957802158747,80480.30624455096
1.0284848484848486,major,Medium,8000.0000000000055,Low,4.65,11.312183973795664,81811.3896467445
1.0854545454545457,major,Medium,8000.0000000000055,Low,4.65,11.328584254359763,83164.19869266023
1.1424242424242426,major,Medium,8000.0000000000055,Low,4.65,11.344981057566999,84539.08314058415
1.1993939393939397,major,Medium,8000.0000000000055,Low,4.65,11.361374383417369,85936.39829941762
1.2563636363636366,major,Medium,8000.0000000000055,Low,4.65,11.377764231910875,87356.50511545801
1.3133333333333335,major,Medium,8000.0000000000055,Low,4.65,11.394150603047517,88799.77026051297
1.3703030303030306,major,Medium,8000.0000000000055,Low,4.65,11.410533496827295,90266.56622137222
1.4272727272727275,major,Medium,8000.0000000000055,Low,4.65,11.42691291325021,91757.27139065508
1.4842424242424244,major,Medium,8000.0000000000055,Low,4.65,11.443288852316257,93272.27015905466
1.5412121212121215,major,Medium,8000.0000000000055,Low,4.65,11.459661314025443,94811.95300900217
1.5981818181818184,major,Medium,8000.0000000000055,Low,4.65,11.476030298377763,96376.71660976883
1.6551515151515153,major,Medium,8000.0000000000055,Low,4.65,11.492395805373219,97966.96391403102
1.7121212121212124,major,Medium,8000.0000000000055,Low,4.65,11.50875783501181,99583.10425591856
1.7690909090909093,major,Medium,8000.0000000000055,Low,4.65,11.525116387293538,101225.55345056919
1.8260606060606064,major,Medium,8000.0000000000055,Low,4.65,11.541471462218402,102894.73389521136
1.8830303030303033,major,Medium,8000.0000000000055,Low,4.65,11.5578230597864,104591.07467180007
1.9400000000000002,major,Medium,8000.0000000000055,Low,4.65,11.574171179997535,106315.01165122728
1.9969696969696973,major,Medium,8000.0000000000055,Low,4.65,11.590515822851806,108066.98759913203
2.053939393939394,major,Medium,8000.0000000000055,Low,4.65,11.606856988349211,109847.45228333282
2.1109090909090913,major,Medium,8000.0000000000055,Low,4.65,11.623194676489753,111656.86258291002
2.167878787878788,major,Medium,8000.0000000000055,Low,4.65,11.639528887273428,113495.68259895794
2.224848484848485,major,Medium,8000.0000000000055,Low,4.65,11.655859620700243,115364.38376703834
2.281818181818182,major,Medium,8000.0000000000055,Low,4.65,11.67218687677019,117263.44497135328
2.3387878787878793,major,Medium,8000.0000000000055,Low,4.65,11.688510655483276,119193.35266067204
2.395757575757576,major,Medium,8000.0000000000055,Low,4.65,11.704830956839494,121154.60096602973
2.452727272727273,major,Medium,8000.0000000000055,Low,4.65,11.72114778083885,123147.69182023214
2.50969696969697,major,Medium,8000.0000000000055,Low,4.65,11.737461127481343,125173.13507918737
2.566666666666667,major,Medium,8000.0000000000055,Low,4.65,11.753770996766969,127231.44864509602
2.623636363636364,major,Medium,8000.0000000000055,Low,4.65,11.770077388695732,129323.15859152809
2.680606060606061,major,Medium,8000.0000000000055,Low,4.65,11.786380303267629,131448.7992904104
2.7375757575757578,major,Medium,8000.0000000000055,Low,4.65,11.802679740482663,133608.91354096003
2.794545454545455,major,Medium,8000.0000000000055,Low,4.65,11.818975700340832,135804.05270058612
2.851515151515152,major,Medium,8000.0000000000055,Low,4.65,11.835268182842139,138034.77681779582
2.9084848484848487,major,Medium,8000.0000000000055,Low,4.65,11.851557187986579,140301.65476712905
2.965454545454546,major,Medium,8000.0000000000055,Low,4.65,11.867842715774156,142605.26438615852
3.022424242424243,major,Medium,8000.0000000000055,Low,4.65,11.884124766204868,144946.19261457893
3.0793939393939396,major,Medium,8000.0000000000055,Low,4.65,11.900403339278716,147325.0356354236
3.1363636363636367,major,Medium,8000.0000000000055,Low,4.65,11.9166784349957,149742.39901843594
3.193333333333334,major,Medium,8000.0000000000055,Low,4.65,11.93295005335582,152198.8978656302
3.2503030303030305,major,Medium,8000.0000000000055,Low,4.65,11.949218194359073,154695.1569590725
3.3072727272727276,major,Medium,8000.0000000000055,Low,4.65,11.965482858005466,157231.81091092006
3.3642424242424247,major,Medium,8000.0000000000055,Low,4.65,11.981744044294992,159809.50431574366
3.421212121212122,major,Medium,8000.0000000000055,Low,4.65,11.998001753227655,162428.89190517965
3.4781818181818185,major,Medium,8000.0000000000055,Low,4.65,12.014255984803452,165090.63870493395
3.5351515151515156,major,Medium,8000.0000000000055,Low,4.65,12.030506739022385,167795.42019418444
3.5921212121212127,major,Medium,8000.0000000000055,Low,4.65,12.046754015884453,170543.92246740754
3.6490909090909094,major,Medium,8000.0000000000055,Low,4.65,12.062997815389657,173336.84239867522
3.7060606060606065,major,Medium,8000.0000000000055,Low,4.65,12.079238137537999,176174.8878084505
3.7630303030303036,major,Medium,8000.0000000000055,Low,4.65,12.095474982329474,179058.7776329241
3.8200000000000003,major,Medium,8000.0000000000055,Low,4.65,12.111708349764086,181989.24209593167
3.8769696969696974,major,Medium,8000.0000000000055,Low,4.65,12.127938239841834,184967.02288348306
3.9339393939393945,major,Medium,8000.0000000000055,Low,4.65,12.144164652562717,187992.873320951
3.990909090909091,major,Medium,8000.0000000000055,Low,4.65,12.160387587926735,191067.5585529536
4.047878787878788,major,Medium,8000.0000000000055,Low,4.65,12.17660704593389,194191.85572597326
4.1048484848484845,major,Medium,8000.0000000000055,Low,4.65,12.192823026584179,197366.55417375098
4.161818181818182,major,Medium,8000.0000000000055,Low,4.65,12.209035529877607,200592.4556055023
4.218787878787879,major,Medium,8000.0000000000055,Low,4.65,12.225244555814168,203870.37429698772
4.275757575757575,major,Medium,8000.0000000000055,Low,4.65,12.241450104393865,207201.13728449304
4.332727272727273,major,Medium,8000.0000000000055,Low,4.65,12.257652175616697,210585.58456175134
4.38969696969697,major,Medium,8000.0000000000055,Low,4.65,12.273850769482666,214024.56927985745
4.446666666666666,major,Medium,8000.0000000000055,Low,4.65,12.29004588599177,217518.95795021608
4.503636363636364,major,Medium,8000.0000000000055,Low,4.65,12.30623752514401,221069.63065057248
4.5606060606060606,major,Medium,8000.0000000000055,Low,4.65,12.322425686939386,224677.4812341683
4.617575757575758,major,Medium,8000.0000000000055,Low,4.65,12.338610371377897,228343.4175420691
4.674545454545455,major,Medium,8000.0000000000055,Low,4.65,12.354791578459544,232068.36161871642
4.7315151515151515,major,Medium,8000.0000000000055,Low,4.65,12.370969308184325,235853.24993074228
4.788484848484849,major,Medium,8000.0000000000055,Low,4.65,12.387143560552243,239699.03358910754
4.845454545454546,major,Medium,8000.0000000000055,Low,4.65,12.403314335563298,243606.67857460064
4.902424242424242,major,Medium,8000.0000000000055,Low,4.65,12.419481633217487,247577.16596675583
4.95939393939394,major,Medium,8000.0000000000055,Low,4.65,12.435645453514812,251611.4921762416
5.016363636363637,major,Medium,8000.0000000000055,Low,4.65,12.451805796455274,255710.6691807626
5.073333333333333,major,Medium,8000.0000000000055,Low,4.65,12.467962662038872,259875.7247645387
5.130303030303031,major,Medium,8000.0000000000055,Low,4.65,12.484116050265602,264107.7027614037
5.1872727272727275,major,Medium,8000.0000000000055,Low,4.65,12.50026596113547,268407.6633015907
5.244242424242424,major,Medium,8000.0000000000055,Low,4.65,12.516412394648473,272776.6830622396
5.301212121212122,major,Medium,8000.0000000000055,Low,4.65,12.532555350804614,277215.85552170593
5.358181818181818,major,Medium,8000.0000000000055,Low,4.65,12.548694829603889,281726.29121770314
5.415151515151515,major,Medium,8000.0000000000055,Low,4.65,12.564830831046299,286309.11800935847
5.472121212121213,major,Medium,8000.0000000000055,Low,4.65,12.580963355131846,290965.4813432223
5.529090909090909,major,Medium,8000.0000000000055,Low,4.65,12.597092401860529,295696.54452329734
5.586060606060606,major,Medium,8000.0000000000055,Low,4.65,12.613217971232345,300503.4889851499
5.6430303030303035,major,Medium,8000.0000000000055,Low,4.65,12.629340063247298,305387.5145741604
5.7,major,Medium,8000.0000000000055,Low,4.65,12.645458677905388,310349.83982797136
0.06,major,Medium,8000.0000000000055,Medium,6.0,11.097187973464589,65984.346489046
0.11696969696969697,major,Medium,8000.0000000000055,Medium,6.0,11.113647369095382,67079.4127551244
0.17393939393939395,major,Medium,8000.0000000000055,Medium,6.0,11.13010328736931,68192.41516718424
0.23090909090909092,major,Medium,8000.0000000000055,Medium,6.0,11.146555728286375,69323.64351806763
0.2878787878787879,major,Medium,8000.0000000000055,Medium,6.0,11.163004691846574,70473.39221665457
0.3448484848484849,major,Medium,8000.0000000000055,Medium,6.0,11.17945017804991,71641.96036030716
0.40181818181818185,major,Medium,8000.0000000000055,Medium,6.0,11.195892186896382,72829.6518084331
0.4587878787878788,major,Medium,8000.0000000000055,Medium,6.0,11.212330718385989,74036.77525718603
0.5157575757575759,major,Medium,8000.0000000000055,Medium,6.0,11.22876577251873,75263.64431531932
0.5727272727272728,major,Medium,8000.0000000000055,Medium,6.0,11.24519734929461,76510.57758121128
0.6296969696969699,major,Medium,8000.0000000000055,Medium,6.0,11.261625448713623,77777.89872107869
0.6866666666666668,major,Medium,8000.0000000000055,Medium,6.0,11.278050070775773,79065.936548399
0.7436363636363637,major,Medium,8000.0000000000055,Medium,6.0,11.294471215481058,80375.02510455601
0.8006060606060608,major,Medium,8000.0000000000055,Medium,6.0,11.31088888282948,81705.50374073103
0.8575757575757577,major,Medium,8000.0000000000055,Medium,6.0,11.327303072821035,83057.71720105632
0.9145454545454546,major,Medium,8000.0000000000055,Medium,6.0,11.343713785455728,84432.01570705086
0.9715151515151517,major,Medium,8000.0000000000055,Medium,6.0,11.360121020733557,85828.75504335696
1.0284848484848486,major,Medium,8000.0000000000055,Medium,6.0,11.37652477865452,87248.29664479915
1.0854545454545457,major,Medium,8000.0000000000055,Medium,6.0,11.39292505921862,88691.00768478362
1.1424242424242426,major,Medium,8000.0000000000055,Medium,6.0,11.409321862425855,90157.26116505962
1.1993939393939397,major,Medium,8000.0000000000055,Medium,6.0,11.425715188276225,91647.43600686229
1.2563636363636366,major,Medium,8000.0000000000055,Medium,6.0,11.442105036769732,93161.91714346039
1.3133333333333335,major,Medium,8000.0000000000055,Medium,6.0,11.458491407906372,94701.09561412614
1.3703030303030306,major,Medium,8000.0000000000055,Medium,6.0,11.474874301686151,96265.36865955367
1.4272727272727275,major,Medium,8000.0000000000055,Medium,6.0,11.491253718109064,97855.1398187421
1.4842424242424244,major,Medium,8000.0000000000055,Medium,6.0,11.507629657175114,99470.8190273725
1.5412121212121215,major,Medium,8000.0000000000055,Medium,6.0,11.524002118884297,101112.8227176939
1.5981818181818184,major,Medium,8000.0000000000055,Medium,6.0,11.54037110323662,102781.57391994802
1.6551515151515153,major,Medium,8000.0000000000055,Medium,6.0,11.556736610232075,104477.50236534927
1.7121212121212124,major,Medium,8000.0000000000055,Medium,6.0,11.573098639870667,106201.04459065064
1.7690909090909093,major,Medium,8000.0000000000055,Medium,6.0,11.589457192152395,107952.6440443134
1.8260606060606064,major,Medium,8000.0000000000055,Medium,6.0,11.605812267077258,109732.75119430764
1.8830303030303033,major,Medium,8000.0000000000055,Medium,6.0,11.622163864645255,111541.82363756844
1.9400000000000002,major,Medium,8000.0000000000055,Medium,6.0,11.63851198485639,113380.32621113272
1.9969696969696973,major,Medium,8000.0000000000055,Medium,6.0,11.65485662771066,115248.73110497971
2.053939393939394,major,Medium,8000.0000000000055,Medium,6.0,11.671197793208066,117147.51797660369
2.1109090909090913,major,Medium,8000.0000000000055,Medium,6.0,11.687535481348608,119077.17406734527
2.167878787878788,major,Medium,8000.0000000000055,Medium,6.0,11.703869692132285,121038.19432050397
2.224848484848485,major,Medium,8000.0000000000055,Medium,6.0,11.7202004255591,123031.08150126385
2.281818181818182,major,Medium,8000.0000000000055,Medium,6.0,11.736527681629047,125056.34631845524
2.3387878787878793,major,Medium,8000.0000000000055,Medium,6.0,11.752851460342132,127114.50754818472
2.395757575757576,major,Medium,8000.0000000000055,Medium,6.0,11.76917176169835,129206.09215935579
2.452727272727273,major,Medium,8000.0000000000055,Medium,6.0,11.785488585697706,131331.63544111548
2.50969696969697,major,Medium,8000.0000000000055,Medium,6.0,11.801801932340197,133491.68113224884
2.566666666666667,major,Medium,8000.0000000000055,Medium,6.0,11.818111801625825,135686.78155255716
2.623636363636364,major,Medium,8000.0000000000055,Medium,6.0,11.834418193554587,137917.49773624426
2.680606060606061,major,Medium,8000.0000000000055,Medium,6.0,11.850721108126486,140184.39956734655
2.7375757575757578,major,Medium,8000.0000000000055,Medium,6.0,11.86702054534152,142488.0659172313
2.794545454545455,major,Medium,8000.0000000000055,Medium,6.0,11.883316505199687,144829.08478419986
2.851515151515152,major,Medium,8000.0000000000055,Medium,6.0,11.899608987700994,147208.05343522594
2.9084848484848487,major,Medium,8000.0000000000055,Medium,6.0,11.915897992845434,149625.5785498563
2.965454545454546,major,Medium,8000.0000000000055,Medium,6.0,11.93218352063301,152082.27636631607
3.022424242424243,major,Medium,8000.0000000000055,Medium,6.0,11.948465571063725,154578.77282984147
3.0793939393939396,major,Medium,8000.0000000000055,Medium,6.0,11.964744144137573,157115.7037432798
3.1363636363636367,major,Medium,8000.0000000000055,Medium,6.0,11.981019239854556,159693.71491999048
3.193333333333334,major,Medium,8000.0000000000055,Medium,6.0,11.997290858214676,162313.4623390782
3.2503030303030305,major,Medium,8000.0000000000055,Medium,6.0,12.01355899921793,164975.612302995
3.3072727272727276,major,Medium,8000.0000000000055,Medium,6.0,12.02982366286432,167680.84159755002
3.3642424242424247,major,Medium,8000.0000000000055,Medium,6.0,12.046084849153846,170429.83765435626
3.421212121212122,major,Medium,8000.0000000000055,Medium,6.0,12.06234255808651,173223.29871575796
3.4781818181818185,major,Medium,8000.0000000000055,Medium,6.0,12.078596789662306,176061.93400226985
3.5351515151515156,major,Medium,8000.0000000000055,Medium,6.0,12.09484754388124,178946.46388257225
3.5921212121212127,major,Medium,8000.0000000000055,Medium,6.0,12.111094820743308,181877.62004609214
3.6490909090909094,major,Medium,8000.0000000000055,Medium,6.0,12.127338620248514,184856.14567821892
3.7060606060606065,major,Medium,8000.0000000000055,Medium,6.0,12.143578942396854,187882.79563818278
3.7630303030303036,major,Medium,8000.0000000000055,Medium,6.0,12.15981578718833,190958.33663964836
3.8200000000000003,major,Medium,8000.0000000000055,Medium,6.0,12.176049154622941,194083.54743405202
3.8769696969696974,major,Medium,8000.0000000000055,Medium,6.0,12.19227904470069,197259.2189967347
3.9339393939393945,major,Medium,8000.0000000000055,Medium,6.0,12.208505457421573,200486.15471590107
3.990909090909091,major,Medium,8000.0000000000055,Medium,6.0,12.22472839278559,203765.17058445932
4.047878787878788,major,Medium,8000.0000000000055,Medium,6.0,12.240947850792747,207097.0953947766
4.1048484848484845,major,Medium,8000.0000000000055,Medium,6.0,12.257163831443036,210482.77093639015
4.161818181818182,major,Medium,8000.0000000000055,Medium,6.0,12.273376334736462,213923.05219673493
4.218787878787879,major,Medium,8000.0000000000055,Medium,6.0,12.289585360673023,217418.8075649113
4.275757575757575,major,Medium,8000.0000000000055,Medium,6.0,12.305790909252721,220970.9190385549
4.332727272727273,major,Medium,8000.0000000000055,Medium,6.0,12.321992980475553,224580.28243384525
4.38969696969697,major,Medium,8000.0000000000055,Medium,6.0,12.338191574341522,228247.80759870773
4.446666666666666,major,Medium,8000.0000000000055,Medium,6.0,12.354386690850625,231974.41862924673
4.503636363636364,major,Medium,8000.0000000000055,Medium,6.0,12.370578330002864,235761.05408947024
4.5606060606060606,major,Medium,8000.0000000000055,Medium,6.0,12.386766491798241,239608.66723434298
4.617575757575758,major,Medium,8000.0000000000055,Medium,6.0,12.402951176236751,243518.2262362258
4.674545454545455,major,Medium,8000.0000000000055,Medium,6.0,12.419132383318399,247490.71441475218
4.7315151515151515,major,Medium,8000.0000000000055,Medium,6.0,12.435310113043181,251527.13047018464
4.788484848484849,major,Medium,8000.0000000000055,Medium,6.0,12.4514843654111,255628.48872031347
4.845454545454546,major,Medium,8000.0000000000055,Medium,6.0,12.467655140422153,259795.8193409437
4.902424242424242,major,Medium,8000.0000000000055,Medium,6.0,12.483822438076343,264030.16861002665
4.95939393939394,major,Medium,8000.0000000000055,Medium,6.0,12.499986258373669,268332.59915548767
5.016363636363637,major,Medium,8000.0000000000055,Medium,6.0,12.51614660131413,272704.19020680984
5.073333333333333,major,Medium,8000.0000000000055,Medium,6.0,12.532303466897726,277146.037850425
5.130303030303031,major,Medium,8000.0000000000055,Medium,6.0,12.548456855124458,281659.25528897066
5.1872727272727275,major,Medium,8000.0000000000055,Medium,6.0,12.564606765994327,286244.9731044707
5.244242424242424,major,Medium,8000.0000000000055,Medium,6.0,12.58075319950733,290904.3395254956
5.301212121212122,major,Medium,8000.0000000000055,Medium,6.0,12.596896155663469,295638.52069836843
5.358181818181818,major,Medium,8000.0000000000055,Medium,6.0,12.613035634462744,300448.700962465
5.415151515151515,major,Medium,8000.0000000000055,Medium,6.0,12.629171635905156,305336.0831296821
5.472121212121213,major,Medium,8000.0000000000055,Medium,6.0,12.645304159990701,310301.8887681239
5.529090909090909,major,Medium,8000.0000000000055,Medium,6.0,12.661433206719384,315347.3584900817
5.586060606060606,major,Medium,8000.0000000000055,Medium,6.0,12.6775587760912,320473.752244355
5.6430303030303035,major,Medium,8000.0000000000055,Medium,6.0,12.693680868106153,325682.34961299715
5.7,major,Medium,8000.0000000000055,Medium,6.0,12.709799482764243,330974.4501125327
0.06,major,Medium,8000.0000000000055,High,7.35,11.161528778323444,70369.45482831354
0.11696969696969697,major,Medium,8000.0000000000055,High,7.35,11.177988173954237,71537.29458837108
0.17393939393939395,major,Medium,8000.0000000000055,High,7.35,11.194444092228165,72724.26245516347
0.23090909090909092,major,Medium,8000.0000000000055,High,7.35,11.210896533145231,73930.66747994532
0.2878787878787879,major,Medium,8000.0000000000055,High,7.35,11.22734549670543,75156.82363677106
0.3448484848484849,major,Medium,8000.0000000000055,High,7.35,11.243790982908767,76403.04989975452
0.40181818181818185,major,Medium,8000.0000000000055,High,7.35,11.260232991755236,77669.67032152023
0.4587878787878788,major,Medium,8000.0000000000055,High,7.35,11.276671523244843,78957.01411286893
0.5157575757575759,major,Medium,8000.0000000000055,High,7.35,11.293106577377586,80265.41572367135
0.5727272727272728,major,Medium,8000.0000000000055,High,7.35,11.309538154153465,81595.21492501278
0.6296969696969699,major,Medium,8000.0000000000055,High,7.35,11.325966253572478,82946.7568926042
0.6866666666666668,major,Medium,8000.0000000000055,High,7.35,11.342390875634628,84320.3922914825
0.7436363636363637,major,Medium,8000.0000000000055,High,7.35,11.358812020339915,85716.47736201572
0.8006060606060608,major,Medium,8000.0000000000055,High,7.35,11.375229687688336,87135.37400723578
0.8575757575757577,major,Medium,8000.0000000000055,High,7.35,11.391643877679892,88577.4498815188
0.9145454545454546,major,Medium,8000.0000000000055,High,7.35,11.408054590314585,90043.0784806315
0.9715151515151517,major,Medium,8000.0000000000055,High,7.35,11.424461825592411,91532.6392331656
1.0284848484848486,major,Medium,8000.0000000000055,High,7.35,11.440865583513375,93046.51759338278
1.0854545454545457,major,Medium,8000.0000000000055,High,7.35,11.457265864077474,94585.10513548792
1.1424242424242426,major,Medium,8000.0000000000055,High,7.35,11.47366266728471,96148.79964935621
1.1993939393939397,major,Medium,8000.0000000000055,High,7.35,11.49005599313508,97738.0052377329
1.2563636363636366,major,Medium,8000.0000000000055,High,7.35,11.506445841628587,99353.13241493129
1.3133333333333335,major,Medium,8000.0000000000055,High,7.35,11.522832212765229,100994.59820704756
1.3703030303030306,major,Medium,8000.0000000000055,High,7.35,11.539215106545008,102662.82625371969
1.4272727272727275,major,Medium,8000.0000000000055,High,7.35,11.55559452296792,104358.24691145009
1.4842424242424244,major,Medium,8000.0000000000055,High,7.35,11.57197046203397,106081.29735851935
1.5412121212121215,major,Medium,8000.0000000000055,High,7.35,11.588342923743154,107832.42170151067
1.5981818181818184,major,Medium,8000.0000000000055,High,7.35,11.604711908095474,109612.07108347458
1.6551515151515153,major,Medium,8000.0000000000055,High,7.35,11.62107741509093,111420.70379375326
1.7121212121212124,major,Medium,8000.0000000000055,High,7.35,11.637439444729523,113258.78537949455
1.7690909090909093,major,Medium,8000.0000000000055,High,7.35,11.65379799701125,115126.78875887704
1.8260606060606064,major,Medium,8000.0000000000055,High,7.35,11.670153071936113,117025.19433607622
1.8830303030303033,major,Medium,8000.0000000000055,High,7.35,11.686504669504112,118954.49011799318
1.9400000000000002,major,Medium,8000.0000000000055,High,7.35,11.702852789715246,120915.17183277695
1.9969696969696973,major,Medium,8000.0000000000055,High,7.35,11.719197432569517,122907.74305016514
2.053939393939394,major,Medium,8000.0000000000055,High,7.35,11.735538598066922,124932.71530366981
2.1109090909090913,major,Medium,8000.0000000000055,High,7.35,11.751876286207464,126990.60821463987
2.167878787878788,major,Medium,8000.0000000000055,High,7.35,11.768210496991141,129081.94961822288
2.224848484848485,major,Medium,8000.0000000000055,High,7.35,11.784541230417954,131207.27569126023
2.281818181818182,major,Medium,8000.0000000000055,High,7.35,11.800868486487904,133367.1310821418
2.3387878787878793,major,Medium,8000.0000000000055,High,7.35,11.817192265200987,135562.06904264932
2.395757575757576,major,Medium,8000.0000000000055,High,7.35,11.833512566557207,137792.65156182213
2.452727272727273,major,Medium,8000.0000000000055,High,7.35,11.849829390556563,140059.4495018697
2.50969696969697,major,Medium,8000.0000000000055,High,7.35,11.866142737199052,142363.04273616773
2.566666666666667,major,Medium,8000.0000000000055,High,7.35,11.88245260648468,144704.02028936677
2.623636363636364,major,Medium,8000.0000000000055,High,7.35,11.898758998413442,147082.98047964176
2.680606060606061,major,Medium,8000.0000000000055,High,7.35,11.91506191298534,149500.53106312302
2.7375757575757578,major,Medium,8000.0000000000055,High,7.35,11.931361350200376,151957.28938053214
2.794545454545455,major,Medium,8000.0000000000055,High,7.35,11.947657310058545,154453.88250606201
2.851515151515152,major,Medium,8000.0000000000055,High,7.35,11.96394979255985,156990.94739853445
2.9084848484848487,major,Medium,8000.0000000000055,High,7.35,11.980238797704292,159569.13105486592
2.965454545454546,major,Medium,8000.0000000000055,High,7.35,11.996524325491867,162189.09066587864
3.022424242424243,major,Medium,8000.0000000000055,High,7.35,12.01280637592258,164851.49377449465
3.0793939393939396,major,Medium,8000.0000000000055,High,7.35,12.029084948996427,167557.0184363421
3.1363636363636367,major,Medium,8000.0000000000055,High,7.35,12.045360044713412,170306.3533828176
3.193333333333334,major,Medium,8000.0000000000055,High,7.35,12.06163166307353,173100.19818663457
3.2503030303030305,major,Medium,8000.0000000000055,High,7.35,12.077899804076786,175939.2634299022
3.3072727272727276,major,Medium,8000.0000000000055,High,7.35,12.094164467723177,178824.2708747645
3.3642424242424247,major,Medium,8000.0000000000055,High,7.35,12.110425654012703,181755.95363664572
3.421212121212122,major,Medium,8000.0000000000055,High,7.35,12.126683362945364,184735.0563601365
3.4781818181818185,major,Medium,8000.0000000000055,High,7.35,12.142937594521163,187762.33539756224
3.5351515151515156,major,Medium,8000.0000000000055,High,7.35,12.159188348740095,190838.55899027182
3.5921212121212127,major,Medium,8000.0000000000055,High,7.35,12.175435625602166,193964.50745269287
3.6490909090909094,major,Medium,8000.0000000000055,High,7.35,12.19167942510737,197140.9733591851
3.7060606060606065,major,Medium,8000.0000000000055,High,7.35,12.20791974725571,200368.76173374656
3.7630303030303036,major,Medium,8000.0000000000055,High,7.35,12.224156592047187,203648.69024260406
3.8200000000000003,major,Medium,8000.0000000000055,High,7.35,12.2403899594818,206981.58938973624
3.8769696969696974,major,Medium,8000.0000000000055,High,7.35,12.256619849559545,210368.30271537398
3.9339393939393945,major,Medium,8000.0000000000055,High,7.35,12.272846262280428,213809.68699752158
3.990909090909091,major,Medium,8000.0000000000055,High,7.35,12.289069197644448,217306.61245654084
4.047878787878788,major,Medium,8000.0000000000055,High,7.35,12.305288655651601,220859.96296284822
4.1048484848484845,major,Medium,8000.0000000000055,High,7.35,12.321504636301892,224470.63624777246
4.161818181818182,major,Medium,8000.0000000000055,High,7.35,12.337717139595318,228139.5441176126
4.218787878787879,major,Medium,8000.0000000000055,High,7.35,12.35392616553188,231867.61267095307
4.275757575757575,major,Medium,8000.0000000000055,High,7.35,12.370131714111576,235655.78251927902
4.332727272727273,major,Medium,8000.0000000000055,High,7.35,12.386333785334408,239505.00901094277
4.38969696969697,major,Medium,8000.0000000000055,High,7.35,12.402532379200377,243416.26245853212
4.446666666666666,major,Medium,8000.0000000000055,High,7.35,12.418727495709483,247390.5283696891
4.503636363636364,major,Medium,8000.0000000000055,High,7.35,12.434919134861723,251428.80768143272
4.5606060606060606,major,Medium,8000.0000000000055,High,7.35,12.451107296657097,255532.11699804003
4.617575757575758,major,Medium,8000.0000000000055,High,7.35,12.46729198109561,259701.4888325325
4.674545454545455,major,Medium,8000.0000000000055,High,7.35,12.483473188177255,263937.9718518249
4.7315151515151515,major,Medium,8000.0000000000055,High,7.35,12.499650917902038,268242.6311255963
4.788484848484849,major,Medium,8000.0000000000055,High,7.35,12.515825170269956,272616.5483789267
4.845454545454546,major,Medium,8000.0000000000055,High,7.35,12.531995945281011,277060.8222487687
4.902424242424242,major,Medium,8000.0000000000055,High,7.35,12.5481632429352,281576.5685443002
4.95939393939394,major,Medium,8000.0000000000055,High,7.35,12.564327063232525,286164.9205112264
5.016363636363637,major,Medium,8000.0000000000055,High,7.35,12.580487406172985,290827.02910007746
5.073333333333333,major,Medium,8000.0000000000055,High,7.35,12.596644271756581,295564.0632385761
5.130303030303031,major,Medium,8000.0000000000055,High,7.35,12.612797659983315,300377.2101081207
5.1872727272727275,major,Medium,8000.0000000000055,High,7.35,12.628947570853182,305267.6754244554
5.244242424242424,major,Medium,8000.0000000000055,High,7.35,12.645094004366186,310236.6837225896
5.301212121212122,major,Medium,8000.0000000000055,High,7.35,12.661236960522325,315285.4786460201
5.358181818181818,major,Medium,8000.0000000000055,High,7.35,12.6773764393216,320415.32324033236
5.415151515151515,major,Medium,8000.0000000000055,High,7.35,12.69351244076401,325627.50025123754
5.472121212121213,major,Medium,8000.0000000000055,High,7.35,12.709644964849558,330923.31242711516
5.529090909090909,major,Medium,8000.0000000000055,High,7.35,12.725774011578238,336304.08282612415
5.586060606060606,major,Medium,8000.0000000000055,High,7.35,12.741899580950058,341771.15512796026
5.6430303030303035,major,Medium,8000.0000000000055,High,7.35,12.75802167296501,347325.8939503095
5.7,major,Medium,8000.0000000000055,High,7.35,12.7741402876231,352969.68517009617
0.06,major,High,35499.99999999999,Low,4.65,11.32543559955362,82902.75200877072
0.11696969696969697,major,High,35499.99999999999,Low,4.65,11.341894995184413,84278.58932700328
0.17393939393939395,major,High,35499.99999999999,Low,4.65,11.358350913458342,85676.96155453852
0.23090909090909092,major,High,35499.99999999999,Low,4.65,11.374803354375405,87098.23278606105
0.2878787878787879,major,High,35499.99999999999,Low,4.65,11.391252317935606,88542.77291582897
0.3448484848484849,major,High,35499.99999999999,Low,4.65,11.407697804138941,90010.9577286919
0.40181818181818185,major,High,35499.99999999999,Low,4.65,11.424139812985413,91503.16899251721
0.4587878787878788,major,High,35499.99999999999,Low,4.65,11.44057834447502,93019.79455204197
0.5157575757575759,major,High,35499.99999999999,Low,4.65,11.457013398607762,94561.22842417602
0.5727272727272728,major,High,35499.99999999999,Low,4.65,11.473444975383641,96127.87089477597
0.6296969696969699,major,High,35499.99999999999,Low,4.65,11.489873074802654,97720.12861691252
0.6866666666666668,major,High,35499.99999999999,Low,4.65,11.506297696864804,99338.41471065619
0.7436363636363637,major,High,35499.99999999999,Low,4.65,11.52271884157009,100983.14886440011
0.8006060606060608,major,High,35499.99999999999,Low,4.65,11.53913650891851,102654.757437748
0.8575757575757577,major,High,35499.99999999999,Low,4.65,11.555550698910068,104353.67356598796
0.9145454545454546,major,High,35499.99999999999,Low,4.65,11.571961411544759,106080.33726617624
0.9715151515151517,major,High,35499.99999999999,Low,4.65,11.588368646822587,107835.19554485845
1.0284848484848486,major,High,35499.99999999999,Low,4.65,11.604772404743551,109618.70250744799
1.0854545454545457,major,High,35499.99999999999,Low,4.65,11.62117268530765,111431.31946929183
1.1424242424242426,major,High,35499.99999999999,Low,4.65,11.637569488514886,113273.51506844623
1.1993939393939397,major,High,35499.99999999999,Low,4.65,11.653962814365256,115145.7653801882
1.2563636363636366,major,High,35499.99999999999,Low,4.65,11.670352662858763,117048.55403329217
1.3133333333333335,major,High,35499.99999999999,Low,4.65,11.686739033995405,118982.37232809357
1.3703030303030306,major,High,35499.99999999999,Low,4.65,11.703121927775182,120947.71935637115
1.4272727272727275,major,High,35499.99999999999,Low,4.65,11.719501344198097,122945.10212307297
1.4842424242424244,major,High,35499.99999999999,Low,4.65,11.735877283264145,124975.03566991346
1.5412121212121215,major,High,35499.99999999999,Low,4.65,11.75224974497333,127038.04320087344
1.5981818181818184,major,High,35499.99999999999,Low,4.65,11.76861872932565,129134.65620962631
1.6551515151515153,major,High,35499.99999999999,Low,4.65,11.784984236321106,131265.41460892494
1.7121212121212124,major,High,35499.99999999999,Low,4.65,11.801346265959697,133430.86686197555
1.7690909090909093,major,High,35499.99999999999,Low,4.65,11.817704818241426,135631.57011583
1.8260606060606064,major,High,35499.99999999999,Low,4.65,11.83405989316629,137868.0903368257
1.8830303030303033,major,High,35499.99999999999,Low,4.65,11.850411490734288,140141.00244810648
1.9400000000000002,major,High,35499.99999999999,Low,4.65,11.866759610945422,142450.89046925318
1.9969696969696973,major,High,35499.99999999999,Low,4.65,11.883104253799692,144798.34765805738
2.053939393939394,major,High,35499.99999999999,Low,4.65,11.899445419297098,147183.97665447058
2.1109090909090913,major,High,35499.99999999999,Low,4.65,11.91578310743764,149608.38962676
2.167878787878788,major,High,35499.99999999999,Low,4.65,11.932117318221316,152072.208419907
2.224848484848485,major,High,35499.99999999999,Low,4.65,11.948448051648128,154576.0647062809
2.281818181818182,major,High,35499.99999999999,Low,4.65,11.964775307718078,157120.60013861986
2.3387878787878793,major,High,35499.99999999999,Low,4.65,11.981099086431161,159706.4665053573
2.395757575757576,major,High,35499.99999999999,Low,4.65,11.997419387787382,162334.32588832945
2.452727272727273,major,High,35499.99999999999,Low,4.65,12.013736211786739,165004.85082289478
2.50969696969697,major,High,35499.99999999999,Low,4.65,12.03004955842923,167718.72446050707
2.566666666666667,major,High,35499.99999999999,Low,4.65,12.046359427714856,170476.64073377816
2.623636363636364,major,High,35499.99999999999,Low,4.65,12.06266581964362,173279.30452406482
2.680606060606061,major,High,35499.99999999999,Low,4.65,12.078968734215517,176127.43183161956
2.7375757575757578,major,High,35499.99999999999,Low,4.65,12.09526817143055,179021.74994834713
2.794545454545455,major,High,35499.99999999999,Low,4.65,12.11156413128872,181962.99763319874
2.851515151515152,major,High,35499.99999999999,Low,4.65,12.127856613790026,184951.9252902513
2.9084848484848487,major,High,35499.99999999999,Low,4.65,12.144145618934466,187989.29514950578
2.965454545454546,major,High,35499.99999999999,Low,4.65,12.160431146722043,191075.88145045185
3.022424242424243,major,High,35499.99999999999,Low,4.65,12.176713197152756,194212.47062843273
3.0793939393939396,major,High,35499.99999999999,Low,4.65,12.192991770226604,197399.86150385975
3.1363636363636367,major,High,35499.99999999999,Low,4.65,12.209266865943587,200638.86547431463
3.193333333333334,major,High,35499.99999999999,Low,4.65,12.225538484303707,203930.30670958527
3.2503030303030305,major,High,35499.99999999999,Low,4.65,12.24180662530696,207275.02234967594
3.3072727272727276,major,High,35499.99999999999,Low,4.65,12.258071288953353,210673.86270584364
3.3642424242424247,major,High,35499.99999999999,Low,4.65,12.274332475242879,214127.6914646937
3.421212121212122,major,High,35499.99999999999,Low,4.65,12.290590184175542,217637.38589539658
3.4781818181818185,major,High,35499.99999999999,Low,4.65,12.306844415751339,221203.83706005622
3.5351515151515156,major,High,35499.99999999999,Low,4.65,12.323095169970273,224827.95002729172
3.5921212121212127,major,High,35499.99999999999,Low,4.65,12.33934244683234,228510.6440890676
3.6490909090909094,major,High,35499.99999999999,Low,4.65,12.355586246337545,232252.8529808338
3.7060606060606065,major,High,35499.99999999999,Low,4.65,12.371826568485886,236055.52510501334
3.7630303030303036,major,High,35499.99999999999,Low,4.65,12.388063413277361,239919.62375789546
3.8200000000000003,major,High,35499.99999999999,Low,4.65,12.404296780711974,243846.12735998555
3.8769696969696974,major,High,35499.99999999999,Low,4.65,12.420526670789721,247836.02968985555
3.9339393939393945,major,High,35499.99999999999,Low,4.65,12.436753083510604,251890.34012155756
3.990909090909091,major,High,35499.99999999999,Low,4.65,12.452976018874622,256010.0838656468
4.047878787878788,major,High,35499.99999999999,Low,4.65,12.469195476881778,260196.30221387112
4.1048484848484845,major,High,35499.99999999999,Low,4.65,12.485411457532066,264450.05278757896
4.161818181818182,major,High,35499.99999999999,Low,4.65,12.501623960825494,268772.4097899086
4.218787878787879,major,High,35499.99999999999,Low,4.65,12.517832986762055,273164.4642618016
4.275757575757575,major,High,35499.99999999999,Low,4.65,12.534038535341752,277627.3243419152
4.332727272727273,major,High,35499.99999999999,Low,4.65,12.550240606564584,282162.11553047644
4.38969696969697,major,High,35499.99999999999,Low,4.65,12.566439200430553,286769.980957146
4.446666666666666,major,High,35499.99999999999,Low,4.65,12.582634316939657,291452.0816529463
4.503636363636364,major,High,35499.99999999999,Low,4.65,12.598825956091897,296209.59682632046
4.5606060606060606,major,High,35499.99999999999,Low,4.65,12.615014117887274,301043.7241433782
4.617575757575758,major,High,35499.99999999999,Low,4.65,12.631198802325784,305955.6800123916
4.674545454545455,major,High,35499.99999999999,Low,4.65,12.647380009407431,310946.69987261156
4.7315151515151515,major,High,35499.99999999999,Low,4.65,12.663557739132212,316018.0384874555
4.788484848484849,major,High,35499.99999999999,Low,4.65,12.67973199150013,321170.9702421482
4.845454545454546,major,High,35499.99999999999,Low,4.65,12.695902766511185,326406.7894458661
4.902424242424242,major,High,35499.99999999999,Low,4.65,12.712070064165374,331726.81063846237
4.95939393939394,major,High,35499.99999999999,Low,4.65,12.7282338844627,337132.36890184245
5.016363636363637,major,High,35499.99999999999,Low,4.65,12.744394227403161,342624.8201760468
5.073333333333333,major,High,35499.99999999999,Low,4.65,12.76055109298676,348205.5415801268
5.130303030303031,major,High,35499.99999999999,Low,4.65,12.77670448121349,353875.9317378707
5.1872727272727275,major,High,35499.99999999999,Low,4.65,12.792854392083358,359637.41110846895
5.244242424242424,major,High,35499.99999999999,Low,4.65,12.80900082559636,365491.4223221672
5.301212121212122,major,High,35499.99999999999,Low,4.65,12.825143781752502,371439.4305210124
5.358181818181818,major,High,35499.99999999999,Low,4.65,12.841283260551776,377482.92370473535
5.415151515151515,major,High,35499.99999999999,Low,4.65,12.857419261994186,383623.4130818772
5.472121212121213,major,High,35499.99999999999,Low,4.65,12.873551786079734,389862.43342621264
5.529090909090909,major,High,35499.99999999999,Low,4.65,12.889680832808416,396201.5434385604
5.586060606060606,major,High,35499.99999999999,Low,4.65,12.905806402180232,402642.3261140615
5.6430303030303035,major,High,35499.99999999999,Low,4.65,12.921928494195186,409186.38911500573
5.7,major,High,35499.99999999999,Low,4.65,12.938047108853276,415835.3651492805
0.06,major,High,35499.99999999999,Medium,6.0,11.389776404412476,88412.18635493408
0.11696969696969697,major,High,35499.99999999999,Medium,6.0,11.40623580004327,89879.45602926797
0.17393939393939395,major,High,35499.99999999999,Medium,6.0,11.422691718317196,91370.75818810807
0.23090909090909092,major,High,35499.99999999999,Medium,6.0,11.439144159234262,92886.48112233944
0.2878787878787879,major,High,35499.99999999999,Medium,6.0,11.455593122794461,94427.01930783465
0.3448484848484849,major,High,35499.99999999999,Medium,6.0,11.472038608997797,95992.77350252314
0.40181818181818185,major,High,35499.99999999999,Medium,6.0,11.488480617844267,97584.1508449569
0.4587878787878788,major,High,35499.99999999999,Medium,6.0,11.504919149333876,99201.56495440213
0.5157575757575759,major,High,35499.99999999999,Medium,6.0,11.521354203466618,100845.4360324732
0.5727272727272728,major,High,35499.99999999999,Medium,6.0,11.537785780242496,102516.19096633964
0.6296969696969699,major,High,35499.99999999999,Medium,6.0,11.55421387966151,104214.2634335238
0.6866666666666668,major,High,35499.99999999999,Medium,6.0,11.57063850172366,105940.09400831634
0.7436363636363637,major,High,35499.99999999999,Medium,6.0,11.587059646428946,107694.13026983442
0.8006060606060608,major,High,35499.99999999999,Medium,6.0,11.603477313777367,109476.82691174609
0.8575757575757577,major,High,35499.99999999999,Medium,6.0,11.619891503768923,111288.64585368705
0.9145454545454546,major,High,35499.99999999999,Medium,6.0,11.636302216403616,113130.05635439529
0.9715151515151517,major,High,35499.99999999999,Medium,6.0,11.652709451681442,115001.53512658883
1.0284848484848486,major,High,35499.99999999999,Medium,6.0,11.669113209602408,116903.56645361593
1.0854545454545457,major,High,35499.99999999999,Medium,6.0,11.685513490166507,118836.64230789887
1.1424242424242426,major,High,35499.99999999999,Medium,6.0,11.701910293373741,120801.26247120617
1.1993939393939397,major,High,35499.99999999999,Medium,6.0,11.718303619224113,122797.9346567742
1.2563636363636366,major,High,35499.99999999999,Medium,6.0,11.73469346771762,124827.17463330914
1.3133333333333335,major,High,35499.99999999999,Medium,6.0,11.75107983885426,126889.50635089834
1.3703030303030306,major,High,35499.99999999999,Medium,6.0,11.767462732634039,128985.4620688598
1.4272727272727275,major,High,35499.99999999999,Medium,6.0,11.783842149056952,131115.58248555506
1.4842424242424244,major,High,35499.99999999999,Medium,6.0,11.800218088123001,133280.41687020354
1.5412121212121215,major,High,35499.99999999999,Medium,6.0,11.816590549832185,135480.52319671915
1.5981818181818184,major,High,35499.99999999999,Medium,6.0,11.832959534184507,137716.46827960823
1.6551515151515153,major,High,35499.99999999999,Medium,6.0,11.849325041179963,139988.82791195155
1.7121212121212124,major,High,35499.99999999999,Medium,6.0,11.865687070818554,142298.18700551125
1.7690909090909093,major,High,35499.99999999999,Medium,6.0,11.882045623100282,144645.13973298683
1.8260606060606064,major,High,35499.99999999999,Medium,6.0,11.898400698025146,147030.28967245587
1.8830303030303033,major,High,35499.99999999999,Medium,6.0,11.914752295593143,149454.24995403358
1.9400000000000002,major,High,35499.99999999999,Medium,6.0,11.931100415804277,151917.64340878418
1.9969696969696973,major,High,35499.99999999999,Medium,6.0,11.947445058658548,154421.10271991452
2.053939393939394,major,High,35499.99999999999,Medium,6.0,11.963786224155953,156965.27057628945
2.1109090909090913,major,High,35499.99999999999,Medium,6.0,11.980123912296495,159550.79982830287
2.167878787878788,major,High,35499.99999999999,Medium,6.0,11.996458123080172,162178.35364613577
2.224848484848485,major,High,35499.99999999999,Medium,6.0,12.012788856506985,164848.60568044332
2.281818181818182,major,High,35499.99999999999,Medium,6.0,12.029116112576933,167562.2402255034
2.3387878787878793,major,High,35499.99999999999,Medium,6.0,12.04543989129002,170319.95238486593
2.395757575757576,major,High,35499.99999999999,Medium,6.0,12.061760192646238,173122.44823953693
2.452727272727273,major,High,35499.99999999999,Medium,6.0,12.078077016645594,175970.44501874445
2.50969696969697,major,High,35499.99999999999,Medium,6.0,12.094390363288085,178864.67127331218
2.566666666666667,major,High,35499.99999999999,Medium,6.0,12.110700232573713,181805.86705169207
2.623636363636364,major,High,35499.99999999999,Medium,6.0,12.127006624502474,184794.78407868737
2.680606060606061,major,High,35499.99999999999,Medium,6.0,12.143309539074373,187832.18593691452
2.7375757575757578,major,High,35499.99999999999,Medium,6.0,12.159608976289407,190918.8482510354
2.794545454545455,major,High,35499.99999999999,Medium,6.0,12.175904936147575,194055.55887481107
2.851515151515152,major,High,35499.99999999999,Medium,6.0,12.192197418648881,197243.118081015
2.9084848484848487,major,High,35499.99999999999,Medium,6.0,12.208486423793321,200482.3387542448
2.965454545454546,major,High,35499.99999999999,Medium,6.0,12.224771951580898,203774.04658668718
3.022424242424243,major,High,35499.99999999999,Medium,6.0,12.241054002011612,207119.08027686787
3.0793939393939396,major,High,35499.99999999999,Medium,6.0,12.25733257508546,210518.29173143907
3.1363636363636367,major,High,35499.99999999999,Medium,6.0,12.273607670802443,213972.54627005034
3.193333333333334,major,High,35499.99999999999,Medium,6.0,12.289879289162563,217482.722833344
3.2503030303030305,major,High,35499.99999999999,Medium,6.0,12.306147430165817,221049.71419412483
3.3072727272727276,major,High,35499.99999999999,Medium,6.0,12.322412093812208,224674.42717175581
3.3642424242424247,major,High,35499.99999999999,Medium,6.0,12.338673280101734,228357.7828498189
3.421212121212122,major,High,35499.99999999999,Medium,6.0,12.354930989034397,232100.7167971001
3.4781818181818185,major,High,35499.99999999999,Medium,6.0,12.371185220610194,235904.17929193945
3.5351515151515156,major,High,35499.99999999999,Medium,6.0,12.387435974829128,239769.13555000635
3.5921212121212127,major,High,35499.99999999999,Medium,6.0,12.403683251691195,243696.56595553915
3.6490909090909094,major,High,35499.99999999999,Medium,6.0,12.419927051196401,247687.4662961154
3.7060606060606065,major,High,35499.99999999999,Medium,6.0,12.436167373344741,251742.8480009892
3.7630303030303036,major,High,35499.99999999999,Medium,6.0,12.452404218136218,255863.7383830676
3.8200000000000003,major,High,35499.99999999999,Medium,6.0,12.468637585570828,260051.1808845619
3.8769696969696974,major,High,35499.99999999999,Medium,6.0,12.484867475648578,264306.23532638623
3.9339393939393945,major,High,35499.99999999999,Medium,6.0,12.50109388836946,268629.9781613414
3.990909090909091,major,High,35499.99999999999,Medium,6.0,12.517316823733477,273023.50273116014
4.047878787878788,major,High,35499.99999999999,Medium,6.0,12.533536281740634,277487.9195274577
4.1048484848484845,major,High,35499.99999999999,Medium,6.0,12.549752262390923,282024.3564566434
4.161818181818182,major,High,35499.99999999999,Medium,6.0,12.565964765684349,286633.95910887385
4.218787878787879,major,High,35499.99999999999,Medium,6.0,12.58217379162091,291317.89103107934
4.275757575757575,major,High,35499.99999999999,Medium,6.0,12.598379340200609,296077.33400414744
4.332727272727273,major,High,35499.99999999999,Medium,6.0,12.61458141142344,300913.48832431086
4.38969696969697,major,High,35499.99999999999,Medium,6.0,12.63078000528941,305827.5730888158
4.446666666666666,major,High,35499.99999999999,Medium,6.0,12.646975121798512,310820.826485918
4.503636363636364,major,High,35499.99999999999,Medium,6.0,12.663166760950752,315894.5060892906
4.5606060606060606,major,High,35499.99999999999,Medium,6.0,12.679354922746128,321049.8891568903
4.617575757575758,major,High,35499.99999999999,Medium,6.0,12.695539607184639,326288.2729343621
4.674545454545455,major,High,35499.99999999999,Medium,6.0,12.711720814266286,331610.9749630486
4.7315151515151515,major,High,35499.99999999999,Medium,6.0,12.727898543991069,337019.33339266205
4.788484848484849,major,High,35499.99999999999,Medium,6.0,12.744072796358987,342514.7072987032
4.845454545454546,major,High,35499.99999999999,Medium,6.0,12.76024357137004,348098.47700468736
4.902424242424242,major,High,35499.99999999999,Medium,6.0,12.77641086902423,353772.04440925433
4.95939393939394,major,High,35499.99999999999,Medium,6.0,12.792574689321556,359536.8333182306
5.016363636363637,major,High,35499.99999999999,Medium,6.0,12.808735032262017,365394.2897817239
5.073333333333333,major,High,35499.99999999999,Medium,6.0,12.824891897845614,371345.88243631984
5.130303030303031,major,High,35499.99999999999,Medium,6.0,12.841045286072346,377393.10285245744
5.1872727272727275,major,High,35499.99999999999,Medium,6.0,12.857195196942214,383537.4658870632
5.244242424242424,major,High,35499.99999999999,Medium,6.0,12.873341630455217,389780.5100415162
5.301212121212122,major,High,35499.99999999999,Medium,6.0,12.889484586611356,396123.7978250351
5.358181818181818,major,High,35499.99999999999,Medium,6.0,12.905624065410631,402568.91612355004
5.415151515151515,major,High,35499.99999999999,Medium,6.0,12.921760066853043,409117.4765741598
5.472121212121213,major,High,35499.99999999999,Medium,6.0,12.937892590938588,415771.11594524083
5.529090909090909,major,High,35499.99999999999,Medium,6.0,12.954021637667271,422531.49652230844
5.586060606060606,major,High,35499.99999999999,Medium,6.0,12.970147207039087,429400.30649969605
5.6430303030303035,major,High,35499.99999999999,Medium,6.0,12.98626929905404,436379.260378161
5.7,major,High,35499.99999999999,Medium,6.0,13.00238791371213,443470.0993684836
0.06,major,High,35499.99999999999,High,7.35,11.454117209271331,94287.75451385247
0.11696969696969697,major,High,35499.99999999999,High,7.35,11.470576604902124,95852.53275375773
0.17393939393939395,major,High,35499.99999999999,High,7.35,11.487032523176053,97442.9405759165
0.23090909090909092,major,High,35499.99999999999,High,7.35,11.503484964093118,99059.39207539105
0.2878787878787879,major,High,35499.99999999999,High,7.35,11.519933927653318,100702.30794325999
0.3448484848484849,major,High,35499.99999999999,High,7.35,11.536379413856654,102372.11557013758
0.40181818181818185,major,High,35499.99999999999,High,7.35,11.552821422703124,104069.24915128999
0.4587878787878788,major,High,35499.99999999999,High,7.35,11.56925995419273,105794.14979337837
0.5157575757575759,major,High,35499.99999999999,High,7.35,11.585695008325473,107547.2656228478
0.5727272727272728,major,High,35499.99999999999,High,7.35,11.602126585101352,109329.05189599194
0.6296969696969699,major,High,35499.99999999999,High,7.35,11.618554684520365,111139.97111071502
0.6866666666666668,major,High,35499.99999999999,High,7.35,11.634979306582515,112980.49312002087
0.7436363636363637,major,High,35499.99999999999,High,7.35,11.651400451287802,114851.09524725052
0.8006060606060608,major,High,35499.99999999999,High,7.35,11.667818118636223,116752.26240309863
0.8575757575757577,major,High,35499.99999999999,High,7.35,11.684232308627779,118684.48720443547
0.9145454545454546,major,High,35499.99999999999,High,7.35,11.700643021262472,120648.27009495925
0.9715151515151517,major,High,35499.99999999999,High,7.35,11.717050256540299,122644.11946770833
1.0284848484848486,major,High,35499.99999999999,High,7.35,11.733454014461262,124672.55178946332
1.0854545454545457,major,High,35499.99999999999,High,7.35,11.749854295025361,126734.091727063
1.1424242424242426,major,High,35499.99999999999,High,7.35,11.766251098232598,128829.27227566823
1.1993939393939397,major,High,35499.99999999999,High,7.35,11.782644424082967,130958.63488899899
1.2563636363636366,major,High,35499.99999999999,High,7.35,11.799034272576474,133122.72961157904
1.3133333333333335,major,High,35499.99999999999,High,7.35,11.815420643713116,135322.1152130128
1.3703030303030306,major,High,35499.99999999999,High,7.35,11.831803537492894,137557.35932433105
1.4272727272727275,major,High,35499.99999999999,High,7.35,11.848182953915808,139829.0385764332
1.4842424242424244,major,High,35499.99999999999,High,7.35,11.864558892981856,142137.73874065772
1.5412121212121215,major,High,35499.99999999999,High,7.35,11.880931354691041,144484.05487151674
1.5981818181818184,major,High,35499.99999999999,High,7.35,11.897300339043362,146868.59145162153
1.6551515151515153,major,High,35499.99999999999,High,7.35,11.913665846038818,149291.96253883775
1.7121212121212124,major,High,35499.99999999999,High,7.35,11.93002787567741,151754.7919157009
1.7690909090909093,major,High,35499.99999999999,High,7.35,11.946386427959137,154257.7132411259
1.8260606060606064,major,High,35499.99999999999,High,7.35,11.962741502884,156801.3702044491
1.8830303030303033,major,High,35499.99999999999,High,7.35,11.979093100452,159386.41668183223
1.9400000000000002,major,High,35499.99999999999,High,7.35,11.995441220663134,162013.51689506922
1.9969696969696973,major,High,35499.99999999999,High,7.35,12.011785863517403,164683.34557282945
2.053939393939394,major,High,35499.99999999999,High,7.35,12.02812702901481,167396.58811437493
2.1109090909090913,major,High,35499.99999999999,High,7.35,12.044464717155352,170153.94075578748
2.167878787878788,major,High,35499.99999999999,High,7.35,12.060798927939029,172956.1107387468
2.224848484848485,major,High,35499.99999999999,High,7.35,12.077129661365841,175803.81648189455
2.281818181818182,major,High,35499.99999999999,High,7.35,12.09345691743579,178697.7877548256
2.3387878787878793,major,High,35499.99999999999,High,7.35,12.109780696148874,181638.76585474523
2.395757575757576,major,High,35499.99999999999,High,7.35,12.126100997505095,184627.5037858315
2.452727272727273,major,High,35499.99999999999,High,7.35,12.14241782150445,187664.76644134664
2.50969696969697,major,High,35499.99999999999,High,7.35,12.15873116814694,190751.33078853495
2.566666666666667,major,High,35499.99999999999,High,7.35,12.175041037432567,193887.9860563536
2.623636363636364,major,High,35499.99999999999,High,7.35,12.191347429361329,197075.53392607145
2.680606060606061,major,High,35499.99999999999,High,7.35,12.207650343933228,200314.7887247909
2.7375757575757578,major,High,35499.99999999999,High,7.35,12.223949781148264,203606.57762192405
2.794545454545455,major,High,35499.99999999999,High,7.35,12.240245741006433,206951.7408286758
2.851515151515152,major,High,35499.99999999999,High,7.35,12.256538223507738,210351.13180057835
2.9084848484848487,major,High,35499.99999999999,High,7.35,12.27282722865218,213805.617443119
2.965454545454546,major,High,35499.99999999999,High,7.35,12.289112756439755,217316.07832050975
3.022424242424243,major,High,35499.99999999999,High,7.35,12.305394806870467,220883.40886765023
3.0793939393939396,major,High,35499.99999999999,High,7.35,12.321673379944315,224508.51760532273
3.1363636363636367,major,High,35499.99999999999,High,7.35,12.3379484756613,228192.32735867793
3.193333333333334,major,High,35499.99999999999,High,7.35,12.354220094021418,231935.77547905175
3.2503030303030305,major,High,35499.99999999999,High,7.35,12.370488235024673,235739.81406917277
3.3072727272727276,major,High,35499.99999999999,High,7.35,12.386752898671064,239605.41021180007
3.3642424242424247,major,High,35499.99999999999,High,7.35,12.40301408496059,243533.54620185329
3.421212121212122,major,High,35499.99999999999,High,7.35,12.419271793893252,247525.2197820808
3.4781818181818185,major,High,35499.99999999999,High,7.35,12.43552602546905,251581.444382322
3.5351515151515156,major,High,35499.99999999999,High,7.35,12.451776779687982,255703.24936241444
3.5921212121212127,major,High,35499.99999999999,High,7.35,12.468024056550053,259891.68025880796
3.6490909090909094,major,High,35499.99999999999,High,7.35,12.484267856055258,264147.7990349277
3.7060606060606065,major,High,35499.99999999999,High,7.35,12.500508178203598,268472.6843353597
3.7630303030303036,major,High,35499.99999999999,High,7.35,12.516745022995075,272867.4317439017
3.8200000000000003,major,High,35499.99999999999,High,7.35,12.532978390429687,277333.15404554206
3.8769696969696974,major,High,35499.99999999999,High,7.35,12.549208280507433,281870.98149242916
3.9339393939393945,major,High,35499.99999999999,High,7.35,12.565434693228315,286482.06207388773
3.990909090909091,major,High,35499.99999999999,High,7.35,12.581657628592335,291167.56179053936
4.047878787878788,major,High,35499.99999999999,High,7.35,12.597877086599489,295928.6649325939
4.1048484848484845,major,High,35499.99999999999,High,7.35,12.61409306724978,300766.5743623759
4.161818181818182,major,High,35499.99999999999,High,7.35,12.630305570543205,305682.51180113904
4.218787878787879,major,High,35499.99999999999,High,7.35,12.646514596479767,310677.71812024474
4.275757575757575,major,High,35499.99999999999,High,7.35,12.662720145059463,315753.4536367625
4.332727272727273,major,High,35499.99999999999,High,7.35,12.678922216282295,320910.99841356097
4.38969696969697,major,High,35499.99999999999,High,7.35,12.695120810148264,326151.65256395633
4.446666666666666,major,High,35499.99999999999,High,7.35,12.71131592665737,331476.73656098463
4.503636363636364,major,High,35499.99999999999,High,7.35,12.72750756580961,336887.59155136853
4.5606060606060606,major,High,35499.99999999999,High,7.35,12.743695727604985,342385.5796742522
4.617575757575758,major,High,35499.99999999999,High,7.35,12.759880412043497,347972.08438476676
4.674545454545455,major,High,35499.99999999999,High,7.35,12.776061619125143,353648.51078250335
4.7315151515151515,major,High,35499.99999999999,High,7.35,12.792239348849925,359416.28594497254
4.788484848484849,major,High,35499.99999999999,High,7.35,12.808413601217843,365276.85926611075
4.845454545454546,major,High,35499.99999999999,High,7.35,12.824584376228898,371231.70279992383
4.902424242424242,major,High,35499.99999999999,High,7.35,12.840751673883087,377282.3116093313
4.95939393939394,major,High,35499.99999999999,High,7.35,12.856915494180413,383430.2041203029
5.016363636363637,major,High,35499.99999999999,High,7.35,12.873075837120872,389676.92248134775
5.073333333333333,major,High,35499.99999999999,High,7.35,12.889232702704469,396024.03292845725
5.130303030303031,major,High,35499.99999999999,High,7.35,12.905386090931202,402473.1261555627
5.1872727272727275,major,High,35499.99999999999,High,7.35,12.92153600180107,409025.8176906025
5.244242424242424,major,High,35499.99999999999,High,7.35,12.937682435314073,415683.74827728333
5.301212121212122,major,High,35499.99999999999,High,7.35,12.953825391470213,422448.5842626064
5.358181818181818,major,High,35499.99999999999,High,7.35,12.969964870269488,429322.01799026097
5.415151515151515,major,High,35499.99999999999,High,7.35,12.986100871711898,436305.7681999619
5.472121212121213,major,High,35499.99999999999,High,7.35,13.002233395797445,443401.58043282374
5.529090909090909,major,High,35499.99999999999,High,7.35,13.018362442526126,450611.227442856
5.586060606060606,major,High,35499.99999999999,High,7.35,13.034488011897945,457936.50961468444
5.6430303030303035,major,High,35499.99999999999,High,7.35,13.050610103912897,465379.25538756413
5.7,major,High,35499.99999999999,High,7.35,13.066728718570987,472941.3216858168
