marketing_budget,log_streams,streams_3yr,label_tier,label_tier_label
1.28,12.10459347658032,180700,major,Major label
2.24,11.909013411265796,148600,major,Major label
1.17,11.952469886731256,155200,major,Major label
0.85,11.071314910225711,64300,indie_label,Indie label
3.39,11.596347073109301,108700,major,Major label
0.87,14.249433538888923,1543300,major,Major label
0.76,15.132829904580634,3733400,indie_label,Indie label
3.47,11.758221820925572,127800,major,Major label
2.94,11.015345067954259,60800,major,Major label
0.9,8.85366542803745,7000,indie_label,Indie label
0.17,10.896739325546411,54000,independent,Independent
2.62,11.862172893080164,141800,major,Major label
3.73,8.648221453822641,5700,major,Major label
0.53,10.537415373436103,37700,independent,Independent
0.4,12.131887747340798,185700,independent,Independent
0.95,8.318742252692399,4100,indie_label,Indie label
5.03,14.211800368136986,1486300,major,Major label
0.2,9.88837391472608,19700,indie_label,Indie label
0.38,8.716044050161402,6100,indie_label,Indie label
0.98,8.612503371220562,5500,major,Major label
2.43,8.070906088787819,3200,independent,Independent
3.25,15.247900981227112,4188700,indie_label,Indie label
0.18,11.320553572322773,82500,independent,Independent
2.57,6.214608098422191,500,indie_label,Indie label
2.02,11.573079387789976,106200,indie_label,Indie label
0.2,10.177324218165856,26300,independent,Independent
4.79,10.077440859659566,23800,indie_label,Indie label
1.01,11.779894495824468,130600,independent,Independent
0.49,9.047821442478408,8500,independent,Independent
0.83,11.085214747914744,65200,independent,Independent
1.93,13.7697807062581,955300,major,Major label
0.52,9.159047077588632,9500,independent,Independent
2.89,11.250261155493735,76900,major,Major label
0.2,10.025705185260378,22600,independent,Independent
0.6,10.338511462885837,30900,indie_label,Indie label
1.39,11.720752312172545,123100,major,Major label
4.22,13.286351227509778,589100,major,Major label
0.35,11.945357021308206,154100,independent,Independent
0.39,9.287301413112312,10800,indie_label,Indie label
4.58,12.804909146618877,364000,major,Major label
0.73,9.70503661381229,16400,major,Major label
0.36,10.902279505922026,54300,independent,Independent
2.27,11.675894293248367,117700,indie_label,Indie label
0.31,13.148226036930057,513100,indie_label,Indie label
3.65,11.330203828154934,83300,independent,Independent
1.49,9.740968623038354,17000,indie_label,Indie label
3.72,10.341742483467284,31000,independent,Independent
1.32,8.922658299524402,7500,independent,Independent
0.79,13.72711640720168,915400,indie_label,Indie label
1.26,15.130577409795796,3725000,indie_label,Indie label
0.44,12.43758111317601,252100,indie_label,Indie label
0.5,15.051040167194428,3440200,indie_label,Indie label
2.13,10.507803519389457,36600,major,Major label
0.7,10.047587896509885,23100,major,Major label
0.9,12.79330360049857,359800,independent,Independent
1.58,7.7406644019172415,2300,independent,Independent
0.92,14.36974043933755,1740600,major,Major label
1.91,11.76989056475995,129300,independent,Independent
0.75,14.789617265215174,2648800,independent,Independent
0.88,15.467241382588625,5216000,major,Major label
0.41,11.418614785498987,91000,independent,Independent
2.01,8.45531778769815,4700,independent,Independent
0.67,11.331403588346838,83400,independent,Independent
4.77,11.235853571630463,75800,indie_label,Indie label
0.72,9.98966524877718,21800,independent,Independent
0.79,13.612904657867613,816600,major,Major label
0.41,10.736396675471232,46000,indie_label,Indie label
0.69,11.248959919135764,76800,major,Major label
0.31,9.809176873064887,18200,indie_label,Indie label
1.65,8.517193191416238,5000,indie_label,Indie label
2.44,13.910547973299026,1099700,indie_label,Indie label
0.19,11.095893720490599,65900,independent,Independent
1.55,10.729853576882297,45700,independent,Independent
0.51,8.594154232552366,5400,independent,Independent
0.93,10.01234195744821,22300,major,Major label
1.97,12.987917280851406,437100,major,Major label
2.7,12.421990151752643,248200,indie_label,Indie label
2.1,13.58609739363647,795000,indie_label,Indie label
0.58,11.865692784077943,142300,indie_label,Indie label
1.48,9.525151111816216,13700,independent,Independent
0.57,11.810062696192764,134600,independent,Independent
2.35,12.208070648192846,200400,independent,Independent
6.93,13.552716201020273,768900,major,Major label
0.54,12.065084952229196,173700,independent,Independent
0.48,7.600902459542082,2000,independent,Independent
0.62,6.684611727667927,800,independent,Independent
1.34,10.196157166498947,26800,major,Major label
0.19,12.132426105361874,185800,independent,Independent
1.55,10.768484990022733,47500,major,Major label
1.26,14.321725569172582,1659000,major,Major label
1.39,8.216088098632316,3700,major,Major label
0.3,9.857443614034722,19100,indie_label,Indie label
2.26,9.495519314209846,13300,major,Major label
0.56,9.392661928770137,12000,indie_label,Indie label
0.32,5.703782474656201,300,independent,Independent
0.12,8.006367567650246,3000,indie_label,Indie label
0.12,10.357742824813725,31500,independent,Independent
1.1,8.779557455883728,6500,major,Major label
7.55,13.076109992886867,477400,indie_label,Indie label
0.38,7.600902459542082,2000,indie_label,Indie label
2.24,11.464785089642293,95300,independent,Independent
2.27,12.143665185401556,187900,indie_label,Indie label
1.16,11.191341840842766,72500,independent,Independent
0.53,8.216088098632316,3700,independent,Independent
2.55,15.703276933923041,6604600,major,Major label
0.94,11.560762794384388,104900,indie_label,Indie label
0.1,15.871542725850535,7814900,indie_label,Indie label
1.1,14.205929707867167,1477600,major,Major label
1.32,11.942757929526687,153700,major,Major label
0.81,11.32176495950907,82600,major,Major label
5.65,12.12648816618733,184700,major,Major label
1.42,9.667765219015058,15800,indie_label,Indie label
3.55,13.806469813312125,991000,major,Major label
2.0,12.274665436995786,214200,major,Major label
2.01,11.520893634619405,100800,independent,Independent
0.75,5.703782474656201,300,independent,Independent
1.39,11.739263907180957,125400,indie_label,Indie label
1.24,10.805679360030782,49300,major,Major label
0.92,7.696212639346407,2200,independent,Independent
1.04,13.610575226298733,814700,major,Major label
2.61,9.735068900911164,16900,independent,Independent
4.16,10.126631103850338,25000,indie_label,Indie label
0.63,12.373703486914124,236500,major,Major label
0.82,13.251284157471169,568800,indie_label,Indie label
1.14,9.735068900911164,16900,major,Major label
0.69,8.594154232552366,5400,major,Major label
2.13,9.903487552536127,20000,independent,Independent
0.5,13.429553916244153,679800,indie_label,Indie label
4.59,9.449357272446683,12700,independent,Independent
0.48,8.794824928014517,6600,indie_label,Indie label
0.74,8.575462099540212,5300,independent,Independent
1.36,8.575462099540212,5300,major,Major label
2.05,8.536995818712418,5100,independent,Independent
1.91,10.74073507706983,46200,indie_label,Indie label
1.61,13.589863876431945,798000,major,Major label
1.31,14.567492524245113,2121200,major,Major label
0.83,10.236381967809457,27900,major,Major label
0.9,9.629050706834368,15200,major,Major label
0.48,9.961756460660103,21200,independent,Independent
2.56,9.425451751593128,12400,independent,Independent
2.43,15.641623143563992,6209700,major,Major label
0.54,9.392661928770137,12000,indie_label,Indie label
4.46,12.91410843858387,406000,major,Major label
5.23,11.90429164869889,147900,independent,Independent
0.97,13.030248088496522,456000,indie_label,Indie label
0.86,8.594154232552366,5400,indie_label,Indie label
0.54,9.957028319464158,21100,indie_label,Indie label
3.55,17.67406316398854,47396700,major,Major label
2.03,10.661954199216716,42700,independent,Independent
2.3,11.647456357927835,114400,independent,Independent
1.72,10.687389096364537,43800,independent,Independent
0.1,7.649692623711514,2100,indie_label,Indie label
0.23,8.895629627136483,7300,independent,Independent
2.9,8.318742252692399,4100,independent,Independent
0.34,9.539644119118783,13900,indie_label,Indie label
4.39,8.66561319653451,5800,independent,Independent
2.36,10.529425983402623,37400,indie_label,Indie label
0.19,8.1886891244442,3600,independent,Independent
0.37,10.085809109330082,24000,independent,Independent
3.3,10.558413520275876,38500,independent,Independent
0.62,12.476481389311498,262100,major,Major label
1.31,14.466845670709779,1918100,major,Major label
0.78,9.20029003612268,9900,independent,Independent
0.6,9.210340371976184,10000,independent,Independent
2.27,11.542484267211773,103000,independent,Independent
1.13,9.433483923290392,12500,indie_label,Indie label
1.89,8.716044050161402,6100,independent,Independent
7.04,11.877568578558138,144000,indie_label,Indie label
1.89,8.476371196895983,4800,independent,Independent
0.37,11.900226602450722,147300,independent,Independent
1.5,10.835651633566574,50800,major,Major label
1.27,16.131821025576794,10138200,indie_label,Indie label
1.2,10.770588040219511,47600,major,Major label
4.3,9.635608107380527,15300,independent,Independent
4.17,13.472738519194532,709800,independent,Independent
3.12,10.913268627497622,54900,indie_label,Indie label
0.33,12.525253385041326,275200,indie_label,Indie label
1.19,10.993731591533722,59500,major,Major label
0.75,8.070906088787819,3200,independent,Independent
2.26,10.529425983402623,37400,major,Major label
0.55,7.824046010856292,2500,indie_label,Indie label
0.72,10.760028280004509,47100,independent,Independent
0.32,11.007087382715277,60300,independent,Independent
0.43,11.856515169360305,141000,indie_label,Indie label
1.84,10.239959789157341,28000,indie_label,Indie label
0.45,11.614579118696728,110700,indie_label,Indie label
1.76,8.764053269347762,6400,independent,Independent
0.37,12.447056114972714,254500,indie_label,Indie label
3.21,11.289781913656018,80000,major,Major label
2.15,8.496990484098719,4900,independent,Independent
1.58,13.443721976215494,689500,independent,Independent
1.95,10.404262840448617,33000,indie_label,Indie label
1.69,11.686878772093667,119000,independent,Independent
3.16,14.177720157401481,1436500,indie_label,Indie label
0.67,11.160527077798756,70300,indie_label,Indie label
0.29,7.549609165154532,1900,independent,Independent
1.75,10.312280450736967,30100,independent,Independent
0.85,11.618185975627721,111100,independent,Independent
0.51,8.517193191416238,5000,independent,Independent
0.3,7.24422751560335,1400,independent,Independent
2.27,9.998797732340453,22000,indie_label,Indie label
0.83,11.834284063781393,137900,major,Major label
0.61,10.3797217315325,32200,independent,Independent
2.18,9.933046354777673,20600,major,Major label
0.88,7.937374696163295,2800,independent,Independent
3.17,14.198866380484338,1467200,major,Major label
0.15,7.495541943884256,1800,indie_label,Indie label
1.59,9.02401079378469,8300,major,Major label
0.17,9.825526011066415,18500,independent,Independent
0.75,7.7406644019172415,2300,indie_label,Indie label
1.11,10.983596369639677,58900,independent,Independent
0.93,9.775654181026242,17600,independent,Independent
0.23,9.581903928408666,14500,indie_label,Indie label
0.45,13.321214236149494,610000,indie_label,Indie label
3.5,9.148464968258095,9400,indie_label,Indie label
0.47,8.366370301681654,4300,independent,Independent
4.67,12.0015054797889,163000,major,Major label
2.33,10.19988156558993,26900,independent,Independent
0.64,10.480100916840122,35600,indie_label,Indie label
1.19,7.9724660159745655,2900,independent,Independent
0.6,10.81376021208472,49700,independent,Independent
0.26,11.150519846322512,69600,indie_label,Indie label
0.47,11.065074640365626,63900,indie_label,Indie label
2.62,13.071701462602102,475300,major,Major label
1.1,10.985292722887856,59000,major,Major label
0.4,11.812289042195847,134900,independent,Independent
0.97,13.191142892799155,535600,independent,Independent
1.78,9.814656338829513,18300,independent,Independent
1.37,11.991641034817986,161400,major,Major label
0.79,8.517193191416238,5000,indie_label,Indie label
3.03,12.927564299099261,411500,indie_label,Indie label
1.06,10.19241884438834,26700,independent,Independent
2.22,10.805679360030782,49300,major,Major label
0.26,13.166188856944359,522400,independent,Independent
0.94,10.448714603019452,34500,independent,Independent
3.6,14.075024610588134,1296300,major,Major label
0.85,11.377105741827693,87300,independent,Independent
2.87,5.298317366548036,200,independent,Independent
1.12,11.700234563275222,120600,major,Major label
1.67,13.597727612892161,804300,major,Major label
0.63,10.3797217315325,32200,independent,Independent
0.31,9.433483923290392,12500,indie_label,Indie label
1.8,12.202064624132635,199200,major,Major label
1.23,12.450586222580576,255400,independent,Independent
1.6,13.795613926249818,980300,indie_label,Indie label
0.86,13.349020748018335,627200,indie_label,Indie label
1.03,12.699853834686905,327700,independent,Independent
1.51,14.474376804547346,1932600,major,Major label
0.88,12.83067328355501,373500,independent,Independent
2.09,11.663068123399947,116200,indie_label,Indie label
1.41,12.095141084822892,179000,major,Major label
1.3,13.640561755499732,839500,indie_label,Indie label
1.64,13.003579841414362,444000,indie_label,Indie label
2.09,16.18553932305534,10697700,major,Major label
2.11,10.341742483467284,31000,independent,Independent
2.35,9.433483923290392,12500,major,Major label
1.92,10.357742824813725,31500,major,Major label
1.46,12.108459816663173,181400,major,Major label
0.1,10.261161996807944,28600,indie_label,Indie label
0.81,8.699514748210191,6000,independent,Independent
2.11,13.286690670826005,589300,indie_label,Indie label
0.56,6.214608098422191,500,independent,Independent
2.34,11.80634106926977,134100,indie_label,Indie label
3.73,9.071078304642676,8700,major,Major label
2.24,12.960550081241724,425300,major,Major label
1.78,11.00043178410354,59900,major,Major label
4.55,9.581903928408666,14500,indie_label,Indie label
2.16,11.260610536355738,77700,major,Major label
0.55,8.039157390473237,3100,independent,Independent
0.74,9.94270826568941,20800,indie_label,Indie label
3.58,11.771436160121729,129500,indie_label,Indie label
3.83,10.98698620339419,59100,major,Major label
1.38,12.942997448436007,417900,independent,Independent
1.5,11.638676670275789,113400,major,Major label
4.99,13.150173078043595,514100,independent,Independent
1.03,10.661954199216716,42700,indie_label,Indie label
1.78,9.846917201047734,18900,indie_label,Indie label
3.09,14.923412893539476,3028000,independent,Independent
3.43,11.99658542066345,162200,major,Major label
1.39,9.400960731584833,12100,major,Major label
1.0,14.245343022520732,1537000,major,Major label
1.27,12.894960769169735,398300,major,Major label
1.62,9.998797732340453,22000,independent,Independent
0.56,9.126958763037132,9200,independent,Independent
3.53,11.292278793854607,80200,major,Major label
0.53,7.937374696163295,2800,indie_label,Indie label
0.4,7.438383530044307,1700,independent,Independent
3.2,10.555812738575819,38400,major,Major label
1.08,12.095141084822892,179000,indie_label,Indie label
1.57,12.181267526611203,195100,indie_label,Indie label
0.77,13.213848067526508,547900,indie_label,Indie label
0.33,8.809862805379057,6700,independent,Independent
1.93,11.231887935237117,75500,major,Major label
2.13,12.387560521575551,239800,independent,Independent
0.12,12.425609701250272,249100,independent,Independent
5.59,12.217012585568508,202200,major,Major label
6.31,11.308358299228955,81500,major,Major label
1.98,11.617285480294472,111000,major,Major label
5.9,13.3695359065179,640200,major,Major label
0.44,10.537415373436103,37700,independent,Independent
0.96,10.31559720336296,30200,independent,Independent
0.83,8.648221453822641,5700,indie_label,Indie label
1.37,9.20029003612268,9900,independent,Independent
1.53,9.047821442478408,8500,independent,Independent
0.6,10.924138299734526,55500,independent,Independent
2.17,11.039716704775545,62300,independent,Independent
0.24,10.312280450736967,30100,independent,Independent
1.31,11.73286388533549,124600,independent,Independent
1.09,12.68323806780353,322300,indie_label,Indie label
0.25,10.138559674715612,25300,indie_label,Indie label
1.79,14.65176191549267,2307700,major,Major label
3.86,9.035986984831405,8400,major,Major label
1.84,8.935903526274423,7600,indie_label,Indie label
0.21,9.367344120785848,11700,indie_label,Indie label
1.27,13.854154181556478,1039400,major,Major label
0.58,8.895629627136483,7300,indie_label,Indie label
0.04,10.196157166498947,26800,indie_label,Indie label
1.41,9.75846178048587,17300,independent,Independent
1.28,11.094375117313408,65800,indie_label,Indie label
1.95,9.70503661381229,16400,major,Major label
1.36,8.895629627136483,7300,independent,Independent
1.24,13.783297235599623,968300,major,Major label
1.95,8.794824928014517,6600,independent,Independent
0.12,8.006367567650246,3000,indie_label,Indie label
1.18,11.219895786191852,74600,major,Major label
1.38,8.389359819906353,4400,indie_label,Indie label
2.27,11.891361900690473,146000,independent,Independent
1.73,9.95227771670556,21000,indie_label,Indie label
1.68,12.912629513000036,405400,independent,Independent
1.5,11.910358401381128,148800,independent,Independent
1.52,11.36558487707152,86300,major,Major label
0.81,8.748304912379623,6300,independent,Independent
1.29,6.396929655216146,600,indie_label,Indie label
2.26,10.526748605631907,37300,independent,Independent
0.47,11.3975146134589,89100,indie_label,Indie label
1.03,8.794824928014517,6600,indie_label,Indie label
4.26,16.444459830002444,13859200,independent,Independent
1.07,11.322974881011783,82700,major,Major label
1.48,14.245147818043424,1536700,major,Major label
0.61,10.797532675462964,48900,indie_label,Indie label
3.68,10.606585063949241,40400,major,Major label
1.48,13.7078139825089,897900,independent,Independent
0.06,8.779557455883728,6500,indie_label,Indie label
2.13,12.266697267346608,212500,indie_label,Indie label
3.77,12.517227074167097,273000,independent,Independent
1.16,9.525151111816216,13700,indie_label,Indie label
3.62,14.713759511337663,2455300,major,Major label
1.33,10.86283777387073,52200,indie_label,Indie label
0.66,12.835747403134546,375400,independent,Independent
1.01,12.381705214173332,238400,major,Major label
1.17,12.642390217121102,309400,indie_label,Indie label
0.37,11.030039209893479,61700,indie_label,Indie label
3.52,11.136047813713976,68600,independent,Independent
1.67,10.034515814942532,22800,indie_label,Indie label
0.97,9.417354541360508,12300,indie_label,Indie label
5.21,14.952285307726733,3116700,major,Major label
0.71,14.432154592538105,1852700,independent,Independent
4.16,11.424094251263613,91500,major,Major label
0.86,10.586584397242571,39600,major,Major label
2.22,10.367221568768269,31800,independent,Independent
1.62,10.749355820113736,46600,major,Major label
1.56,14.189553796064098,1453600,major,Major label
0.88,9.20029003612268,9900,major,Major label
2.09,9.87302834505142,19400,major,Major label
0.74,12.022149807369246,166400,major,Major label
1.49,11.200950699949402,73200,major,Major label
2.98,13.811602933133257,996100,indie_label,Indie label
0.44,13.037241123987494,459200,indie_label,Indie label
2.12,10.177324218165856,26300,indie_label,Indie label
2.65,8.716044050161402,6100,indie_label,Indie label
0.1,10.410305154904579,33200,indie_label,Indie label
2.0,9.998797732340453,22000,major,Major label
0.84,11.58710486314448,107700,independent,Independent
3.65,7.824046010856292,2500,independent,Independent
0.85,11.44571671527678,93500,major,Major label
0.44,12.616525295149378,301500,independent,Independent
1.51,11.32418334037335,82800,independent,Independent
1.93,12.862815144196318,385700,indie_label,Indie label
1.86,8.039157390473237,3100,independent,Independent
7.96,13.132511708456144,505100,independent,Independent
0.81,11.584315461056901,107400,independent,Independent
0.43,10.563594879017874,38700,independent,Independent
4.49,13.820299074696072,1004800,major,Major label
2.29,14.880117841329698,2899700,major,Major label
1.12,9.893437216682626,19800,independent,Independent
1.81,15.469443710284926,5227500,independent,Independent
1.06,9.674074388208323,15900,major,Major label
1.66,13.90516842989481,1093800,major,Major label
0.58,10.805679360030782,49300,independent,Independent
0.46,14.22900997110076,1512100,independent,Independent
1.59,10.165851817003619,26000,indie_label,Indie label
2.32,12.831208615473574,373700,major,Major label
2.29,12.881819311409952,393100,indie_label,Indie label
0.07,6.907755278982137,1000,independent,Independent
1.38,13.275084464421992,582500,major,Major label
1.6,10.561007555452923,38600,independent,Independent
0.73,8.34283980427146,4200,indie_label,Indie label
0.46,11.079060882340366,64800,indie_label,Indie label
1.16,8.006367567650246,3000,major,Major label
3.87,7.824046010856292,2500,independent,Independent
1.14,10.094107912144779,24200,major,Major label
2.39,10.736396675471232,46000,indie_label,Indie label
0.58,10.19241884438834,26700,independent,Independent
1.72,8.216088098632316,3700,independent,Independent
1.29,10.165851817003619,26000,independent,Independent
1.57,12.36179352052695,233700,independent,Independent
1.27,11.504893293272964,99200,major,Major label
0.62,11.058795184880783,63500,independent,Independent
0.58,11.86920032888762,142800,independent,Independent
0.66,12.881564890851399,393000,major,Major label
3.41,9.400960731584833,12100,indie_label,Indie label
2.06,9.6614159913364,15700,major,Major label
0.13,8.716044050161402,6100,indie_label,Indie label
2.2,11.933607538883253,152300,major,Major label
1.42,8.242756345714477,3800,independent,Independent
1.39,8.881836305004146,7200,independent,Independent
2.06,7.9724660159745655,2900,major,Major label
2.4,12.682306824526545,322000,major,Major label
1.57,8.517193191416238,5000,independent,Independent
1.42,8.948975607841776,7700,independent,Independent
1.83,11.174651606402387,71300,independent,Independent
1.03,9.723163998404846,16700,major,Major label
1.25,7.90100705199242,2700,major,Major label
0.67,12.289494253669247,217400,independent,Independent
2.88,10.86283777387073,52200,indie_label,Indie label
0.89,10.837618202538614,50900,major,Major label
0.57,11.475223597786217,96300,independent,Independent
2.85,9.190137664658664,9800,major,Major label
0.72,11.517913006481267,100500,indie_label,Indie label
0.42,8.630521876723241,5600,indie_label,Indie label
1.38,11.58710486314448,107700,indie_label,Indie label
1.21,8.922658299524402,7500,independent,Independent
1.5,9.071078304642676,8700,independent,Independent
1.46,10.558413520275876,38500,independent,Independent
1.54,12.323411137947407,224900,indie_label,Indie label
0.73,9.88837391472608,19700,independent,Independent
4.39,12.309080395604402,221700,independent,Independent
3.93,10.555812738575819,38400,indie_label,Indie label
0.64,13.800092305235893,984700,indie_label,Indie label
0.64,12.533215786862868,277400,indie_label,Indie label
1.22,11.415312636103227,90700,major,Major label
0.57,12.137258329529814,186700,indie_label,Indie label
1.16,9.546812608597396,14000,independent,Independent
1.16,10.714417768752456,45000,major,Major label
0.07,13.072542682420373,475700,indie_label,Indie label
2.2,8.160518247477505,3500,independent,Independent
1.76,13.470764184890816,708400,indie_label,Indie label
2.79,12.57106292107262,288100,major,Major label
1.41,11.643076149435274,113900,major,Major label
1.92,13.981448635507705,1180500,major,Major label
1.28,11.370209162768633,86700,independent,Independent
0.3,13.11089789929505,494300,independent,Independent
1.1,12.310883009882518,222100,indie_label,Indie label
0.31,6.214608098422191,500,independent,Independent
0.66,7.24422751560335,1400,independent,Independent
1.05,9.723163998404846,16700,indie_label,Indie label
1.17,11.164785423481334,70600,indie_label,Indie label
3.42,11.715049649060363,122400,indie_label,Indie label
1.31,11.974140588182884,158600,independent,Independent
1.06,13.979922694214661,1178700,independent,Independent
2.41,11.383955083673268,87900,major,Major label
1.23,10.661954199216716,42700,major,Major label
0.4,8.1886891244442,3600,indie_label,Indie label
6.51,10.507803519389457,36600,independent,Independent
1.6,12.82611135426948,371800,major,Major label
2.12,10.207289006867793,27100,independent,Independent
0.4,8.389359819906353,4400,independent,Independent
0.1,8.612503371220562,5500,independent,Independent
0.97,14.219240828778721,1497400,indie_label,Indie label
0.49,9.560997243589352,14200,indie_label,Indie label
0.38,13.707145533286148,897300,independent,Independent
0.69,6.907755278982137,1000,indie_label,Indie label
1.24,9.305650551780507,11000,major,Major label
1.65,6.396929655216146,600,independent,Independent
0.59,11.734467734917464,124800,indie_label,Indie label
2.09,11.018629143155449,61000,major,Major label
1.46,14.937481236209619,3070900,major,Major label
4.11,9.457200449907708,12800,major,Major label
1.7,11.5149234676329,100200,major,Major label
1.84,10.891168280496956,53700,indie_label,Indie label
1.59,13.041153321978786,461000,major,Major label
1.95,16.12573638605427,10076700,indie_label,Indie label
1.55,9.94270826568941,20800,major,Major label
3.66,11.622676328929348,111600,indie_label,Indie label
1.46,12.63947712232758,308500,major,Major label
1.68,13.334567308680153,618200,independent,Independent
0.67,6.396929655216146,600,independent,Independent
0.67,11.261896710166482,77800,major,Major label
0.27,11.29849385425804,80700,indie_label,Indie label
1.34,10.22918769217543,27700,indie_label,Indie label
0.16,11.267024926533402,78200,indie_label,Indie label
0.04,10.568749529606537,38900,independent,Independent
0.83,9.615805480084347,15000,indie_label,Indie label
1.48,11.974140588182884,158600,indie_label,Indie label
0.84,9.148464968258095,9400,independent,Independent
4.33,9.433483923290392,12500,independent,Independent
2.42,10.680516217076775,43500,independent,Independent
2.34,9.332558004700433,11300,major,Major label
0.06,8.935903526274423,7600,independent,Independent
0.18,10.442900633154032,34300,independent,Independent
1.32,8.895629627136483,7300,major,Major label
0.93,9.648595302907339,15500,indie_label,Indie label
1.52,14.311973530894429,1642900,independent,Independent
0.69,10.158129770909708,25800,independent,Independent
1.79,13.73733277690025,924800,major,Major label
1.95,10.395130356885344,32700,indie_label,Indie label
0.23,8.242756345714477,3800,independent,Independent
0.69,11.650075303117463,114700,independent,Independent
2.83,8.476371196895983,4800,independent,Independent
1.16,13.831777530428147,1016400,indie_label,Indie label
1.23,10.03889218954233,22900,independent,Independent
2.62,12.757368201849877,347100,major,Major label
0.92,14.008029939734675,1212300,major,Major label
0.25,8.748304912379623,6300,independent,Independent
1.65,12.440749432658057,252900,indie_label,Indie label
0.22,8.699514748210191,6000,independent,Independent
1.45,11.191341840842766,72500,independent,Independent
2.62,11.071314910225711,64300,indie_label,Indie label
0.24,7.824046010856292,2500,independent,Independent
2.26,10.63344870621879,41500,major,Major label
0.78,10.742897240074326,46300,independent,Independent
2.43,11.992879425069132,161600,major,Major label
2.06,8.039157390473237,3100,indie_label,Indie label
1.8,8.294049640102028,4000,independent,Independent
0.72,13.266290546210971,577400,independent,Independent
4.44,8.216088098632316,3700,major,Major label
1.67,10.081633737919603,23900,major,Major label
0.94,9.190137664658664,9800,independent,Independent
4.26,13.298499175111198,596300,major,Major label
3.61,14.149193192976739,1396100,independent,Independent
1.34,9.417354541360508,12300,major,Major label
2.85,12.246734627249063,208300,independent,Independent
1.97,9.104979856318357,9000,independent,Independent
1.52,12.55037131840085,282200,indie_label,Indie label
2.67,10.043249494911286,23000,independent,Independent
1.08,12.060468671671382,172900,indie_label,Indie label
0.76,7.24422751560335,1400,indie_label,Indie label
1.84,8.268731832117737,3900,independent,Independent
1.24,12.940121817410544,416700,indie_label,Indie label
0.02,10.239959789157341,28000,indie_label,Indie label
0.37,8.45531778769815,4700,independent,Independent
5.3,14.051530847092163,1266200,independent,Independent
1.0,11.822613617684624,136300,independent,Independent
2.49,11.398636318568101,89200,major,Major label
0.81,7.24422751560335,1400,independent,Independent
1.39,11.740857533016236,125600,major,Major label
0.85,12.771954475044243,352200,indie_label,Indie label
0.28,6.551080335043404,700,independent,Independent
1.15,11.428456308343778,91900,independent,Independent
1.89,11.847968108781847,139800,major,Major label
1.87,12.914847081975818,406300,indie_label,Indie label
0.2,8.070906088787819,3200,independent,Independent
0.23,8.881836305004146,7200,independent,Independent
2.6,15.942455722288077,8389200,major,Major label
2.24,10.395130356885344,32700,major,Major label
1.89,11.902938468519471,147700,major,Major label
1.54,10.594131602877955,39900,major,Major label
1.33,16.276167205528814,11712500,major,Major label
1.49,14.324434374440669,1663500,indie_label,Indie label
2.33,10.623763400484325,41100,independent,Independent
1.4,13.021658673282696,452100,indie_label,Indie label
1.45,10.047587896509885,23100,indie_label,Indie label
0.92,12.822878592833396,370600,major,Major label
1.33,9.723163998404846,16700,major,Major label
1.32,10.969920942840002,58100,major,Major label
1.48,11.702719036602884,120900,major,Major label
3.45,13.990975327295015,1191800,indie_label,Indie label
0.77,10.835651633566574,50800,major,Major label
0.91,11.440354772135393,93000,independent,Independent
0.53,14.206065053336685,1477800,indie_label,Indie label
1.59,5.703782474656201,300,independent,Independent
0.53,11.675044314446664,117600,independent,Independent
1.25,14.142221017383534,1386400,major,Major label
0.38,9.190137664658664,9800,independent,Independent
0.61,12.660962636965861,315200,independent,Independent
1.5,9.622450022803015,15100,major,Major label
2.53,12.802433557402427,363100,indie_label,Indie label
0.33,11.448920134994315,93800,indie_label,Indie label
1.74,11.72399643505017,123500,major,Major label
3.19,13.546977304351254,764500,major,Major label
1.43,9.746833742490752,17100,independent,Independent
0.06,11.936230491206723,152700,independent,Independent
1.18,13.799279544853857,983900,major,Major label
0.84,10.047587896509885,23100,independent,Independent
0.99,11.443575386835436,93300,independent,Independent
1.59,10.689669599063263,43900,major,Major label
0.28,12.438770409649194,252400,independent,Independent
1.88,15.345212382378893,4616800,indie_label,Indie label
2.06,15.627399398487494,6122000,major,Major label
2.43,11.719939634354555,123000,indie_label,Indie label
3.28,16.417103345740014,13485200,major,Major label
1.28,13.72842645105716,916600,independent,Independent
2.28,11.160527077798756,70300,major,Major label
1.02,8.630521876723241,5600,indie_label,Indie label
3.21,9.035986984831405,8400,independent,Independent
1.43,10.089967119478747,24100,independent,Independent
0.82,9.350102314351341,11500,major,Major label
2.34,9.464982590349763,12900,independent,Independent
0.47,10.599131613294661,40100,independent,Independent
1.78,7.90100705199242,2700,independent,Independent
3.25,16.296174888494143,11949200,major,Major label
3.59,11.214519429155471,74200,major,Major label
1.1,9.746833742490752,17100,indie_label,Indie label
0.68,11.556942350387002,104500,major,Major label
0.87,15.061076259588548,3474900,indie_label,Indie label
2.61,8.476371196895983,4800,major,Major label
2.85,9.764225485202621,17400,independent,Independent
2.49,13.54159988959641,760400,indie_label,Indie label
1.93,9.190137664658664,9800,indie_label,Indie label
1.47,12.705938429059822,329700,indie_label,Indie label
0.84,11.686878772093667,119000,independent,Independent
2.43,14.249174320431118,1542900,major,Major label
1.14,11.225243392518447,75000,indie_label,Indie label
0.4,12.806830376796771,364700,independent,Independent
1.9,13.076319438902923,477500,indie_label,Indie label
1.41,12.160552130228364,191100,indie_label,Indie label
1.01,11.953114009136778,155300,major,Major label
1.54,11.623571985057293,111700,independent,Independent
1.33,12.051755285145816,171400,independent,Independent
4.94,14.674892256665244,2361700,major,Major label
2.18,13.929285572223119,1120500,major,Major label
1.27,10.581521095286025,39400,independent,Independent
0.4,12.29819593440598,219300,independent,Independent
0.67,9.78131991856192,17700,indie_label,Indie label
2.17,10.325481962595504,30500,indie_label,Indie label
1.45,13.025632188444558,453900,major,Major label
1.43,8.895629627136483,7300,independent,Independent
1.46,14.467210548610046,1918800,independent,Independent
1.1,10.845446031158861,51300,independent,Independent
1.87,10.969920942840002,58100,major,Major label
0.4,10.069001991013701,23600,indie_label,Indie label
0.35,7.8632667240095735,2600,indie_label,Indie label
2.7,12.86798712365902,387700,indie_label,Indie label
2.91,10.640651618512848,41800,indie_label,Indie label
2.25,13.66770636319588,862600,major,Major label
0.76,11.08827753744529,65400,major,Major label
3.48,12.09402314172155,178800,indie_label,Indie label
0.92,12.1463226411244,188400,independent,Independent
0.65,9.179881164491475,9700,independent,Independent
1.41,11.461632170582678,95000,major,Major label
1.84,12.665078520566368,316500,indie_label,Indie label
0.19,11.972247245869104,158300,indie_label,Indie label
0.49,7.090076835776092,1200,indie_label,Indie label
1.32,10.799575577092764,49000,independent,Independent
0.83,8.34283980427146,4200,indie_label,Indie label
1.14,10.920528187510426,55300,major,Major label
1.83,11.653556594709974,115100,major,Major label
5.05,8.779557455883728,6500,indie_label,Indie label
2.13,8.935903526274423,7600,independent,Independent
1.14,9.588776807696428,14600,major,Major label
2.09,11.726422639232633,123800,indie_label,Indie label
1.84,12.390475368527953,240500,major,Major label
0.69,13.788447638414585,973300,major,Major label
0.14,13.753209531766895,939600,independent,Independent
0.13,8.476371196895983,4800,independent,Independent
0.2,8.699514748210191,6000,indie_label,Indie label
0.55,5.703782474656201,300,indie_label,Indie label
6.0,10.596634733096073,40000,independent,Independent
6.74,13.72973478094287,917800,major,Major label
2.51,11.668218349376264,116800,major,Major label
1.58,9.449357272446683,12700,independent,Independent
1.19,9.9281801651265,20500,independent,Independent
1.47,10.236381967809457,27900,major,Major label
1.32,10.110501721920453,24600,indie_label,Indie label
0.47,7.313220387090301,1500,indie_label,Indie label
1.39,10.742897240074326,46300,independent,Independent
3.01,17.35607560138465,34486400,major,Major label
1.51,7.3777589082278725,1600,indie_label,Indie label
0.13,10.0519075576544,23200,independent,Independent
1.78,9.93788897925346,20700,independent,Independent
0.1,13.907177746490097,1096000,independent,Independent
0.48,7.090076835776092,1200,independent,Independent
0.85,12.951575056424048,421500,indie_label,Indie label
2.55,12.820176618749667,369600,independent,Independent
3.68,9.568014816247999,14300,major,Major label
1.2,12.728431505109837,337200,independent,Independent
0.48,10.138559674715612,25300,indie_label,Indie label
4.6,9.159047077588632,9500,major,Major label
0.62,12.073683457484428,175200,independent,Independent
1.43,11.023535121924303,61300,major,Major label
2.61,9.836278802842678,18700,independent,Independent
1.32,12.092343880201831,178500,indie_label,Indie label
1.08,10.21464198117305,27300,independent,Independent
1.03,13.934448482035787,1126300,major,Major label
0.22,7.3777589082278725,1600,indie_label,Indie label
0.56,9.893437216682626,19800,indie_label,Indie label
0.08,13.124760502004051,501200,independent,Independent
3.08,13.754592142994857,940900,major,Major label
0.15,9.581903928408666,14500,independent,Independent
0.54,9.525151111816216,13700,independent,Independent
1.0,10.803648902480399,49200,indie_label,Indie label
0.31,9.495519314209846,13300,indie_label,Indie label
1.31,10.332017933575289,30700,independent,Independent
0.76,11.716682302484248,122600,indie_label,Indie label
2.33,11.657025808943985,115500,independent,Independent
0.45,10.275051108968611,29000,independent,Independent
1.04,10.165851817003619,26000,independent,Independent
1.06,9.698920386794853,16300,independent,Independent
2.82,8.935903526274423,7600,major,Major label
1.36,9.148464968258095,9400,indie_label,Indie label
2.72,14.708164120072276,2441600,major,Major label
0.63,10.043249494911286,23000,major,Major label
1.4,9.602382459752207,14800,major,Major label
0.41,11.06663836234181,64000,independent,Independent
5.05,17.22304448789981,30190700,independent,Independent
3.06,10.803648902480399,49200,major,Major label
0.64,10.604106747934773,40300,independent,Independent
1.96,11.963363938721123,156900,major,Major label
1.8,10.271596874100524,28900,independent,Independent
1.27,11.824812226118826,136600,independent,Independent
0.26,12.15003125464655,189100,indie_label,Indie label
0.42,7.438383530044307,1700,indie_label,Indie label
0.33,9.75846178048587,17300,indie_label,Indie label
1.58,10.416311178964792,33400,independent,Independent
1.29,8.294049640102028,4000,indie_label,Indie label
0.7,7.600902459542082,2000,independent,Independent
1.23,8.68270762989381,5900,independent,Independent
0.65,11.313254269841162,81900,major,Major label
0.64,9.51044496442652,13500,major,Major label
0.33,8.66561319653451,5800,independent,Independent
0.78,9.88837391472608,19700,major,Major label
0.66,11.164785423481334,70600,indie_label,Indie label
1.92,8.294049640102028,4000,indie_label,Indie label
4.18,12.41673867533327,246900,major,Major label
0.82,11.564568698122066,105300,major,Major label
3.44,11.739263907180957,125400,major,Major label
1.59,9.846917201047734,18900,independent,Independent
1.76,11.005427631296913,60200,independent,Independent
0.28,11.893414587008216,146300,independent,Independent
1.08,13.24422696516117,564800,independent,Independent
1.08,12.289494253669247,217400,indie_label,Indie label
2.68,11.030039209893479,61700,major,Major label
0.13,10.626193535337618,41200,indie_label,Indie label
1.98,8.433811582477187,4600,indie_label,Indie label
0.81,12.463037745319895,258600,major,Major label
0.31,8.476371196895983,4800,independent,Independent
1.35,8.476371196895983,4800,indie_label,Indie label
2.28,12.246734627249063,208300,indie_label,Indie label
1.92,8.160518247477505,3500,major,Major label
1.82,13.666546404824317,861600,major,Major label
1.3,11.189961578373808,72400,major,Major label
1.39,6.802394763324311,900,independent,Independent
0.4,6.214608098422191,500,independent,Independent
1.49,11.041320554357519,62400,indie_label,Indie label
0.18,10.51867319162636,37000,indie_label,Indie label
0.79,13.609961315051015,814200,indie_label,Indie label
3.04,14.61270238881082,2219300,indie_label,Indie label
0.97,11.203679214602607,73400,indie_label,Indie label
0.34,10.401227936753463,32900,indie_label,Indie label
0.81,10.16199824768763,25900,independent,Independent
1.63,11.242428217272549,76300,indie_label,Indie label
0.76,9.746833742490752,17100,major,Major label
0.1,11.3975146134589,89100,indie_label,Indie label
0.94,11.972247245869104,158300,independent,Independent
1.27,10.870471398725801,52600,indie_label,Indie label
1.23,11.637794447016098,113300,major,Major label
1.67,9.94270826568941,20800,independent,Independent
1.23,10.969920942840002,58100,independent,Independent
2.05,13.324650946839162,612100,indie_label,Indie label
2.02,12.908427306841032,403700,independent,Independent
0.86,8.294049640102028,4000,indie_label,Indie label
1.04,8.411832675758411,4500,major,Major label
2.64,12.875183248261878,390500,indie_label,Indie label
0.36,9.02401079378469,8300,indie_label,Indie label
0.08,10.207289006867793,27100,independent,Independent
3.05,7.937374696163295,2800,independent,Independent
0.24,8.242756345714477,3800,independent,Independent
0.79,12.025749091398891,167000,independent,Independent
0.87,10.521372248595526,37100,independent,Independent
1.01,11.993498045565198,161700,major,Major label
2.95,13.516160680644811,741300,independent,Independent
2.54,8.575462099540212,5300,major,Major label
0.69,9.517825071724143,13600,major,Major label
0.66,12.162120758000992,191400,independent,Independent
1.07,10.616437360392252,40800,major,Major label
0.35,9.259130536145614,10500,indie_label,Indie label
4.08,11.08367982819666,65100,major,Major label
2.45,8.34283980427146,4200,major,Major label
2.39,9.857443614034722,19100,major,Major label
1.79,11.02841714952161,61600,major,Major label
1.25,11.452113325573471,94100,independent,Independent
1.74,10.945529489715843,56700,independent,Independent
0.99,8.131530710604252,3400,independent,Independent
2.56,9.740968623038354,17000,indie_label,Indie label
0.82,10.367221568768269,31800,independent,Independent
0.73,9.126958763037132,9200,major,Major label
0.16,8.895629627136483,7300,indie_label,Indie label
1.62,12.078807294484298,176100,indie_label,Indie label
2.47,10.1226230824528,24900,indie_label,Indie label
1.12,11.70766954176274,121500,indie_label,Indie label
2.11,11.531747219210816,101900,independent,Independent
1.09,9.116029692504942,9100,major,Major label
0.8,12.980569371786443,433900,major,Major label
2.83,13.593366506983148,800800,indie_label,Indie label
1.66,10.855145428247575,51800,major,Major label
6.3,11.386227811924272,88100,independent,Independent
1.25,11.116915515632819,67300,independent,Independent
0.47,10.48290596776773,35700,indie_label,Indie label
1.45,10.638256407786892,41700,major,Major label
1.43,11.283512300642423,79500,independent,Independent
0.2,11.1004357419251,66200,independent,Independent
1.88,10.442900633154032,34300,indie_label,Indie label
0.62,8.160518247477505,3500,major,Major label
1.5,9.84161214881804,18800,independent,Independent
0.32,10.671278276091838,43100,independent,Independent
0.93,13.29967239237474,597000,independent,Independent
2.43,9.546812608597396,14000,indie_label,Indie label
1.57,10.025705185260378,22600,major,Major label
0.64,7.24422751560335,1400,independent,Independent
8.74,14.673748358389812,2359000,indie_label,Indie label
0.06,7.90100705199242,2700,independent,Independent
1.13,9.047821442478408,8500,independent,Independent
3.87,15.360239268028923,4686700,major,Major label
0.47,9.22029070282935,10100,independent,Independent
1.31,9.602382459752207,14800,independent,Independent
1.6,12.240474072247506,207000,independent,Independent
1.1,12.458386574144164,257400,independent,Independent
1.7,11.39975676686459,89300,independent,Independent
0.64,11.746415308338582,126300,major,Major label
1.61,9.723163998404846,16700,independent,Independent
0.55,9.648595302907339,15500,independent,Independent
1.88,12.684168444673245,322600,major,Major label
1.89,12.15530552847652,190100,major,Major label
1.13,11.829923591756062,137300,independent,Independent
0.86,6.396929655216146,600,indie_label,Indie label
1.45,12.300928176542852,219900,major,Major label
0.58,6.551080335043404,700,independent,Independent
1.11,12.910654203715783,404600,major,Major label
1.03,8.45531778769815,4700,independent,Independent
1.43,10.95605590270283,57300,major,Major label
0.62,11.691908120498669,119600,indie_label,Indie label
1.11,7.24422751560335,1400,independent,Independent
1.13,15.633960642445373,6162300,major,Major label
1.64,9.539644119118783,13900,major,Major label
1.0,13.136660682105154,507200,indie_label,Indie label
0.28,9.764225485202621,17400,independent,Independent
2.29,13.253391639810733,570000,major,Major label
1.27,9.893437216682626,19800,major,Major label
0.8,12.634277240607828,306900,major,Major label
0.38,8.594154232552366,5400,independent,Independent
2.93,8.242756345714477,3800,major,Major label
0.74,10.712193073730345,44900,indie_label,Indie label
0.23,10.628617778949124,41300,indie_label,Indie label
0.83,9.574983485564092,14400,indie_label,Indie label
3.07,9.836278802842678,18700,independent,Independent
2.06,9.249561085129464,10400,major,Major label
0.35,9.642122788401721,15400,independent,Independent
2.38,9.169518377455928,9600,independent,Independent
1.68,9.686574550972555,16100,independent,Independent
3.63,13.317436618123446,607700,independent,Independent
1.8,12.773656603114773,352800,major,Major label
0.39,9.449357272446683,12700,independent,Independent
1.22,8.517193191416238,5000,independent,Independent
2.96,8.612503371220562,5500,major,Major label
2.37,11.657025808943985,115500,major,Major label
0.29,6.907755278982137,1000,indie_label,Indie label
2.21,13.198583403315737,539600,independent,Independent
0.02,12.292250341771226,218000,indie_label,Indie label
1.98,10.118598932153073,24800,independent,Independent
2.85,13.391015523949305,654100,major,Major label
0.65,10.169690593310785,26100,independent,Independent
1.07,9.883284845218608,19600,major,Major label
1.47,12.370315088924222,235700,major,Major label
1.45,7.9724660159745655,2900,independent,Independent
1.23,12.636555516613626,307600,major,Major label
3.29,12.225875272826354,204000,major,Major label
1.14,10.700994748420316,44400,major,Major label
0.38,11.83934736573794,138600,indie_label,Indie label
0.78,9.711115659888671,16500,indie_label,Indie label
1.04,9.615805480084347,15000,independent,Independent
2.03,8.867850063029406,7100,major,Major label
0.19,11.507912923146684,99500,indie_label,Indie label
0.45,11.658755913181768,115700,indie_label,Indie label
2.4,10.640651618512848,41800,indie_label,Indie label
3.98,14.270654324302985,1576400,major,Major label
0.79,10.01681623784313,22400,indie_label,Indie label
1.9,10.71663752549077,45100,major,Major label
1.56,8.070906088787819,3200,independent,Independent
0.45,8.85366542803745,7000,independent,Independent
0.83,10.876158617846391,52900,independent,Independent
0.46,6.214608098422191,500,independent,Independent
1.3,10.142504453006628,25400,major,Major label
1.43,9.190137664658664,9800,major,Major label
3.81,8.68270762989381,5900,major,Major label
1.56,12.490123131747906,265700,independent,Independent
1.26,12.27606501735021,214500,major,Major label
0.9,4.605170185988092,100,independent,Independent
4.92,12.764830923051468,349700,independent,Independent
1.71,10.799575577092764,49000,independent,Independent
0.73,12.263869744256391,211900,indie_label,Indie label
2.3,13.745302662920778,932200,major,Major label
2.84,13.097455741698145,487700,indie_label,Indie label
2.28,12.374126230526423,236600,independent,Independent
0.02,8.242756345714477,3800,independent,Independent
2.63,9.878169744551839,19500,independent,Independent
2.42,11.089805421623343,65500,independent,Independent
1.38,11.923709734555993,150800,indie_label,Indie label
0.24,13.953880227229046,1148400,indie_label,Indie label
1.27,13.037676569237135,459400,independent,Independent
1.05,7.783224016336037,2400,independent,Independent
1.42,13.706253572027325,896500,major,Major label
1.42,12.561646984024874,285400,major,Major label
0.32,12.530327698212794,276600,independent,Independent
0.86,11.689396608086007,119300,major,Major label
1.62,10.532096211958502,37500,independent,Independent
5.73,9.588776807696428,14600,major,Major label
4.77,8.34283980427146,4200,indie_label,Indie label
2.27,14.582697851232684,2153700,independent,Independent
0.88,7.438383530044307,1700,independent,Independent
1.4,10.437052663271608,34100,indie_label,Indie label
0.29,10.952559395644101,57100,indie_label,Indie label
0.2,9.667765219015058,15800,indie_label,Indie label
2.3,8.66561319653451,5800,independent,Independent
1.08,10.927735425915376,55700,indie_label,Indie label
1.04,14.856670271884298,2832500,major,Major label
0.91,10.772686676876432,47700,major,Major label
0.63,9.02401079378469,8300,indie_label,Indie label
0.06,12.811480911782112,366400,independent,Independent
4.97,11.255449234575513,77300,indie_label,Indie label
1.79,9.883284845218608,19600,major,Major label
1.2,8.99961934066053,8100,independent,Independent
3.88,10.126631103850338,25000,major,Major label
1.91,12.120514757168527,183600,major,Major label
4.23,9.02401079378469,8300,indie_label,Indie label
1.22,6.214608098422191,500,independent,Independent
0.89,9.400960731584833,12100,indie_label,Indie label
1.98,11.889304992183297,145700,indie_label,Indie label
0.86,13.64531518096816,843500,independent,Independent
2.52,11.454236468621549,94300,indie_label,Indie label
0.66,10.678214720088496,43400,major,Major label
1.24,9.305650551780507,11000,major,Major label
3.19,9.0595174822416,8600,independent,Independent
0.17,10.851276951469654,51600,independent,Independent
0.27,8.935903526274423,7600,independent,Independent
0.18,7.9724660159745655,2900,independent,Independent
0.55,11.414209492031071,90600,independent,Independent
1.14,13.975671710088216,1173700,major,Major label
1.02,11.211820372186306,74000,independent,Independent
0.55,12.72991320637366,337700,independent,Independent
1.01,11.732060994886899,124500,indie_label,Indie label
1.01,8.612503371220562,5500,indie_label,Indie label
1.65,10.494048144320972,36100,indie_label,Indie label
0.19,8.867850063029406,7100,independent,Independent
0.49,12.801331325270993,362700,indie_label,Indie label
3.61,11.310809280848094,81700,independent,Independent
0.45,8.575462099540212,5300,independent,Independent
2.27,14.853381551343197,2823200,major,Major label
3.04,13.46949290849953,707500,major,Major label
0.43,9.615805480084347,15000,independent,Independent
1.35,10.881813675329736,53200,independent,Independent
1.2,13.21165548488309,546700,major,Major label
2.67,14.33144311909841,1675200,major,Major label
0.11,12.946818804889398,419500,indie_label,Indie label
0.87,11.918390573078392,150000,indie_label,Indie label
2.39,11.625360894300016,111900,major,Major label
0.65,9.239899174217728,10300,indie_label,Indie label
1.23,13.769257173446812,954800,major,Major label
4.96,10.077440859659566,23800,major,Major label
1.84,11.632484700027868,112700,major,Major label
2.09,15.784732575881138,7165100,major,Major label
3.42,18.63350887377593,123717200,major,Major label
1.98,13.492408540281232,723900,major,Major label
1.67,10.515966830028619,36900,major,Major label
2.03,9.169518377455928,9600,indie_label,Indie label
1.09,9.20029003612268,9900,independent,Independent
2.49,14.385020098066041,1767400,major,Major label
1.52,14.484365045955174,1952000,major,Major label
1.65,11.948596415135459,154600,major,Major label
0.41,8.895629627136483,7300,indie_label,Indie label
0.99,11.900226602450722,147300,independent,Independent
0.63,13.266983067014271,577800,independent,Independent
0.52,9.20029003612268,9900,independent,Independent
0.84,11.275936506833965,78900,independent,Independent
2.33,11.83862560460953,138500,major,Major label
0.2,12.454494004028652,256400,independent,Independent
0.64,11.372513311253483,86900,major,Major label
0.72,13.595611736814954,802600,indie_label,Indie label
0.72,10.138559674715612,25300,indie_label,Indie label
0.4,9.314700387300425,11100,indie_label,Indie label
2.1,8.268731832117737,3900,major,Major label
1.05,12.423600458058747,248600,indie_label,Indie label
2.23,9.532423871145296,13800,indie_label,Indie label
1.24,9.332558004700433,11300,independent,Independent
0.49,8.699514748210191,6000,independent,Independent
1.01,10.666627104916108,42900,indie_label,Indie label
0.03,12.342786468845995,229300,independent,Independent
0.76,7.003065458786462,1100,independent,Independent
0.81,9.72913416539135,16800,indie_label,Indie label
1.46,11.177452728682098,71500,independent,Independent
4.87,14.813418142510752,2712600,major,Major label
0.03,8.131530710604252,3400,independent,Independent
1.13,10.60905725309463,40500,independent,Independent
1.71,10.809727948556782,49500,independent,Independent
2.15,11.386227811924272,88100,major,Major label
1.83,9.367344120785848,11700,indie_label,Indie label
1.36,9.72913416539135,16800,major,Major label
0.05,8.987196820661973,8000,independent,Independent
5.51,15.271261016598705,4287700,indie_label,Indie label
0.06,7.313220387090301,1500,indie_label,Indie label
2.88,13.527828485512494,750000,independent,Independent
0.78,5.991464547107982,400,indie_label,Indie label
3.43,8.794824928014517,6600,major,Major label
1.64,14.397055561942917,1788800,indie_label,Indie label
0.42,10.094107912144779,24200,indie_label,Indie label
0.25,10.687389096364537,43800,indie_label,Indie label
1.13,8.1886891244442,3600,indie_label,Indie label
0.45,9.820105943597078,18400,independent,Independent
2.35,10.915088464214607,55000,indie_label,Indie label
1.15,14.267795636716329,1571900,major,Major label
2.38,11.756655649892826,127600,indie_label,Indie label
3.52,10.768484990022733,47500,indie_label,Indie label
0.06,7.824046010856292,2500,independent,Independent
0.2,11.881726588706801,144600,independent,Independent
1.11,10.370361288772935,31900,independent,Independent
0.97,12.619505923287514,302400,major,Major label
0.05,10.82774645405946,50400,indie_label,Indie label
0.16,10.943764264191275,56600,independent,Independent
0.32,15.160227430917107,3837100,indie_label,Indie label
1.36,11.67419361256635,117500,indie_label,Indie label
2.08,8.881836305004146,7200,major,Major label
2.01,12.718297290209872,333800,major,Major label
2.47,12.585193778298736,292200,major,Major label
2.01,13.269575757084716,579300,indie_label,Indie label
3.57,8.935903526274423,7600,independent,Independent
0.83,8.242756345714477,3800,independent,Independent
0.28,10.207289006867793,27100,independent,Independent
3.02,12.80050385315096,362400,independent,Independent
0.09,11.923046384614587,150700,indie_label,Indie label
0.54,7.600902459542082,2000,independent,Independent
1.77,14.205997382891725,1477700,independent,Independent
0.31,11.984178313616395,160200,independent,Independent
0.49,14.537779552096238,2059100,indie_label,Indie label
1.71,15.985101256981354,8754700,major,Major label
0.57,9.595602772766828,14700,indie_label,Indie label
3.1,15.636035634679173,6175100,major,Major label
2.13,13.248290934002119,567100,major,Major label
1.93,10.968198289528557,58000,major,Major label
1.47,9.746833742490752,17100,major,Major label
0.04,8.366370301681654,4300,independent,Independent
0.94,12.325631880587814,225400,independent,Independent
1.51,9.441452092939569,12600,independent,Independent
2.26,14.409279294543941,1810800,indie_label,Indie label
2.27,9.011889433252344,8200,independent,Independent
2.0,12.156882401339402,190400,indie_label,Indie label
1.45,13.522078653531887,745700,independent,Independent
0.63,12.108459816663173,181400,independent,Independent
1.04,13.076738199378052,477700,independent,Independent
0.74,10.081633737919603,23900,indie_label,Indie label
0.5,9.487972108574462,13200,indie_label,Indie label
1.36,13.990135908123758,1190800,major,Major label
1.39,15.801643665010426,7287300,major,Major label
2.25,13.22329409598277,553100,independent,Independent
2.38,11.018629143155449,61000,indie_label,Indie label
0.75,11.213170811284177,74100,independent,Independent
0.52,12.501722887631132,268800,indie_label,Indie label
2.68,11.900226602450722,147300,major,Major label
0.65,7.003065458786462,1100,indie_label,Indie label
5.12,7.8632667240095735,2600,independent,Independent
2.33,13.013663960480988,448500,major,Major label
1.42,10.833681189579275,50700,major,Major label
0.92,9.830916859701293,18600,major,Major label
3.62,9.957028319464158,21100,indie_label,Indie label
1.14,17.177055399916146,28833700,major,Major label
1.82,9.367344120785848,11700,independent,Independent
1.13,11.183031543709138,71900,indie_label,Indie label
0.93,11.219895786191852,74600,indie_label,Indie label
1.14,13.761793275458286,947700,major,Major label
1.63,7.8632667240095735,2600,major,Major label
0.16,10.900436187427738,54200,indie_label,Indie label
1.67,10.474467099121865,35400,independent,Independent
0.16,7.9724660159745655,2900,independent,Independent
0.86,10.843494811027599,51200,independent,Independent
0.8,10.839580911706463,51000,indie_label,Indie label
2.6,10.437052663271608,34100,independent,Independent
1.6,9.22029070282935,10100,major,Major label
1.36,8.496990484098719,4900,independent,Independent
1.25,8.411832675758411,4500,major,Major label
2.07,12.116147938002186,182800,indie_label,Indie label
2.15,7.824046010856292,2500,independent,Independent
2.25,10.370361288772935,31900,indie_label,Indie label
4.01,13.385496576934697,650500,major,Major label
1.14,11.854385243102481,140700,major,Major label
0.26,11.659619844121032,115800,independent,Independent
2.18,8.536995818712418,5100,major,Major label
1.47,10.236381967809457,27900,independent,Independent
2.0,10.138559674715612,25300,major,Major label
3.81,8.68270762989381,5900,independent,Independent
1.47,11.467928099039492,95600,major,Major label
0.38,12.337100907936577,228000,independent,Independent
2.72,9.323669057283185,11200,indie_label,Indie label
1.21,11.630708500626612,112500,major,Major label
1.86,12.68075282265981,321500,major,Major label
2.81,12.132426105361874,185800,independent,Independent
1.24,8.536995818712418,5100,major,Major label
4.79,10.82576035608783,50300,independent,Independent
2.91,11.780659899612314,130700,indie_label,Indie label
0.72,8.389359819906353,4400,indie_label,Indie label
0.39,12.273731294003989,214000,independent,Independent
3.17,10.126631103850338,25000,independent,Independent
1.45,6.396929655216146,600,major,Major label
0.48,17.416094174158083,36619600,indie_label,Indie label
2.01,11.202315887874743,73300,independent,Independent
0.15,13.306682936860957,601200,indie_label,Indie label
6.67,13.225280911411016,554200,major,Major label
1.94,11.662207167685983,116100,major,Major label
1.97,9.769956159911606,17500,independent,Independent
1.25,8.935903526274423,7600,independent,Independent
0.82,13.799686007617304,984300,major,Major label
0.7,12.848452709036465,380200,indie_label,Indie label
0.89,13.493237040742875,724500,major,Major label
2.11,12.117787730662602,183100,major,Major label
0.37,10.341742483467284,31000,independent,Independent
1.23,10.915088464214607,55000,indie_label,Indie label
1.43,8.716044050161402,6100,independent,Independent
0.64,10.864751650053014,52300,indie_label,Indie label
0.99,12.766545209185578,350300,indie_label,Indie label
3.02,11.710956315469362,121900,major,Major label
2.77,6.396929655216146,600,major,Major label
0.73,10.835651633566574,50800,indie_label,Indie label
1.16,8.716044050161402,6100,major,Major label
1.18,13.603306946688399,808800,major,Major label
4.5,11.606415808057568,109800,indie_label,Indie label
1.64,13.304518253641184,599900,major,Major label
0.63,13.140792512872697,509300,indie_label,Indie label
7.4,13.200989697859518,540900,indie_label,Indie label
0.54,7.8632667240095735,2600,independent,Independent
3.1,12.69495936177741,326100,major,Major label
1.79,14.042725808648537,1255100,major,Major label
2.14,9.852194258148577,19000,indie_label,Indie label
0.79,8.895629627136483,7300,independent,Independent
1.84,9.913437883389296,20200,indie_label,Indie label
1.25,12.718297290209872,333800,major,Major label
2.55,13.334243736439827,618000,independent,Independent
1.0,11.092854204472703,65700,indie_label,Indie label
1.01,8.85366542803745,7000,major,Major label
4.63,15.822193217059684,7438600,major,Major label
2.52,12.354492650648448,232000,indie_label,Indie label
0.86,12.622477693676672,303300,major,Major label
0.5,9.179881164491475,9700,indie_label,Indie label
1.43,10.874266469694353,52800,independent,Independent
1.41,11.52682837013922,101400,independent,Independent
3.55,8.160518247477505,3500,indie_label,Indie label
1.48,7.600902459542082,2000,major,Major label
1.18,9.852194258148577,19000,major,Major label
1.28,8.496990484098719,4900,independent,Independent
0.26,9.239899174217728,10300,independent,Independent
1.64,17.509392478851,40200600,major,Major label
0.92,9.104979856318357,9000,major,Major label
6.34,12.139398512262181,187100,indie_label,Indie label
1.06,9.674074388208323,15900,independent,Independent
0.09,11.55789883061296,104600,indie_label,Indie label
0.5,9.341368634382587,11400,independent,Independent
1.1,11.665646551987892,116500,independent,Independent
1.12,9.230142999272362,10200,independent,Independent
0.71,9.323669057283185,11200,major,Major label
3.13,13.864491180185896,1050200,major,Major label
4.38,11.962088428344112,156700,major,Major label
3.68,14.657422511789331,2320800,major,Major label
0.83,9.367344120785848,11700,indie_label,Indie label
1.04,11.691908120498669,119600,independent,Independent
1.0,10.1226230824528,24900,independent,Independent
0.18,11.49272275765271,98000,independent,Independent
1.93,10.271596874100524,28900,independent,Independent
0.92,12.98287139858573,434900,independent,Independent
2.28,10.376611309118108,32100,independent,Independent
1.44,9.104979856318357,9000,major,Major label
3.06,15.823496376397454,7448300,major,Major label
2.37,11.312032522590838,81800,independent,Independent
1.35,9.588776807696428,14600,independent,Independent
2.06,12.457609271345602,257200,major,Major label
0.92,7.7406644019172415,2300,indie_label,Indie label
1.9,10.150347630467653,25600,indie_label,Indie label
1.67,11.506907392644665,99400,indie_label,Indie label
3.58,8.732304571033183,6200,major,Major label
2.16,10.54006438160768,37800,independent,Independent
1.01,7.7406644019172415,2300,indie_label,Indie label
0.64,10.729853576882297,45700,indie_label,Indie label
0.31,8.961879012677683,7800,independent,Independent
1.59,8.45531778769815,4700,major,Major label
1.52,9.814656338829513,18300,independent,Independent
0.42,9.503009985939002,13400,independent,Independent
0.87,15.072009396541656,3513100,indie_label,Indie label
0.24,9.495519314209846,13300,independent,Independent
1.46,11.878956503832987,144200,major,Major label
1.08,9.883284845218608,19600,indie_label,Indie label
0.61,10.821776287072955,50100,independent,Independent
1.55,9.595602772766828,14700,indie_label,Indie label
0.53,11.297253928494719,80600,independent,Independent
0.76,14.26102936552961,1561300,major,Major label
0.76,12.9123828126164,405300,indie_label,Indie label
2.58,11.254154736012868,77200,major,Major label
1.6,9.082507000466299,8800,major,Major label
1.38,8.83927669058535,6900,independent,Independent
2.1,13.623744542342319,825500,major,Major label
1.9,13.422912315562934,675300,independent,Independent
1.86,10.654903641220049,42400,indie_label,Indie label
0.58,9.169518377455928,9600,indie_label,Indie label
0.27,14.125712151845926,1363700,independent,Independent
1.22,8.242756345714477,3800,independent,Independent
2.59,15.1288578113281,3718600,major,Major label
0.15,16.098545791713605,9806400,indie_label,Indie label
2.61,10.841539776191796,51100,independent,Independent
0.62,11.85793260404128,141200,major,Major label
1.35,7.003065458786462,1100,independent,Independent
2.03,14.33549411951503,1682000,independent,Independent
1.19,9.126958763037132,9200,indie_label,Indie label
3.22,12.00701176473192,163900,independent,Independent
3.17,11.815988639460311,135400,indie_label,Indie label
3.26,13.255319604652954,571100,major,Major label
0.78,9.159047077588632,9500,independent,Independent
0.82,9.752664662801545,17200,major,Major label
1.78,10.118598932153073,24800,independent,Independent
3.12,14.749759079212206,2545300,major,Major label
2.31,11.468973577441046,95700,indie_label,Indie label
3.01,12.979647075202733,433500,major,Major label
3.47,11.446785662465684,93600,major,Major label
1.7,14.384680558704508,1766800,major,Major label
0.83,8.496990484098719,4900,independent,Independent
1.69,8.66561319653451,5800,independent,Independent
2.0,9.268609280100158,10600,indie_label,Indie label
2.11,9.878169744551839,19500,major,Major label
0.65,11.141861783579396,69000,indie_label,Indie label
4.31,7.7406644019172415,2300,indie_label,Indie label
1.85,12.66728776874283,317200,independent,Independent
1.16,9.230142999272362,10200,major,Major label
0.69,8.34283980427146,4200,indie_label,Indie label
4.62,12.718297290209872,333800,independent,Independent
2.1,10.439980923050696,34200,major,Major label
0.77,12.433606545145677,251100,independent,Independent
4.78,12.060468671671382,172900,independent,Independent
2.75,12.916322733989782,406900,major,Major label
0.7,10.089967119478747,24100,independent,Independent
1.7,11.755871643580617,127500,major,Major label
0.7,14.757547006256845,2565200,major,Major label
0.46,10.173514689749188,26200,independent,Independent
3.5,11.932950724409723,152200,independent,Independent
1.35,13.833645128159757,1018300,indie_label,Indie label
0.6,8.556413904569519,5200,independent,Independent
1.54,11.710135634257934,121800,independent,Independent
0.86,7.937374696163295,2800,independent,Independent
1.62,9.287301413112312,10800,major,Major label
2.08,12.227344780805714,204300,independent,Independent
0.79,13.551935560855727,768300,major,Major label
1.58,11.892730826297814,146200,major,Major label
1.53,9.332558004700433,11300,major,Major label
0.75,9.179881164491475,9700,indie_label,Indie label
0.35,8.366370301681654,4300,indie_label,Indie label
1.55,11.610959205241594,110300,independent,Independent
1.19,11.781424718005235,130800,indie_label,Indie label
0.86,12.971540487669746,430000,indie_label,Indie label
1.54,8.389359819906353,4400,major,Major label
0.71,13.358699522504521,633300,independent,Independent
0.49,10.807705703176014,49400,indie_label,Indie label
1.57,9.595602772766828,14700,independent,Independent
1.8,10.089967119478747,24100,independent,Independent
0.11,7.090076835776092,1200,indie_label,Indie label
1.02,11.176053148327675,71400,major,Major label
0.73,7.438383530044307,1700,indie_label,Indie label
1.27,9.126958763037132,9200,indie_label,Indie label
0.46,10.42821608147111,33800,independent,Independent
0.68,9.472704636443673,13000,independent,Independent
1.13,10.573877745973457,39100,independent,Independent
0.71,9.635608107380527,15300,indie_label,Indie label
0.82,8.160518247477505,3500,independent,Independent
3.11,13.21658205264331,549400,major,Major label
0.97,11.714232321675263,122300,independent,Independent
2.62,17.092968449464376,26508300,independent,Independent
1.69,8.909235279192261,7400,major,Major label
2.17,10.933106969717286,56000,major,Major label
1.19,13.42320843638239,675500,independent,Independent
0.31,11.284769371832475,79600,independent,Independent
0.88,11.456355113481834,94500,independent,Independent
0.93,11.286024864778307,79700,indie_label,Indie label
0.94,12.88638784727474,394900,indie_label,Indie label
1.89,15.727331945703048,6765400,major,Major label
2.68,8.1886891244442,3600,major,Major label
1.5,11.437123751553946,92700,indie_label,Indie label
0.98,12.101822624156375,180200,major,Major label
0.58,11.67163715612505,117200,independent,Independent
0.07,12.583481155855813,291700,independent,Independent
1.2,15.60237473142652,5970700,major,Major label
0.6,9.655026193237628,15600,independent,Independent
1.17,8.039157390473237,3100,independent,Independent
1.25,12.27232844130724,213700,independent,Independent
0.79,12.074254070909326,175300,indie_label,Indie label
1.57,8.748304912379623,6300,major,Major label
0.54,9.667765219015058,15800,indie_label,Indie label
0.37,7.170119543449628,1300,indie_label,Indie label
0.59,5.703782474656201,300,independent,Independent
0.91,9.752664662801545,17200,independent,Independent
1.67,12.121059271203217,183700,independent,Independent
3.08,13.266636866560754,577600,independent,Independent
2.32,9.98506753952855,21700,independent,Independent
1.2,9.595602772766828,14700,indie_label,Indie label
1.37,11.850111732325098,140100,indie_label,Indie label
0.46,10.654903641220049,42400,indie_label,Indie label
2.07,10.275051108968611,29000,indie_label,Indie label
0.51,9.495519314209846,13300,independent,Independent
2.37,7.170119543449628,1300,independent,Independent
0.29,12.897718699963852,399400,indie_label,Indie label
1.27,9.836278802842678,18700,major,Major label
2.59,12.197536314507888,198300,independent,Independent
3.51,10.142504453006628,25400,major,Major label
3.76,11.7550870221202,127400,independent,Independent
2.06,9.104979856318357,9000,indie_label,Indie label
4.2,10.4341158035983,34000,indie_label,Indie label
0.39,11.61908566079862,111200,independent,Independent
1.88,8.160518247477505,3500,independent,Independent
2.21,12.437977702512956,252200,independent,Independent
5.26,12.45488394359296,256500,indie_label,Indie label
1.34,12.483325522491416,263900,major,Major label
0.83,13.12794775569823,502800,independent,Independent
0.37,10.499573020252942,36300,independent,Independent
1.45,10.835651633566574,50800,indie_label,Indie label
2.13,10.01681623784313,22400,major,Major label
1.22,12.075394321888057,175500,indie_label,Indie label
2.2,11.896144964131073,146700,independent,Independent
1.93,14.180223113585473,1440100,major,Major label
1.7,10.799575577092764,49000,major,Major label
1.12,12.045903893377352,170400,independent,Independent
1.24,9.994241915804592,21900,independent,Independent
3.75,9.480367509189243,13100,independent,Independent
1.17,11.181639755036315,71800,independent,Independent
1.07,8.517193191416238,5000,independent,Independent
0.06,9.867860374892977,19300,independent,Independent
0.61,9.126958763037132,9200,indie_label,Indie label
1.88,10.00784756786037,22200,independent,Independent
1.9,12.700158945291866,327800,indie_label,Indie label
1.24,8.948975607841776,7700,independent,Independent
1.43,6.396929655216146,600,independent,Independent
0.13,8.496990484098719,4900,independent,Independent
1.04,11.855095722706078,140800,independent,Independent
0.68,10.985292722887856,59000,major,Major label
2.88,9.933046354777673,20600,independent,Independent
0.95,13.004930280512234,444600,major,Major label
1.07,8.68270762989381,5900,major,Major label
2.61,12.375393390146877,236900,major,Major label
0.7,12.737582860488997,340300,major,Major label
3.48,12.701073718949193,328100,independent,Independent
0.92,9.071078304642676,8700,indie_label,Indie label
1.05,6.551080335043404,700,independent,Independent
0.51,7.937374696163295,2800,independent,Independent
0.92,8.748304912379623,6300,major,Major label
2.16,11.08827753744529,65400,major,Major label
2.45,11.071314910225711,64300,major,Major label
2.31,13.045698292468844,463100,independent,Independent
0.79,11.479368681441386,96700,independent,Independent
0.92,9.698920386794853,16300,indie_label,Indie label
1.26,13.358541606988995,633200,major,Major label
4.06,13.384419902217138,649800,major,Major label
0.29,9.179881164491475,9700,independent,Independent
2.6,9.409191230721348,12200,independent,Independent
3.52,13.941173575959931,1133900,major,Major label
1.42,14.434418988588687,1856900,major,Major label
5.03,13.368285515607878,639400,indie_label,Indie label
0.89,12.369890730759568,235600,major,Major label
2.52,10.950806546816688,57000,independent,Independent
0.62,7.600902459542082,2000,independent,Independent
0.53,8.794824928014517,6600,independent,Independent
1.89,12.582452172743242,291400,independent,Independent
1.3,14.25653584147099,1554300,major,Major label
2.53,9.803667217253917,18100,indie_label,Indie label
2.28,15.379992944596513,4780200,indie_label,Indie label
1.32,9.798127036878302,18000,independent,Independent
0.88,8.517193191416238,5000,indie_label,Indie label
1.32,9.72913416539135,16800,independent,Independent
0.62,8.268731832117737,3900,independent,Independent
5.46,11.52682837013922,101400,independent,Independent
6.05,13.907360211594153,1096200,major,Major label
1.26,16.925049081344607,22410700,major,Major label
1.23,10.783114300038692,48200,independent,Independent
0.41,10.966472663561087,57900,independent,Independent
3.82,12.195517131590657,197900,major,Major label
2.88,11.25285855955142,77100,indie_label,Indie label
3.04,10.650175500024103,42200,independent,Independent
3.85,9.457200449907708,12800,independent,Independent
1.16,7.600902459542082,2000,indie_label,Indie label
0.35,10.370361288772935,31900,independent,Independent
0.7,7.90100705199242,2700,independent,Independent
0.82,11.536641991587544,102400,independent,Independent
1.31,9.635608107380527,15300,indie_label,Indie label
1.24,10.831706855275558,50600,independent,Independent
1.8,14.636655096587575,2273100,indie_label,Indie label
1.58,13.33731345369001,619900,major,Major label
0.74,10.275051108968611,29000,independent,Independent
0.7,10.966472663561087,57900,indie_label,Indie label
0.38,10.094107912144779,24200,independent,Independent
2.13,9.667765219015058,15800,indie_label,Indie label
0.15,10.705489138008156,44600,independent,Independent
0.99,10.718852365820323,45200,indie_label,Indie label
1.48,8.1886891244442,3600,major,Major label
1.63,11.16761427968181,70800,indie_label,Indie label
1.9,11.241116741674738,76200,major,Major label
1.68,11.792827350103048,132300,major,Major label
2.41,7.24422751560335,1400,independent,Independent
0.92,10.571316925111784,39000,independent,Independent
0.77,7.649692623711514,2100,independent,Independent
3.91,12.287652632522597,217000,indie_label,Indie label
1.96,14.7459802910117,2535700,major,Major label
0.89,6.802394763324311,900,independent,Independent
2.28,9.87302834505142,19400,independent,Independent
3.24,9.137769679141348,9300,independent,Independent
1.44,10.936672035881783,56200,major,Major label
0.19,9.918376165029878,20300,indie_label,Indie label
1.01,9.314700387300425,11100,indie_label,Indie label
0.44,9.581903928408666,14500,independent,Independent
0.96,14.612477067163217,2218800,major,Major label
1.81,12.300018258372702,219700,independent,Independent
0.23,11.94210709969571,153600,independent,Independent
0.82,9.487972108574462,13200,independent,Independent
1.86,11.58617592670982,107600,major,Major label
0.95,10.513253124157023,36800,indie_label,Indie label
0.54,12.595408371708455,295200,independent,Independent
0.38,8.895629627136483,7300,indie_label,Indie label
2.2,8.909235279192261,7400,major,Major label
0.85,12.584509081250419,292000,indie_label,Indie label
2.16,13.867153791116113,1053000,independent,Independent
3.51,12.751589509086095,345100,indie_label,Indie label
1.89,12.82557328592182,371600,major,Major label
1.55,11.889991098556695,145800,indie_label,Indie label
0.04,14.914556086103943,3001300,independent,Independent
0.89,10.532096211958502,37500,major,Major label
0.6,11.02841714952161,61600,independent,Independent
4.95,6.396929655216146,600,independent,Independent
0.71,11.243737975154612,76400,indie_label,Indie label
0.33,10.685103381083682,43700,independent,Independent
2.6,11.130199843831553,68200,independent,Independent
2.57,13.051726297804889,465900,major,Major label
1.46,13.140792512872697,509300,major,Major label
1.86,7.313220387090301,1500,major,Major label
1.76,9.116029692504942,9100,indie_label,Indie label
2.19,6.551080335043404,700,indie_label,Indie label
1.43,8.294049640102028,4000,indie_label,Indie label
1.46,12.385055301058614,239200,independent,Independent
0.67,10.38591370178042,32400,indie_label,Indie label
0.98,9.692766521220475,16200,indie_label,Indie label
0.94,6.907755278982137,1000,independent,Independent
2.43,9.296518068217235,10900,independent,Independent
2.17,12.617519825315886,301800,major,Major label
4.73,12.195517131590657,197900,major,Major label
0.72,8.612503371220562,5500,independent,Independent
0.32,8.809862805379057,6700,independent,Independent
2.84,10.480100916840122,35600,indie_label,Indie label
0.79,8.648221453822641,5700,independent,Independent
0.09,8.779557455883728,6500,indie_label,Indie label
2.98,8.1886891244442,3600,independent,Independent
1.72,10.666627104916108,42900,major,Major label
2.47,12.556025043708079,283800,major,Major label
0.26,11.637794447016098,113300,indie_label,Indie label
1.1,9.239899174217728,10300,independent,Independent
1.92,11.424094251263613,91500,independent,Independent
0.87,7.90100705199242,2700,independent,Independent
1.0,12.950863059241957,421200,major,Major label
2.93,11.184421397998193,72000,indie_label,Indie label
0.51,11.891361900690473,146000,indie_label,Indie label
0.03,9.6614159913364,15700,independent,Independent
1.29,10.3797217315325,32200,indie_label,Indie label
5.47,14.459414971945767,1903900,major,Major label
3.61,7.3777589082278725,1600,independent,Independent
0.56,9.680344001221918,16000,independent,Independent
0.71,6.684611727667927,800,independent,Independent
0.4,7.438383530044307,1700,indie_label,Indie label
3.07,12.028141437037512,167400,major,Major label
2.12,12.527431244341338,275800,major,Major label
1.33,11.862877863148134,141900,indie_label,Indie label
0.53,9.517825071724143,13600,independent,Independent
3.46,9.239899174217728,10300,independent,Independent
0.66,7.438383530044307,1700,indie_label,Indie label
0.62,14.11620756749355,1350800,major,Major label
3.81,10.465956409453957,35100,major,Major label
2.31,9.84161214881804,18800,major,Major label
1.66,10.640651618512848,41800,indie_label,Indie label
4.05,12.556729517143344,284000,major,Major label
0.67,7.600902459542082,2000,independent,Independent
2.21,9.769956159911606,17500,independent,Independent
0.87,5.703782474656201,300,independent,Independent
1.0,9.137769679141348,9300,indie_label,Indie label
0.92,10.126631103850338,25000,independent,Independent
1.36,9.933046354777673,20600,independent,Independent
1.75,9.648595302907339,15500,independent,Independent
0.73,10.81376021208472,49700,indie_label,Indie label
4.06,11.03488966402723,62000,major,Major label
1.07,12.289494253669247,217400,major,Major label
1.67,10.298902324790792,29700,major,Major label
0.72,11.990401109054664,161200,independent,Independent
2.1,8.961879012677683,7800,independent,Independent
2.01,5.298317366548036,200,independent,Independent
3.96,10.01234195744821,22300,independent,Independent
2.95,9.674074388208323,15900,major,Major label
1.01,10.073230327123223,23700,indie_label,Indie label
0.15,9.449357272446683,12700,indie_label,Indie label
0.64,8.318742252692399,4100,independent,Independent
0.67,10.043249494911286,23000,independent,Independent
0.44,10.872370734529454,52700,indie_label,Indie label
0.41,12.321630986164447,224500,indie_label,Indie label
0.39,6.214608098422191,500,indie_label,Indie label
1.8,10.707728780601661,44700,independent,Independent
2.58,11.326595886778735,83000,indie_label,Indie label
1.94,7.937374696163295,2800,independent,Independent
1.2,7.090076835776092,1200,independent,Independent
1.16,11.602766168970017,109400,independent,Independent
2.04,10.264652401747712,28700,major,Major label
1.05,9.350102314351341,11500,independent,Independent
0.62,13.364053866005117,636700,indie_label,Indie label
0.23,11.387362241994882,88200,independent,Independent
4.91,10.1226230824528,24900,independent,Independent
1.26,5.703782474656201,300,independent,Independent
0.6,12.83040551008976,373400,indie_label,Indie label
1.02,12.796079067170606,360800,independent,Independent
0.21,9.680344001221918,16000,independent,Independent
2.3,9.457200449907708,12800,independent,Independent
1.35,14.046701640857785,1260100,indie_label,Indie label
2.84,11.761346823468706,128200,major,Major label
0.43,11.109458359524737,66800,indie_label,Indie label
1.23,12.47227568630483,261000,indie_label,Indie label
2.27,10.302263672493496,29800,major,Major label
0.29,7.438383530044307,1700,independent,Independent
0.6,5.703782474656201,300,indie_label,Indie label
2.35,14.882804163374956,2907500,independent,Independent
1.78,12.770249444793158,351600,independent,Independent
1.17,11.195471234184778,72800,major,Major label
0.86,9.735068900911164,16900,independent,Independent
1.37,8.961879012677683,7800,indie_label,Indie label
0.88,8.433811582477187,4600,independent,Independent
1.85,10.845446031158861,51300,independent,Independent
1.47,13.264730618691251,576500,indie_label,Indie label
2.15,7.313220387090301,1500,independent,Independent
3.87,8.779557455883728,6500,indie_label,Indie label
2.85,16.318453570238372,12218400,major,Major label
1.87,9.961756460660103,21200,major,Major label
0.96,7.495541943884256,1800,independent,Independent
1.36,12.579014561932778,290400,independent,Independent
0.86,9.933046354777673,20600,major,Major label
1.01,9.642122788401721,15400,independent,Independent
0.95,9.87302834505142,19400,major,Major label
0.76,11.866395277960013,142400,indie_label,Indie label
1.34,10.936672035881783,56200,major,Major label
2.21,12.477244165854964,262300,major,Major label
1.13,11.642197800674367,113800,major,Major label
1.18,8.45531778769815,4700,independent,Independent
1.66,11.53076538309856,101800,independent,Independent
2.28,8.748304912379623,6300,independent,Independent
1.15,10.952559395644101,57100,independent,Independent
0.24,13.349658299841014,627600,indie_label,Indie label
1.62,14.038894080483091,1250300,major,Major label
0.93,12.037653993905211,169000,major,Major label
1.63,12.877740794412995,391500,major,Major label
0.46,9.249561085129464,10400,indie_label,Indie label
0.84,10.789319076925574,48500,major,Major label
3.27,11.060368749328214,63600,major,Major label
0.92,11.85864056867262,141300,independent,Independent
0.42,11.874090314181814,143500,indie_label,Indie label
2.86,12.068533231508113,174300,indie_label,Indie label
3.02,9.179881164491475,9700,independent,Independent
0.56,7.9724660159745655,2900,independent,Independent
1.23,10.465956409453957,35100,independent,Independent
1.0,6.907755278982137,1000,independent,Independent
2.49,11.128732492137603,68100,major,Major label
1.17,10.364071959865372,31700,independent,Independent
0.68,10.392067567354799,32600,major,Major label
0.9,11.554067408301403,104200,independent,Independent
0.79,7.313220387090301,1500,major,Major label
1.61,9.769956159911606,17500,indie_label,Indie label
0.42,13.083622549087899,481000,independent,Independent
3.15,8.66561319653451,5800,independent,Independent
1.33,11.349229372299439,84900,major,Major label
0.32,6.214608098422191,500,independent,Independent
0.95,9.137769679141348,9300,independent,Independent
2.05,9.417354541360508,12300,major,Major label
0.51,6.684611727667927,800,independent,Independent
0.78,15.448977448197736,5121600,indie_label,Indie label
1.58,9.998797732340453,22000,independent,Independent
1.3,10.457372665762566,34800,major,Major label
0.83,11.337380892455297,83900,independent,Independent
0.57,9.093806555720231,8900,indie_label,Indie label
1.93,10.757902880692196,47000,indie_label,Indie label
0.31,10.978489975565104,58600,indie_label,Indie label
1.03,12.463037745319895,258600,indie_label,Indie label
0.59,8.909235279192261,7400,independent,Independent
2.28,10.173514689749188,26200,major,Major label
1.01,4.605170185988092,100,independent,Independent
1.85,11.183031543709138,71900,independent,Independent
0.17,9.169518377455928,9600,independent,Independent
0.69,14.488046784620096,1959200,independent,Independent
0.64,11.945357021308206,154100,independent,Independent
2.88,13.324977637466047,612300,indie_label,Indie label
2.2,9.735068900911164,16900,major,Major label
2.8,11.913042966751798,149200,independent,Independent
1.68,12.55355547109999,283100,major,Major label
0.93,7.3777589082278725,1600,indie_label,Indie label
0.79,11.237171963383721,75900,independent,Independent
0.71,5.703782474656201,300,indie_label,Indie label
0.26,11.934919875029603,152500,independent,Independent
1.21,8.732304571033183,6200,independent,Independent
1.37,12.79691020726555,361100,independent,Independent
0.73,10.056208639553791,23300,indie_label,Indie label
1.02,11.959532516409569,156300,major,Major label
1.91,12.91681413449107,407100,major,Major label
2.55,10.635855446249355,41600,major,Major label
1.18,12.294541293517781,218500,major,Major label
3.19,10.635855446249355,41600,independent,Independent
0.88,11.025165114135234,61400,major,Major label
0.93,9.70503661381229,16400,independent,Independent
1.76,8.935903526274423,7600,independent,Independent
1.14,12.026347714583485,167100,indie_label,Indie label
2.37,15.427265783353535,5011600,major,Major label
1.64,8.935903526274423,7600,indie_label,Indie label
1.15,8.366370301681654,4300,independent,Independent
0.96,11.776058664500596,130100,major,Major label
1.02,11.967180737247824,157500,indie_label,Indie label
2.45,12.27232844130724,213700,major,Major label
0.1,11.672490034641568,117300,independent,Independent
0.96,12.315375380420624,223100,independent,Independent
1.27,10.82377030567982,50200,independent,Independent
2.17,11.103452335464524,66400,independent,Independent
0.62,11.802605540084683,133600,independent,Independent
0.78,14.562624954794162,2110900,indie_label,Indie label
1.38,10.348173373797573,31200,indie_label,Indie label
0.72,9.159047077588632,9500,independent,Independent
0.66,9.358760377094455,11600,independent,Independent
0.63,11.703545824578878,121000,indie_label,Indie label
1.36,8.34283980427146,4200,major,Major label
0.58,11.207758078177427,73700,indie_label,Indie label
0.14,8.895629627136483,7300,independent,Independent
0.19,8.433811582477187,4600,indie_label,Indie label
1.06,11.736868696455003,125100,major,Major label
0.81,10.819778284410283,50000,indie_label,Indie label
3.09,9.047821442478408,8500,independent,Independent
2.0,11.159103590013903,70200,major,Major label
1.44,8.909235279192261,7400,major,Major label
3.64,12.720989887199417,334700,major,Major label
0.06,10.257659366256743,28500,indie_label,Indie label
0.61,10.047587896509885,23100,indie_label,Indie label
1.14,10.626193535337618,41200,major,Major label
0.68,8.476371196895983,4800,independent,Independent
0.64,9.764225485202621,17400,major,Major label
0.93,8.909235279192261,7400,major,Major label
1.85,11.61548205329532,110800,indie_label,Indie label
1.15,7.90100705199242,2700,independent,Independent
0.11,16.080798686213928,9633900,independent,Independent
1.22,11.039716704775545,62300,major,Major label
0.96,9.532423871145296,13800,major,Major label
1.51,8.895629627136483,7300,indie_label,Indie label
0.45,8.411832675758411,4500,indie_label,Indie label
0.46,15.249952019389488,4197300,indie_label,Indie label
0.17,10.757902880692196,47000,indie_label,Indie label
0.47,7.937374696163295,2800,independent,Independent
2.57,13.430142151555232,680200,indie_label,Indie label
1.3,12.26528450516202,212200,independent,Independent
0.52,11.487607656985938,97500,independent,Independent
1.88,13.68232196372053,875300,indie_label,Indie label
0.1,7.495541943884256,1800,indie_label,Indie label
0.29,10.419300717813158,33500,indie_label,Indie label
0.39,11.008744383922906,60400,independent,Independent
0.22,12.807378622424539,364900,indie_label,Indie label
0.22,11.981052334203104,159700,independent,Independent
2.0,12.168370778346162,192600,major,Major label
1.33,9.20029003612268,9900,independent,Independent
2.82,14.298430412476556,1620800,independent,Independent
0.43,10.747207591575448,46500,indie_label,Indie label
1.97,12.162120758000992,191400,indie_label,Indie label
0.85,13.28073371337577,585800,major,Major label
3.56,10.138559674715612,25300,indie_label,Indie label
2.87,10.807705703176014,49400,independent,Independent
0.88,13.258989974936155,573200,major,Major label
0.23,7.24422751560335,1400,independent,Independent
2.02,11.678439903447801,118000,major,Major label
2.87,16.48296096208075,14403200,major,Major label
1.41,10.957799582307658,57400,independent,Independent
1.02,10.502324053624832,36400,independent,Independent
3.51,10.110501721920453,24600,independent,Independent
0.14,13.018113356030529,450500,indie_label,Indie label
0.74,11.932293478247384,152100,major,Major label
4.28,8.732304571033183,6200,indie_label,Indie label
0.03,8.366370301681654,4300,indie_label,Indie label
1.35,12.044141778383953,170100,indie_label,Indie label
2.58,13.082374369187965,480400,major,Major label
5.02,10.945529489715843,56700,indie_label,Indie label
1.64,13.017447207454769,450200,indie_label,Indie label
0.5,11.344506813345266,84500,independent,Independent
0.24,10.689669599063263,43900,independent,Independent
0.81,13.39116839408642,654200,major,Major label
1.97,11.086747315264523,65300,major,Major label
0.73,11.764462090785656,128600,major,Major label
2.68,8.160518247477505,3500,major,Major label
5.62,12.909665083951658,404200,major,Major label
2.35,13.628578388612636,829500,independent,Independent
0.04,15.141178734766509,3764700,indie_label,Indie label
4.72,10.891168280496956,53700,indie_label,Indie label
1.34,10.06475570013225,23500,independent,Independent
2.71,10.177324218165856,26300,indie_label,Indie label
0.35,9.0595174822416,8600,independent,Independent
1.16,10.829728615263452,50500,indie_label,Indie label
3.09,11.443575386835436,93300,indie_label,Indie label
3.03,6.907755278982137,1000,major,Major label
4.48,14.297010352348437,1618500,major,Major label
1.63,12.07994236838596,176300,independent,Independent
0.83,9.6614159913364,15700,indie_label,Indie label
2.72,11.25285855955142,77100,major,Major label
3.21,10.82774645405946,50400,indie_label,Indie label
1.42,9.764225485202621,17400,independent,Independent
0.96,6.907755278982137,1000,independent,Independent
1.21,7.696212639346407,2200,independent,Independent
0.93,8.496990484098719,4900,indie_label,Indie label
2.25,9.487972108574462,13200,major,Major label
1.28,7.8632667240095735,2600,major,Major label
4.49,12.687881320225673,323800,major,Major label
0.27,9.464982590349763,12900,independent,Independent
1.87,11.954401010601426,155500,indie_label,Indie label
0.74,9.908475094047168,20100,indie_label,Indie label
0.95,6.907755278982137,1000,independent,Independent
0.84,9.852194258148577,19000,independent,Independent
1.27,10.766377507683169,47400,independent,Independent
2.72,13.022764012181574,452600,major,Major label
3.52,11.754301784545499,127300,major,Major label
2.61,12.891439638771157,396900,major,Major label
0.61,9.913437883389296,20200,independent,Independent
2.82,10.913268627497622,54900,major,Major label
0.81,9.011889433252344,8200,independent,Independent
1.17,9.560997243589352,14200,major,Major label
0.95,10.285342795005159,29300,major,Major label
0.88,12.33578425205183,227700,major,Major label
1.41,10.485703172388792,35800,major,Major label
1.37,10.659609532257463,42600,indie_label,Indie label
0.8,11.128732492137603,68100,independent,Independent
0.47,11.517913006481267,100500,independent,Independent
2.02,11.504893293272964,99200,independent,Independent
1.82,13.066216216781328,472700,major,Major label
0.27,10.494048144320972,36100,independent,Independent
1.78,10.85321306049652,51700,independent,Independent
1.91,11.387362241994882,88200,indie_label,Indie label
2.03,13.006503491309793,445300,independent,Independent
1.52,9.071078304642676,8700,major,Major label
2.45,9.588776807696428,14600,major,Major label
1.0,13.496956821845407,727200,major,Major label
1.47,12.05583098219963,172100,major,Major label
0.92,9.159047077588632,9500,independent,Independent
1.02,12.047076914039716,170600,indie_label,Indie label
1.3,12.456831363877356,257000,indie_label,Indie label
1.56,8.948975607841776,7700,independent,Independent
0.63,13.284312144390347,587900,indie_label,Indie label
1.6,13.321542051264707,610200,indie_label,Indie label
0.3,6.907755278982137,1000,independent,Independent
1.16,10.060491301345794,23400,independent,Independent
2.5,9.532423871145296,13800,indie_label,Indie label
0.78,5.298317366548036,200,independent,Independent
0.17,9.764225485202621,17400,independent,Independent
1.7,17.131542131254122,27550800,major,Major label
0.22,9.190137664658664,9800,indie_label,Indie label
1.1,9.323669057283185,11200,indie_label,Indie label
4.33,13.043752976822418,462200,indie_label,Indie label
2.79,16.424498883778732,13585300,independent,Independent
3.29,13.825460888817442,1010000,major,Major label
3.17,11.780659899612314,130700,major,Major label
0.75,11.930319143943667,151800,major,Major label
0.3,8.922658299524402,7500,indie_label,Indie label
2.14,8.948975607841776,7700,independent,Independent
0.27,12.405333256381052,244100,indie_label,Indie label
1.07,10.943764264191275,56600,major,Major label
0.18,8.699514748210191,6000,independent,Independent
1.29,10.793434309070681,48700,major,Major label
1.07,10.416311178964792,33400,independent,Independent
0.86,12.48937011966413,265500,independent,Independent
0.48,12.281180118016978,215600,independent,Independent
1.07,14.180014773017339,1439800,major,Major label
0.12,9.210340371976184,10000,indie_label,Indie label
5.8,11.33976184596104,84100,major,Major label
2.93,13.529826488175166,751500,major,Major label
2.22,7.313220387090301,1500,major,Major label
0.27,7.783224016336037,2400,independent,Independent
0.09,9.836278802842678,18700,independent,Independent
2.0,11.77452020265869,129900,major,Major label
4.1,13.239435048990167,562100,major,Major label
2.82,11.535664951939717,102300,indie_label,Indie label
0.68,10.89488575689709,53900,independent,Independent
2.1,11.350406535472453,85000,independent,Independent
0.2,9.268609280100158,10600,indie_label,Indie label
0.31,7.696212639346407,2200,indie_label,Indie label
0.84,8.389359819906353,4400,indie_label,Indie label
1.07,8.824677891164198,6800,indie_label,Indie label
0.2,6.396929655216146,600,indie_label,Indie label
0.69,11.867097278690842,142500,major,Major label
2.33,9.546812608597396,14000,indie_label,Indie label
3.6,10.947291604709243,56800,major,Major label
1.01,7.438383530044307,1700,independent,Independent
1.03,9.159047077588632,9500,independent,Independent
0.55,10.494048144320972,36100,independent,Independent
1.88,11.49272275765271,98000,major,Major label
0.44,8.476371196895983,4800,independent,Independent
0.16,10.118598932153073,24800,independent,Independent
1.07,11.371361900648441,86800,major,Major label
0.4,8.764053269347762,6400,independent,Independent
2.59,13.518720466481765,743200,major,Major label
2.25,14.173744286367,1430800,major,Major label
2.21,14.326416178530435,1666800,major,Major label
0.63,11.96654561496544,157400,indie_label,Indie label
3.08,13.010090134921542,446900,indie_label,Indie label
0.21,10.030120203469494,22700,independent,Independent
1.23,10.51867319162636,37000,independent,Independent
1.97,9.93788897925346,20700,indie_label,Indie label
4.68,11.237171963383721,75900,independent,Independent
0.97,10.561007555452923,38600,major,Major label
0.8,10.805679360030782,49300,major,Major label
0.55,10.992049505350737,59400,independent,Independent
0.67,11.407564949312402,90000,independent,Independent
0.27,14.259811689857637,1559400,indie_label,Indie label
0.75,8.68270762989381,5900,independent,Independent
1.84,9.852194258148577,19000,independent,Independent
1.29,10.736396675471232,46000,indie_label,Indie label
0.48,6.802394763324311,900,independent,Independent
1.04,13.514270320913642,739900,major,Major label
0.93,8.732304571033183,6200,major,Major label
0.88,5.991464547107982,400,independent,Independent
0.61,10.203592144986466,27000,independent,Independent
1.1,13.273882025043239,581800,major,Major label
3.34,12.323855681186558,225000,major,Major label
1.03,9.878169744551839,19500,independent,Independent
2.6,10.295529640312152,29600,major,Major label
1.79,13.933826784782317,1125600,major,Major label
0.19,9.249561085129464,10400,indie_label,Indie label
0.42,8.039157390473237,3100,independent,Independent
2.32,9.642122788401721,15400,major,Major label
2.38,11.184421397998193,72000,independent,Independent
1.12,10.275051108968611,29000,indie_label,Indie label
1.99,8.732304571033183,6200,major,Major label
0.6,8.630521876723241,5600,independent,Independent
2.92,12.968279362021613,428600,major,Major label
1.76,9.179881164491475,9700,major,Major label
1.82,12.847663339175718,379900,major,Major label
0.92,10.431170293368542,33900,major,Major label
1.0,11.254154736012868,77200,independent,Independent
1.53,10.392067567354799,32600,independent,Independent
0.38,13.159273731424426,518800,indie_label,Indie label
3.91,11.73526869611367,124900,major,Major label
2.28,9.84161214881804,18800,major,Major label
0.41,9.230142999272362,10200,independent,Independent
1.13,10.841539776191796,51100,major,Major label
0.54,11.128732492137603,68100,independent,Independent
2.02,12.391306623771163,240700,independent,Independent
1.8,11.759003987566935,127900,major,Major label
0.06,8.216088098632316,3700,independent,Independent
0.51,8.006367567650246,3000,indie_label,Indie label
2.1,12.972470287829712,430400,major,Major label
4.37,13.533015012199794,753900,major,Major label
3.21,10.721062311471126,45300,major,Major label
1.59,9.210340371976184,10000,major,Major label
2.65,13.68665393583927,879100,major,Major label
1.58,12.228323254464993,204500,indie_label,Indie label
0.74,13.199139216206378,539900,indie_label,Indie label
1.56,11.964637824243713,157100,independent,Independent
1.75,11.653556594709974,115100,major,Major label
0.22,11.363264690415821,86100,indie_label,Indie label
1.45,14.066580511919323,1285400,independent,Independent
0.93,9.011889433252344,8200,independent,Independent
2.31,10.348173373797573,31200,independent,Independent
0.67,10.422281345951296,33600,independent,Independent
1.29,8.987196820661973,8000,independent,Independent
0.97,9.98966524877718,21800,independent,Independent
0.73,9.933046354777673,20600,independent,Independent
3.85,12.261980277468469,211500,major,Major label
1.6,10.48290596776773,35700,major,Major label
1.0,12.211060187041213,201000,indie_label,Indie label
2.73,12.086725887897607,177500,independent,Independent
0.91,11.407564949312402,90000,indie_label,Indie label
0.3,10.542706391070517,37900,independent,Independent
0.31,12.099044072771651,179700,independent,Independent
1.1,10.664293381569887,42800,indie_label,Indie label
2.93,13.64898360706896,846600,major,Major label
1.37,10.966472663561087,57900,independent,Independent
0.1,10.16199824768763,25900,independent,Independent
0.17,5.991464547107982,400,independent,Independent
1.72,10.668955394675699,43000,indie_label,Indie label
0.73,13.212204081404119,547000,major,Major label
1.8,11.717497630699002,122700,independent,Independent
1.01,12.583481155855813,291700,independent,Independent
0.82,13.535532069897526,755800,indie_label,Indie label
0.08,6.802394763324311,900,independent,Independent
0.39,12.256290361690791,210300,independent,Independent
2.3,11.511924964636645,99900,indie_label,Indie label
0.11,12.785210909478252,356900,independent,Independent
2.09,14.367727614090015,1737100,indie_label,Indie label
1.28,10.988676820872097,59200,independent,Independent
1.25,9.495519314209846,13300,independent,Independent
2.71,13.455257792677658,697500,indie_label,Indie label
0.69,11.906992528126024,148300,independent,Independent
1.19,10.631036159813405,41400,major,Major label
0.43,11.630708500626612,112500,indie_label,Indie label
2.38,9.22029070282935,10100,independent,Independent
0.66,11.26318123185884,77900,independent,Independent
2.72,13.39239051461739,655000,major,Major label
1.39,7.313220387090301,1500,independent,Independent
2.08,11.229235413787984,75300,indie_label,Indie label
0.45,8.83927669058535,6900,indie_label,Indie label
0.75,9.588776807696428,14600,independent,Independent
0.75,6.684611727667927,800,major,Major label
1.4,7.783224016336037,2400,indie_label,Indie label
2.05,11.7950923567339,132600,independent,Independent
3.02,12.840000466430148,377000,major,Major label
1.01,7.783224016336037,2400,independent,Independent
0.18,12.091222803851231,178300,indie_label,Indie label
1.46,10.494048144320972,36100,independent,Independent
2.22,12.231740392278752,205200,independent,Independent
0.13,10.21464198117305,27300,independent,Independent
0.35,10.407288561365155,33100,independent,Independent
1.31,11.131665045558881,68300,independent,Independent
3.93,11.025165114135234,61400,major,Major label
1.17,10.106428396532818,24500,independent,Independent
1.93,10.034515814942532,22800,independent,Independent
3.85,10.407288561365155,33100,major,Major label
2.8,9.830916859701293,18600,major,Major label
0.99,13.376850544998469,644900,major,Major label
0.81,9.867860374892977,19300,major,Major label
2.92,10.312280450736967,30100,major,Major label
0.44,9.239899174217728,10300,indie_label,Indie label
0.46,10.410305154904579,33200,independent,Independent
2.1,10.835651633566574,50800,indie_label,Indie label
5.14,13.451810999088577,695100,independent,Independent
1.79,11.058795184880783,63500,major,Major label
0.86,11.962726386898444,156800,independent,Independent
0.03,11.0037651205233,60100,indie_label,Indie label
0.99,7.3777589082278725,1600,major,Major label
1.48,12.228323254464993,204500,indie_label,Indie label
0.38,8.160518247477505,3500,independent,Independent
1.04,10.571316925111784,39000,independent,Independent
0.61,11.575900264131617,106500,indie_label,Indie label
1.7,10.770588040219511,47600,major,Major label
1.31,9.268609280100158,10600,indie_label,Indie label
0.84,11.648330101976432,114500,major,Major label
1.51,5.298317366548036,200,independent,Independent
0.18,12.675138335047933,319700,indie_label,Indie label
0.52,10.48290596776773,35700,indie_label,Indie label
0.19,9.375854810453756,11800,independent,Independent
1.26,10.188666494769791,26600,independent,Independent
3.75,12.734639950772321,339300,indie_label,Indie label
1.81,12.728134901222152,337100,indie_label,Indie label
5.41,16.966197473795372,23352100,major,Major label
2.2,8.160518247477505,3500,independent,Independent
1.34,11.853674258358701,140600,major,Major label
1.78,10.437052663271608,34100,indie_label,Indie label
1.06,9.277999020449997,10700,independent,Independent
0.9,10.043249494911286,23000,major,Major label
2.68,9.305650551780507,11000,independent,Independent
0.27,11.227906509937931,75200,independent,Independent
1.47,5.703782474656201,300,independent,Independent
0.34,10.938449814127782,56300,independent,Independent
3.05,12.14100064878646,187400,indie_label,Indie label
1.26,12.541472879190051,279700,independent,Independent
0.25,11.06663836234181,64000,indie_label,Indie label
0.35,12.69096488726966,324800,independent,Independent
0.54,9.803667217253917,18100,indie_label,Indie label
2.37,9.98506753952855,21700,indie_label,Indie label
0.82,8.612503371220562,5500,independent,Independent
3.61,11.350406535472453,85000,independent,Independent
3.24,11.936230491206723,152700,major,Major label
1.82,10.513253124157023,36800,indie_label,Indie label
3.34,15.854637788730722,7683900,major,Major label
1.75,10.507803519389457,36600,indie_label,Indie label
1.14,8.699514748210191,6000,major,Major label
1.41,8.556413904569519,5200,major,Major label
0.16,11.657025808943985,115500,indie_label,Indie label
1.81,8.909235279192261,7400,independent,Independent
2.13,13.142558084689847,510200,independent,Independent
1.52,11.085214747914744,65200,major,Major label
1.78,12.699243334057444,327500,independent,Independent
0.96,9.568014816247999,14300,major,Major label
1.16,17.166761106773617,28538400,major,Major label
2.55,13.640442629881628,839400,major,Major label
1.51,10.709963418403076,44800,indie_label,Indie label
2.39,11.790557201568507,132000,major,Major label
2.21,10.940224437486151,56400,indie_label,Indie label
3.32,9.975808214115753,21500,major,Major label
0.97,9.655026193237628,15600,indie_label,Indie label
1.21,8.68270762989381,5900,independent,Independent
2.48,12.114505452004684,182500,independent,Independent
1.44,16.414221970192763,13446400,major,Major label
1.11,9.723163998404846,16700,major,Major label
2.02,10.392067567354799,32600,major,Major label
1.85,12.689732601223396,324400,major,Major label
1.24,8.242756345714477,3800,major,Major label
0.79,10.069001991013701,23600,major,Major label
2.42,9.775654181026242,17600,major,Major label
0.12,11.185809323273041,72100,independent,Independent
0.0,14.136071158981995,1377900,indie_label,Indie label
2.84,11.90226119114851,147600,indie_label,Indie label
2.1,11.488632772401184,97600,indie_label,Indie label
1.73,13.977969485661976,1176400,major,Major label
3.28,10.896739325546411,54000,independent,Independent
6.45,10.976782033219948,58500,indie_label,Indie label
1.08,12.781842957936547,355700,independent,Independent
0.68,13.652050008811239,849200,major,Major label
0.88,12.01309450854769,164900,major,Major label
0.77,14.170944732466873,1426800,indie_label,Indie label
2.91,12.626426366132089,304500,indie_label,Indie label
1.76,8.66561319653451,5800,indie_label,Indie label
0.62,8.716044050161402,6100,major,Major label
0.4,10.118598932153073,24800,indie_label,Indie label
0.26,10.268130666124037,28800,indie_label,Indie label
1.11,7.438383530044307,1700,independent,Independent
2.66,11.810062696192764,134600,indie_label,Indie label
1.26,10.085809109330082,24000,independent,Independent
0.73,10.870471398725801,52600,indie_label,Indie label
3.08,14.261925652401393,1562700,indie_label,Indie label
4.06,14.288260412878035,1604400,major,Major label
1.2,10.513253124157023,36800,independent,Independent
0.41,12.815838217151068,368000,independent,Independent
1.71,10.134599273499514,25200,independent,Independent
4.26,10.422281345951296,33600,independent,Independent
1.14,10.858998997563564,52000,independent,Independent
1.16,13.42793448269185,678700,major,Major label
5.42,11.710956315469362,121900,major,Major label
1.27,11.481434797878858,96900,independent,Independent
0.26,10.077440859659566,23800,independent,Independent
0.44,12.805732982996656,364300,independent,Independent
1.51,7.24422751560335,1400,independent,Independent
0.54,11.356271654924852,85500,indie_label,Indie label
2.21,14.708246030216893,2441800,major,Major label
1.2,11.949243036561157,154700,independent,Independent
0.85,11.960172107093348,156400,independent,Independent
1.3,11.089805421623343,65500,indie_label,Indie label
2.47,10.791378809888585,48600,major,Major label
0.17,9.72913416539135,16800,independent,Independent
0.29,11.03650126792157,62100,indie_label,Indie label
1.38,11.728842971192698,124100,independent,Independent
4.95,13.380565144533602,647300,indie_label,Indie label
0.84,5.703782474656201,300,indie_label,Indie label
1.14,9.878169744551839,19500,major,Major label
1.49,11.668218349376264,116800,indie_label,Indie label
3.74,7.313220387090301,1500,indie_label,Indie label
0.72,11.602766168970017,109400,indie_label,Indie label
3.37,12.871591658972646,389100,indie_label,Indie label
3.98,7.438383530044307,1700,indie_label,Indie label
3.51,9.980448593672257,21600,independent,Independent
0.73,8.006367567650246,3000,major,Major label
0.09,11.869900363917958,142900,indie_label,Indie label
4.04,15.220896509339685,4077100,major,Major label
1.31,11.352756712817406,85200,independent,Independent
3.64,10.703244468154331,44500,independent,Independent
1.58,9.830916859701293,18600,indie_label,Indie label
2.84,13.205232855226624,543200,indie_label,Indie label
2.91,11.496796083040344,98400,independent,Independent
0.54,11.0037651205233,60100,independent,Independent
0.69,11.454236468621549,94300,major,Major label
0.76,11.141861783579396,69000,indie_label,Indie label
1.2,7.24422751560335,1400,independent,Independent
0.12,7.3777589082278725,1600,indie_label,Indie label
1.67,8.612503371220562,5500,indie_label,Indie label
0.96,15.030660662880335,3370800,indie_label,Indie label
2.35,13.205232855226624,543200,independent,Independent
4.29,9.239899174217728,10300,independent,Independent
1.62,10.839580911706463,51000,independent,Independent
0.38,9.239899174217728,10300,indie_label,Indie label
0.65,10.885566024948286,53400,independent,Independent
0.14,9.667765219015058,15800,indie_label,Indie label
1.74,12.18177995296113,195200,major,Major label
0.21,7.170119543449628,1300,independent,Independent
3.15,15.868223039902086,7789000,major,Major label
3.43,9.350102314351341,11500,major,Major label
2.69,12.826380279913161,371900,major,Major label
0.75,9.88837391472608,19700,independent,Independent
2.03,8.824677891164198,6800,major,Major label
0.49,12.863074379453765,385800,independent,Independent
1.16,12.221945994686465,203200,major,Major label
1.03,11.785240060290887,131300,major,Major label
1.44,9.918376165029878,20300,indie_label,Indie label
1.89,13.5985975564007,805000,indie_label,Indie label
0.53,14.47271963171859,1929400,independent,Independent
0.61,7.24422751560335,1400,independent,Independent
1.9,11.67419361256635,117500,major,Major label
1.24,11.191341840842766,72500,major,Major label
2.19,12.162643087602838,191500,major,Major label
0.48,11.762905670237998,128400,indie_label,Indie label
0.91,11.36558487707152,86300,independent,Independent
2.6,12.195011698170749,197800,indie_label,Indie label
1.42,8.131530710604252,3400,indie_label,Indie label
0.05,11.134589024250317,68500,indie_label,Indie label
1.27,10.332017933575289,30700,independent,Independent
2.26,12.429216196844383,250000,major,Major label
0.77,9.735068900911164,16900,independent,Independent
2.58,10.181119289134408,26400,major,Major label
1.31,12.05583098219963,172100,major,Major label
2.37,11.418614785498987,91000,indie_label,Indie label
0.75,10.442900633154032,34300,independent,Independent
0.48,10.947291604709243,56800,indie_label,Indie label
0.45,11.62714660906025,112100,independent,Independent
1.57,11.789040901050544,131800,major,Major label
2.61,6.551080335043404,700,independent,Independent
0.3,12.67670107954475,320200,indie_label,Indie label
1.13,9.259130536145614,10500,independent,Independent
0.54,7.90100705199242,2700,independent,Independent
1.26,9.268609280100158,10600,independent,Independent
1.73,9.159047077588632,9500,indie_label,Indie label
0.68,8.318742252692399,4100,independent,Independent
0.12,9.539644119118783,13900,indie_label,Indie label
1.92,12.994984448074499,440200,indie_label,Indie label
0.95,8.809862805379057,6700,independent,Independent
1.79,13.94618788160589,1139600,major,Major label
1.89,11.900226602450722,147300,indie_label,Indie label
2.97,8.612503371220562,5500,independent,Independent
0.95,11.366742954792146,86400,independent,Independent
2.15,13.0788293753806,478700,indie_label,Indie label
0.33,5.991464547107982,400,independent,Independent
2.06,10.781037456093852,48100,independent,Independent
1.66,11.116915515632819,67300,major,Major label
0.67,8.99961934066053,8100,indie_label,Indie label
0.83,12.847400077360323,379800,independent,Independent
2.06,11.54829260880752,103600,indie_label,Indie label
0.86,7.495541943884256,1800,independent,Independent
0.58,11.363264690415821,86100,independent,Independent
2.67,8.748304912379623,6300,major,Major label
1.59,12.483325522491416,263900,independent,Independent
0.73,10.703244468154331,44500,major,Major label
0.83,9.179881164491475,9700,indie_label,Indie label
2.3,9.190137664658664,9800,independent,Independent
1.14,11.681824001432043,118400,major,Major label
4.66,10.221941283654663,27500,independent,Independent
0.41,10.680516217076775,43500,independent,Independent
2.16,16.767797607671874,19149700,independent,Independent
0.7,9.546812608597396,14000,indie_label,Indie label
0.06,12.705635077017453,329600,independent,Independent
3.88,13.325957069473823,612900,independent,Independent
1.06,12.180754837545884,195000,major,Major label
4.42,15.048070819142122,3430000,major,Major label
3.65,11.427367576608582,91800,major,Major label
1.8,10.081633737919603,23900,major,Major label
2.96,11.893414587008216,146300,major,Major label
0.36,4.605170185988092,100,independent,Independent
1.59,13.408744604123061,665800,independent,Independent
2.88,12.1489730534896,188900,indie_label,Indie label
0.2,8.948975607841776,7700,independent,Independent
1.54,11.333798799072794,83600,major,Major label
1.61,14.46960501126052,1923400,major,Major label
0.43,7.438383530044307,1700,indie_label,Indie label
0.86,12.281643832377247,215700,independent,Independent
4.18,10.188666494769791,26600,independent,Independent
0.26,9.867860374892977,19300,indie_label,Indie label
1.92,10.471638242921388,35300,major,Major label
1.06,11.203679214602607,73400,major,Major label
0.35,10.142504453006628,25400,independent,Independent
0.75,11.115428526511241,67200,major,Major label
0.85,10.00784756786037,22200,major,Major label
2.0,11.463735220779457,95200,indie_label,Indie label
2.61,9.314700387300425,11100,independent,Independent
0.88,9.686574550972555,16100,major,Major label
1.62,10.110501721920453,24600,indie_label,Indie label
0.38,8.630521876723241,5600,independent,Independent
1.79,12.551787749232565,282600,independent,Independent
1.11,8.594154232552366,5400,independent,Independent
1.98,11.366742954792146,86400,indie_label,Indie label
2.09,12.218495165528731,202500,major,Major label
0.76,4.605170185988092,100,major,Major label
4.27,10.146433731146518,25500,indie_label,Indie label
2.49,11.994734139665727,161900,major,Major label
0.87,8.006367567650246,3000,indie_label,Indie label
2.51,13.039416456583403,460200,major,Major label
0.59,9.02401079378469,8300,indie_label,Indie label
0.74,12.71679826429583,333300,indie_label,Indie label
1.69,14.862057324329031,2847800,major,Major label
1.97,11.649203083262776,114600,indie_label,Indie label
2.37,11.254154736012868,77200,indie_label,Indie label
0.19,9.367344120785848,11700,indie_label,Indie label
2.06,5.991464547107982,400,independent,Independent
4.34,14.199888213741954,1468700,major,Major label
2.16,9.159047077588632,9500,independent,Independent
1.59,12.028141437037512,167400,independent,Independent
1.58,10.177324218165856,26300,major,Major label
1.48,10.325481962595504,30500,independent,Independent
0.28,8.909235279192261,7400,independent,Independent
0.82,11.243737975154612,76400,indie_label,Indie label
1.13,10.404262840448617,33000,independent,Independent
1.4,13.63470784713959,834600,major,Major label
0.39,6.802394763324311,900,independent,Independent
1.32,8.935903526274423,7600,major,Major label
4.96,6.214608098422191,500,independent,Independent
0.25,10.102338411281293,24400,independent,Independent
2.37,10.085809109330082,24000,independent,Independent
0.49,10.474467099121865,35400,independent,Independent
0.68,11.079060882340366,64800,independent,Independent
0.64,9.60911649193355,14900,independent,Independent
0.14,6.802394763324311,900,indie_label,Indie label
0.41,8.961879012677683,7800,indie_label,Indie label
0.94,11.902938468519471,147700,independent,Independent
0.76,7.783224016336037,2400,indie_label,Indie label
0.8,11.32176495950907,82600,independent,Independent
0.51,13.490195844038938,722300,indie_label,Indie label
1.02,12.445089546000673,254000,indie_label,Indie label
0.79,10.712193073730345,44900,indie_label,Indie label
2.0,10.65254236503437,42300,major,Major label
4.7,10.811746112713019,49600,major,Major label
1.11,14.432154592538105,1852700,indie_label,Indie label
3.84,11.988538332980475,160900,independent,Independent
0.67,12.495003937382387,267000,indie_label,Indie label
2.41,11.865692784077943,142300,major,Major label
1.8,11.248959919135764,76800,independent,Independent
1.74,11.297253928494719,80600,indie_label,Indie label
2.37,10.980195005816189,58700,indie_label,Indie label
1.84,10.491274217438248,36000,major,Major label
3.12,10.82576035608783,50300,major,Major label
1.95,9.711115659888671,16500,major,Major label
2.35,15.841735905036785,7585400,major,Major label
0.96,11.660483029327843,115900,independent,Independent
1.45,11.987294551725604,160700,major,Major label
1.69,10.545341438708522,38000,independent,Independent
2.33,7.24422751560335,1400,indie_label,Indie label
4.21,8.612503371220562,5500,independent,Independent
1.27,14.118795273643462,1354300,independent,Independent
0.64,9.752664662801545,17200,indie_label,Indie label
1.93,11.305901295535902,81300,indie_label,Indie label
2.11,10.774780918479548,47800,indie_label,Indie label
1.36,8.131530710604252,3400,indie_label,Indie label
0.19,13.002002020733144,443300,indie_label,Indie label
1.0,13.968660737457949,1165500,major,Major label
2.2,8.268731832117737,3900,independent,Independent
0.83,12.749268649326615,344300,independent,Independent
0.14,10.348173373797573,31200,independent,Independent
1.31,11.50388472031808,99100,major,Major label
3.18,10.474467099121865,35400,major,Major label
1.07,14.284388553922499,1598200,indie_label,Indie label
1.19,8.242756345714477,3800,independent,Independent
1.89,9.998797732340453,22000,independent,Independent
1.45,9.629050706834368,15200,independent,Independent
3.18,14.520388661399918,2023600,major,Major label
1.11,11.722375689152436,123300,major,Major label
0.94,11.210468106936293,73900,major,Major label
1.81,13.240857271452118,562900,major,Major label
2.51,11.131665045558881,68300,major,Major label
4.1,13.19765636143976,539100,indie_label,Indie label
1.86,11.079060882340366,64800,independent,Independent
3.63,12.196022309676673,198000,independent,Independent
1.05,9.947504437952903,20900,major,Major label
3.55,14.025690442886624,1233900,indie_label,Indie label
1.66,14.356030897065303,1716900,independent,Independent
1.23,8.948975607841776,7700,indie_label,Indie label
1.3,13.32921493194156,614900,major,Major label
3.72,5.991464547107982,400,independent,Independent
4.6,9.923290179832307,20400,major,Major label
2.57,12.933379677736824,413900,independent,Independent
0.62,6.684611727667927,800,major,Major label
0.42,14.354865327844239,1714900,indie_label,Indie label
4.06,13.705807292872311,896100,major,Major label
2.29,10.762149171573647,47200,independent,Independent
2.26,11.740857533016236,125600,major,Major label
0.98,10.550590794594667,38200,major,Major label
2.09,9.259130536145614,10500,indie_label,Indie label
0.86,14.574585918638325,2136300,indie_label,Indie label
0.53,11.461632170582678,95000,indie_label,Indie label
0.23,11.504893293272964,99200,independent,Independent
2.2,12.131887747340798,185700,major,Major label
3.82,9.071078304642676,8700,independent,Independent
0.38,10.221941283654663,27500,independent,Independent
1.66,10.01681623784313,22400,independent,Independent
1.52,10.225571051705241,27600,major,Major label
0.97,10.491274217438248,36000,major,Major label
4.47,10.3797217315325,32200,major,Major label
0.83,7.438383530044307,1700,indie_label,Indie label
0.24,11.242428217272549,76300,independent,Independent
0.99,14.305623140132724,1632500,independent,Independent
0.69,8.101677747454572,3300,indie_label,Indie label
0.15,11.31691058104427,82200,independent,Independent
0.68,10.96301245249619,57700,major,Major label
1.94,8.039157390473237,3100,independent,Independent
1.43,11.957611286231675,156000,independent,Independent
4.32,14.457101251609817,1899500,indie_label,Indie label
2.01,13.053227638569467,466600,major,Major label
1.31,6.907755278982137,1000,independent,Independent
1.88,13.864776799267192,1050500,major,Major label
2.02,8.070906088787819,3200,independent,Independent
1.47,9.0595174822416,8600,independent,Independent
3.46,10.09823162932864,24300,independent,Independent
2.57,11.061939841560255,63700,independent,Independent
1.46,7.170119543449628,1300,independent,Independent
4.9,12.077102264233213,175800,indie_label,Indie label
0.66,11.638676670275789,113400,indie_label,Indie label
0.07,11.079060882340366,64800,indie_label,Indie label
3.15,12.526342907575106,275500,major,Major label
1.85,11.018629143155449,61000,indie_label,Indie label
1.91,11.90226119114851,147600,independent,Independent
4.03,13.4097954186009,666500,independent,Independent
0.21,8.070906088787819,3200,independent,Independent
2.17,12.305012593385078,220800,independent,Independent
1.69,10.75149944365699,46700,independent,Independent
1.8,10.130623125119875,25100,major,Major label
0.6,8.630521876723241,5600,independent,Independent
1.23,15.38579175519718,4808000,independent,Independent
2.45,10.110501721920453,24600,major,Major label
0.41,12.577980970109495,290100,indie_label,Indie label
0.85,9.472704636443673,13000,indie_label,Indie label
1.52,12.218001216395448,202400,indie_label,Indie label
0.99,12.916322733989782,406900,indie_label,Indie label
1.98,12.96453929221076,427000,indie_label,Indie label
1.86,9.648595302907339,15500,independent,Independent
0.62,9.296518068217235,10900,independent,Independent
2.05,10.243524855321837,28100,major,Major label
1.86,9.568014816247999,14300,major,Major label
4.99,15.71166007209571,6660200,major,Major label
3.17,9.487972108574462,13200,independent,Independent
1.37,9.409191230721348,12200,indie_label,Indie label
1.38,10.502324053624832,36400,major,Major label
3.45,9.809176873064887,18200,independent,Independent
0.82,8.006367567650246,3000,indie_label,Indie label
0.87,8.389359819906353,4400,independent,Independent
2.06,9.367344120785848,11700,independent,Independent
0.75,8.612503371220562,5500,independent,Independent
0.82,13.564481803160529,778000,independent,Independent
2.59,12.327404930697698,225800,major,Major label
1.27,10.16199824768763,25900,independent,Independent
0.98,10.992049505350737,59400,major,Major label
1.29,12.8808012405661,392700,independent,Independent
2.26,13.524623354563545,747600,major,Major label
1.76,15.82353665323358,7448600,major,Major label
2.37,11.45846927917417,94700,independent,Independent
3.28,14.602603351366747,2197000,independent,Independent
1.87,13.937728190688523,1130000,major,Major label
0.61,11.523865405008562,101100,independent,Independent
1.8,12.415928302517449,246700,major,Major label
3.35,12.275132181461668,214300,indie_label,Indie label
3.83,11.756655649892826,127600,indie_label,Indie label
0.37,10.534759329377986,37600,independent,Independent
1.03,10.868568448579715,52500,major,Major label
1.37,12.375815420117268,237000,independent,Independent
2.79,10.207289006867793,27100,independent,Independent
5.58,17.115863138690298,27122200,major,Major label
2.11,10.687389096364537,43800,independent,Independent
0.41,15.288509999169687,4362300,indie_label,Indie label
0.16,12.89896979483491,399900,indie_label,Indie label
1.16,10.998760939938723,59800,independent,Independent
0.71,12.020947161403486,166200,major,Major label
0.35,8.779557455883728,6500,independent,Independent
2.18,8.85366542803745,7000,major,Major label
0.1,12.281180118016978,215600,indie_label,Indie label
5.91,13.424539896006563,676400,major,Major label
0.74,11.227906509937931,75200,indie_label,Indie label
1.57,11.662207167685983,116100,indie_label,Indie label
0.65,12.580047086546967,290700,indie_label,Indie label
1.16,13.371408566241191,641400,major,Major label
2.78,13.811100849475574,995600,indie_label,Indie label
1.24,11.075969689770693,64600,major,Major label
1.26,11.364425456651784,86200,independent,Independent
1.43,8.160518247477505,3500,independent,Independent
3.47,12.197031900878025,198200,major,Major label
0.24,10.63344870621879,41500,independent,Independent
3.6,10.596634733096073,40000,major,Major label
0.2,8.987196820661973,8000,independent,Independent
0.8,12.353198710420468,231700,major,Major label
0.13,8.83927669058535,6900,independent,Independent
1.45,9.878169744551839,19500,major,Major label
0.39,8.006367567650246,3000,independent,Independent
1.79,11.918390573078392,150000,independent,Independent
1.06,9.957028319464158,21100,major,Major label
2.47,14.80609210241868,2692800,independent,Independent
0.59,10.437052663271608,34100,independent,Independent
2.82,11.67163715612505,117200,major,Major label
0.63,8.411832675758411,4500,indie_label,Indie label
2.27,11.696912301083245,120200,major,Major label
3.13,10.243524855321837,28100,indie_label,Indie label
2.17,8.318742252692399,4100,major,Major label
3.34,12.542544882151386,280000,indie_label,Indie label
1.33,11.331403588346838,83400,indie_label,Indie label
2.19,13.577253368840017,788000,independent,Independent
0.68,11.054059580134949,63200,indie_label,Indie label
0.61,10.555812738575819,38400,major,Major label
1.95,12.288573867041917,217200,major,Major label
0.04,5.991464547107982,400,independent,Independent
2.16,13.42749236345983,678400,major,Major label
0.31,9.126958763037132,9200,indie_label,Indie label
0.83,9.38429367909962,11900,indie_label,Indie label
3.32,9.862665558015873,19200,independent,Independent
1.52,10.891168280496956,53700,indie_label,Indie label
1.18,13.6917597505281,883600,major,Major label
3.34,12.593373783010668,294600,major,Major label
0.69,8.961879012677683,7800,independent,Independent
0.1,7.3777589082278725,1600,independent,Independent
0.66,10.344963098167325,31100,indie_label,Indie label
0.35,9.495519314209846,13300,independent,Independent
0.24,9.746833742490752,17100,indie_label,Indie label
0.87,11.25932270617131,77600,major,Major label
1.24,10.257659366256743,28500,indie_label,Indie label
1.44,7.90100705199242,2700,major,Major label
4.92,11.551184177087318,103900,major,Major label
1.45,10.75577295443437,46900,major,Major label
0.9,10.689669599063263,43900,independent,Independent
1.99,11.180246026587712,71700,indie_label,Indie label
3.59,11.300969103046583,80900,major,Major label
1.36,10.73856822898474,46100,independent,Independent
1.92,9.867860374892977,19300,indie_label,Indie label
0.86,11.14041145700175,68900,independent,Independent
1.13,8.575462099540212,5300,indie_label,Indie label
0.3,7.24422751560335,1400,independent,Independent
0.58,7.3777589082278725,1600,independent,Independent
1.24,13.184210780730409,531900,indie_label,Indie label
0.69,10.561007555452923,38600,major,Major label
2.14,10.0519075576544,23200,major,Major label
2.94,12.387143420422476,239700,major,Major label
3.17,13.071491047030571,475200,major,Major label
0.75,13.990219881756087,1190900,indie_label,Indie label
1.77,9.425451751593128,12400,major,Major label
1.62,13.824866652888298,1009400,major,Major label
2.86,12.92561829994465,410700,indie_label,Indie label
1.8,10.714417768752456,45000,independent,Independent
1.66,9.38429367909962,11900,independent,Independent
0.52,10.781037456093852,48100,independent,Independent
3.62,12.505065509127821,269700,major,Major label
1.47,9.655026193237628,15600,indie_label,Indie label
1.41,12.465740971526756,259300,indie_label,Indie label
0.45,9.367344120785848,11700,independent,Independent
1.87,10.555812738575819,38400,indie_label,Indie label
1.64,8.612503371220562,5500,independent,Independent
0.35,5.991464547107982,400,independent,Independent
1.99,12.06738512575628,174100,indie_label,Indie label
0.89,9.190137664658664,9800,indie_label,Indie label
1.51,12.477244165854964,262300,indie_label,Indie label
1.56,8.070906088787819,3200,independent,Independent
1.89,12.869018317356998,388100,independent,Independent
0.33,13.586977509365626,795700,independent,Independent
4.63,10.718852365820323,45200,independent,Independent
1.34,12.941560666579644,417300,major,Major label
0.57,12.850817086861952,381100,independent,Independent
1.0,9.740968623038354,17000,indie_label,Indie label
3.72,11.214519429155471,74200,independent,Independent
0.29,11.16336798880036,70500,indie_label,Indie label
4.66,9.230142999272362,10200,independent,Independent
0.64,11.226575837752225,75100,independent,Independent
3.5,13.610575226298733,814700,major,Major label
0.85,9.803667217253917,18100,major,Major label
3.63,9.84161214881804,18800,independent,Independent
0.43,12.180241885495652,194900,indie_label,Indie label
0.8,10.770588040219511,47600,independent,Independent
0.39,10.949050620114422,56900,indie_label,Indie label
0.49,11.925035115797062,151000,indie_label,Indie label
4.86,13.278854174163762,584700,major,Major label
1.22,10.885566024948286,53400,major,Major label
5.62,12.982411416976884,434700,indie_label,Indie label
3.05,8.318742252692399,4100,indie_label,Indie label
0.87,10.392067567354799,32600,independent,Independent
2.15,7.170119543449628,1300,major,Major label
2.09,13.143145916586857,510500,independent,Independent
0.06,11.569305798406337,105800,independent,Independent
0.46,9.635608107380527,15300,independent,Independent
2.22,10.943764264191275,56600,indie_label,Indie label
0.84,10.025705185260378,22600,indie_label,Indie label
1.34,6.907755278982137,1000,independent,Independent
1.68,10.547969561114792,38100,indie_label,Indie label
0.45,11.554067408301403,104200,indie_label,Indie label
1.85,12.630359507878925,305700,indie_label,Indie label
4.61,14.795602038889092,2664700,independent,Independent
2.2,11.042921835724492,62500,indie_label,Indie label
2.75,10.16199824768763,25900,major,Major label
0.88,10.96301245249619,57700,independent,Independent
0.75,12.903211847359657,401600,independent,Independent
0.82,8.881836305004146,7200,independent,Independent
3.65,10.950806546816688,57000,independent,Independent
0.4,7.649692623711514,2100,indie_label,Indie label
0.48,11.871997533508683,143200,indie_label,Indie label
0.31,10.06475570013225,23500,indie_label,Indie label
2.4,8.1886891244442,3600,independent,Independent
2.99,9.740968623038354,17000,major,Major label
0.87,13.554145793829866,770000,independent,Independent
0.75,8.648221453822641,5700,indie_label,Indie label
3.37,8.895629627136483,7300,major,Major label
1.81,10.154246270883311,25700,indie_label,Indie label
2.24,8.070906088787819,3200,indie_label,Indie label
3.06,10.96474405466047,57800,independent,Independent
0.73,11.280993407622939,79300,major,Major label
0.43,8.648221453822641,5700,independent,Independent
0.2,6.907755278982137,1000,independent,Independent
1.92,13.546846491348255,764400,independent,Independent
2.36,11.304670526149769,81200,major,Major label
0.13,11.184421397998193,72000,independent,Independent
0.28,9.717157974344635,16600,indie_label,Indie label
0.61,11.629819216441728,112400,independent,Independent
2.37,13.285671995016353,588700,major,Major label
2.48,9.268609280100158,10600,independent,Independent
3.54,9.323669057283185,11200,independent,Independent
1.04,10.165851817003619,26000,independent,Independent
1.88,14.791992876732303,2655100,major,Major label
1.62,15.04984766527163,3436100,independent,Independent
1.31,9.287301413112312,10800,independent,Independent
0.21,6.396929655216146,600,independent,Independent
0.64,9.836278802842678,18700,indie_label,Indie label
1.92,11.762905670237998,128400,independent,Independent
1.1,8.83927669058535,6900,independent,Independent
2.04,12.202064624132635,199200,independent,Independent
0.76,9.230142999272362,10200,independent,Independent
0.68,11.654425027243928,115200,independent,Independent
1.46,11.192720200812888,72600,major,Major label
1.6,10.54006438160768,37800,major,Major label
2.21,14.716728260340908,2462600,independent,Independent
0.33,11.563618579285746,105200,independent,Independent
1.06,7.24422751560335,1400,independent,Independent
1.18,11.230562553996048,75400,independent,Independent
3.04,10.558413520275876,38500,indie_label,Indie label
0.3,7.438383530044307,1700,indie_label,Indie label
0.22,13.218763871690644,550600,indie_label,Indie label
0.69,11.632484700027868,112700,major,Major label
1.18,13.032657464319836,457100,major,Major label
2.52,9.532423871145296,13800,major,Major label
1.16,11.388495386592052,88300,independent,Independent
2.81,13.947327982584461,1140900,indie_label,Indie label
0.75,12.14950229404178,189000,indie_label,Indie label
1.8,13.364053866005117,636700,independent,Independent
1.74,9.698920386794853,16300,independent,Independent
0.67,10.93131965914319,55900,indie_label,Indie label
1.23,10.410305154904579,33200,indie_label,Indie label
1.59,12.902713715344374,401400,major,Major label
0.57,8.496990484098719,4900,indie_label,Indie label
1.33,10.338511462885837,30900,major,Major label
0.38,6.802394763324311,900,independent,Independent
3.36,6.802394763324311,900,indie_label,Indie label
0.16,11.737667737648135,125200,indie_label,Indie label
3.17,11.690234479940639,119400,independent,Independent
3.38,8.1886891244442,3600,major,Major label
2.33,12.474189562487116,261500,indie_label,Indie label
1.35,10.305613759378778,29900,major,Major label
0.28,6.684611727667927,800,independent,Independent
1.49,10.056208639553791,23300,major,Major label
1.28,12.761680412068058,348600,major,Major label
2.86,11.404226048046887,89700,major,Major label
1.15,13.359488726238958,633800,independent,Independent
0.79,8.648221453822641,5700,indie_label,Indie label
0.59,11.518907536647776,100600,independent,Independent
3.99,14.240582195711356,1529700,major,Major label
1.7,9.615805480084347,15000,independent,Independent
0.12,13.077575194614194,478100,indie_label,Indie label
0.92,7.3777589082278725,1600,major,Major label
1.15,10.900436187427738,54200,major,Major label
0.88,7.549609165154532,1900,indie_label,Indie label
1.94,8.006367567650246,3000,independent,Independent
0.16,8.794824928014517,6600,independent,Independent
0.14,7.824046010856292,2500,indie_label,Indie label
2.93,15.056692438072481,3459700,indie_label,Indie label
1.04,8.242756345714477,3800,major,Major label
0.87,8.131530710604252,3400,indie_label,Indie label
0.38,10.993731591533722,59500,independent,Independent
0.56,10.586584397242571,39600,independent,Independent
1.75,11.499840225421574,98700,independent,Independent
0.4,10.714417768752456,45000,indie_label,Indie label
0.99,10.712193073730345,44900,indie_label,Indie label
0.23,11.387362241994882,88200,independent,Independent
1.1,8.895629627136483,7300,major,Major label
0.24,9.574983485564092,14400,indie_label,Indie label
1.05,10.360912399575003,31600,independent,Independent
1.86,8.648221453822641,5700,independent,Independent
0.58,8.779557455883728,6500,independent,Independent
1.47,10.675907913990581,43300,independent,Independent
1.3,9.358760377094455,11600,independent,Independent
1.86,12.343658308482738,229500,independent,Independent
1.22,6.214608098422191,500,independent,Independent
5.2,8.476371196895983,4800,independent,Independent
0.49,13.208541073645382,545000,indie_label,Indie label
2.23,10.902279505922026,54300,major,Major label
1.3,11.247656987355347,76700,major,Major label
1.79,11.217211220821182,74400,major,Major label
1.14,10.410305154904579,33200,major,Major label
1.11,8.732304571033183,6200,indie_label,Indie label
0.92,11.180246026587712,71700,indie_label,Indie label
1.73,12.621488084491506,303000,major,Major label
0.5,10.760028280004509,47100,independent,Independent
1.25,8.294049640102028,4000,independent,Independent
1.16,10.510532034042662,36700,major,Major label
1.33,11.888618414744723,145600,major,Major label
1.04,10.437052663271608,34100,major,Major label
1.53,11.786762130599957,131500,indie_label,Indie label
0.83,10.993731591533722,59500,indie_label,Indie label
1.81,12.370739267085408,235800,major,Major label
2.12,12.515026853257494,272400,indie_label,Indie label
2.36,12.434402723531683,251300,indie_label,Indie label
1.36,9.341368634382587,11400,indie_label,Indie label
0.85,7.549609165154532,1900,indie_label,Indie label
1.87,12.42641226951165,249300,major,Major label
0.14,5.298317366548036,200,indie_label,Indie label
0.19,9.457200449907708,12800,independent,Independent
1.05,10.188666494769791,26600,indie_label,Indie label
2.19,12.47189247112482,260900,indie_label,Indie label
1.21,11.94405831982697,153900,major,Major label
1.1,12.35103841578036,231200,independent,Independent
0.56,9.588776807696428,14600,independent,Independent
3.97,11.840068606302923,138700,major,Major label
0.02,13.694359356400124,885900,independent,Independent
1.16,11.03488966402723,62000,independent,Independent
2.15,13.821790795921425,1006300,indie_label,Indie label
0.19,10.225571051705241,27600,indie_label,Indie label
2.53,13.492822876313678,724200,independent,Independent
2.3,10.71663752549077,45100,indie_label,Indie label
1.14,11.625360894300016,111900,independent,Independent
0.25,11.278468153755746,79100,indie_label,Indie label
1.57,10.431170293368542,33900,independent,Independent
0.31,11.250261155493735,76900,independent,Independent
0.69,7.8632667240095735,2600,independent,Independent
1.05,12.068533231508113,174300,independent,Independent
1.88,9.22029070282935,10100,major,Major label
1.67,10.925938480238674,55600,indie_label,Indie label
0.98,11.786762130599957,131500,indie_label,Indie label
1.21,10.916904995141007,55100,major,Major label
2.07,12.461102385706706,258100,major,Major label
0.35,8.389359819906353,4400,independent,Independent
2.41,9.903487552536127,20000,independent,Independent
2.02,9.602382459752207,14800,major,Major label
1.06,11.937539391917154,152900,indie_label,Indie label
0.89,12.09402314172155,178800,indie_label,Indie label
0.15,12.521248282290877,274100,independent,Independent
0.82,12.226365348797936,204100,indie_label,Indie label
1.03,12.48218808161049,263600,major,Major label
0.69,11.691908120498669,119600,indie_label,Indie label
0.22,14.537293785060552,2058100,indie_label,Indie label
0.07,9.70503661381229,16400,independent,Independent
1.32,10.474467099121865,35400,major,Major label
1.39,9.071078304642676,8700,independent,Independent
0.82,10.09823162932864,24300,major,Major label
3.07,14.341244498463384,1691700,major,Major label
4.82,10.881813675329736,53200,major,Major label
1.05,13.379637787434683,646700,major,Major label
1.73,12.422795629041461,248400,major,Major label
1.62,10.344963098167325,31100,independent,Independent
2.09,10.553205175168737,38300,indie_label,Indie label
0.62,10.760028280004509,47100,independent,Independent
1.93,13.607009283386935,811800,major,Major label
1.11,10.236381967809457,27900,independent,Independent
3.75,9.971146201009942,21400,indie_label,Indie label
0.73,6.802394763324311,900,independent,Independent
1.04,8.809862805379057,6700,independent,Independent
0.74,12.376237272053498,237100,major,Major label
1.37,13.177987281152326,528600,independent,Independent
1.82,12.216022976383341,202000,major,Major label
1.64,7.24422751560335,1400,indie_label,Indie label
0.51,11.05089000537367,63000,indie_label,Indie label
1.1,10.034515814942532,22800,major,Major label
2.34,10.003332887505843,22100,independent,Independent
1.51,9.94270826568941,20800,independent,Independent
2.06,10.783114300038692,48200,major,Major label
5.62,11.433882257629776,92400,independent,Independent
1.94,11.53956739591665,102700,major,Major label
1.71,11.544424132029599,103200,indie_label,Indie label
0.37,12.924643878430278,410300,independent,Independent
0.78,12.22978917214749,204800,indie_label,Indie label
1.88,12.306822548630317,221200,major,Major label
1.75,10.71663752549077,45100,major,Major label
2.11,11.115428526511241,67200,independent,Independent
2.76,18.52813596418391,111344100,major,Major label
0.73,8.070906088787819,3200,independent,Independent
0.82,12.091222803851231,178300,independent,Independent
1.51,8.517193191416238,5000,independent,Independent
0.1,10.494048144320972,36100,indie_label,Indie label
0.53,15.171036385412528,3878800,independent,Independent
1.06,6.802394763324311,900,major,Major label
1.69,10.837618202538614,50900,indie_label,Indie label
1.01,13.665152676375712,860400,major,Major label
3.08,12.951575056424048,421500,major,Major label
1.95,9.116029692504942,9100,major,Major label
1.27,7.600902459542082,2000,independent,Independent
2.13,10.654903641220049,42400,major,Major label
1.07,6.907755278982137,1000,independent,Independent
1.05,10.207289006867793,27100,independent,Independent
2.14,13.350454668442472,628100,major,Major label
1.43,12.344964644396793,229800,indie_label,Indie label
0.15,7.495541943884256,1800,independent,Independent
1.57,7.649692623711514,2100,major,Major label
1.68,13.613883850112314,817400,independent,Independent
2.53,10.335269968961667,30800,indie_label,Indie label
1.58,10.831706855275558,50600,major,Major label
1.95,12.594391594803367,294900,major,Major label
2.03,7.090076835776092,1200,independent,Independent
0.17,10.696480068065789,44200,independent,Independent
0.42,9.595602772766828,14700,independent,Independent
2.81,11.406453220459712,89900,major,Major label
1.88,13.683349654361935,876200,indie_label,Indie label
0.97,10.102338411281293,24400,independent,Independent
0.92,8.748304912379623,6300,indie_label,Indie label
1.5,11.852962767755937,140500,independent,Independent
1.78,10.98698620339419,59100,indie_label,Indie label
1.31,13.919600266488654,1109700,major,Major label
2.32,11.97854449589814,159300,independent,Independent
0.63,10.82774645405946,50400,indie_label,Indie label
2.14,15.77737841707184,7112600,major,Major label
3.36,12.230277334226992,204900,independent,Independent
0.4,8.66561319653451,5800,independent,Independent
0.32,8.006367567650246,3000,indie_label,Indie label
0.66,7.600902459542082,2000,independent,Independent
4.98,8.160518247477505,3500,major,Major label
4.64,7.90100705199242,2700,major,Major label
2.43,11.649203083262776,114600,major,Major label
2.46,11.607326140391713,109900,indie_label,Indie label
0.34,11.313254269841162,81900,indie_label,Indie label
1.52,10.578979797857352,39300,major,Major label
2.86,13.23907917710029,561900,major,Major label
9.42,8.411832675758411,4500,indie_label,Indie label
0.98,7.170119543449628,1300,indie_label,Indie label
0.05,13.1952420228169,537800,independent,Independent
2.83,7.3777589082278725,1600,independent,Independent
3.63,11.222573163962569,74800,independent,Independent
2.12,9.957028319464158,21100,major,Major label
0.12,11.927019899776447,151300,independent,Independent
1.0,10.357742824813725,31500,indie_label,Indie label
0.75,16.826993141609496,20317500,independent,Independent
0.75,9.358760377094455,11600,independent,Independent
1.13,15.375064708468836,4756700,major,Major label
2.74,9.878169744551839,19500,indie_label,Indie label
3.13,11.676743550199623,117800,independent,Independent
3.58,10.988676820872097,59200,independent,Independent
2.95,13.344226108818816,624200,major,Major label
4.76,12.919267521393897,408100,major,Major label
0.86,7.170119543449628,1300,independent,Independent
0.48,11.077516480488992,64700,independent,Independent
2.79,10.485703172388792,35800,major,Major label
1.01,13.633028988368954,833200,major,Major label
0.42,6.802394763324311,900,indie_label,Indie label
0.94,10.858998997563564,52000,independent,Independent
1.94,10.742897240074326,46300,independent,Independent
0.67,9.230142999272362,10200,independent,Independent
2.51,12.096815659593224,179300,major,Major label
1.45,11.426277658244556,91700,independent,Independent
2.2,7.24422751560335,1400,major,Major label
1.85,11.241116741674738,76200,major,Major label
0.66,10.410305154904579,33200,indie_label,Indie label
1.01,6.214608098422191,500,independent,Independent
4.03,11.80634106926977,134100,major,Major label
1.09,10.82774645405946,50400,independent,Independent
1.38,11.728036844587175,124000,major,Major label
0.92,16.5512148358483,15420600,major,Major label
2.83,10.787255092704724,48400,major,Major label
1.94,9.602382459752207,14800,independent,Independent
2.01,10.01234195744821,22300,major,Major label
3.65,10.675907913990581,43300,independent,Independent
1.81,10.494048144320972,36100,major,Major label
1.08,8.85366542803745,7000,major,Major label
1.99,12.392552212472792,241000,independent,Independent
3.1,10.645424897265505,42000,independent,Independent
1.39,10.774780918479548,47800,indie_label,Indie label
0.21,11.095893720490599,65900,indie_label,Indie label
1.45,9.375854810453756,11800,independent,Independent
1.35,12.310883009882518,222100,major,Major label
3.44,8.948975607841776,7700,major,Major label
0.82,7.7406644019172415,2300,independent,Independent
1.41,14.313311730607511,1645100,major,Major label
2.78,9.539644119118783,13900,indie_label,Indie label
0.8,9.296518068217235,10900,independent,Independent
1.21,7.090076835776092,1200,independent,Independent
0.83,11.731257459287216,124400,major,Major label
0.56,12.266226568349921,212400,independent,Independent
1.66,13.702341859858636,893000,major,Major label
2.58,10.666627104916108,42900,independent,Independent
1.2,10.196157166498947,26800,major,Major label
0.85,9.190137664658664,9800,independent,Independent
1.75,10.021270588192511,22500,major,Major label
1.18,7.90100705199242,2700,independent,Independent
1.53,6.551080335043404,700,independent,Independent
0.12,9.210340371976184,10000,independent,Independent
1.67,8.318742252692399,4100,independent,Independent
1.24,12.170963468416605,193100,major,Major label
1.74,14.735474535204725,2509200,independent,Independent
1.86,13.217673557208654,550000,indie_label,Indie label
0.49,9.0595174822416,8600,independent,Independent
1.15,12.207072145863258,200200,indie_label,Indie label
1.72,8.716044050161402,6100,major,Major label
0.81,12.524526376648708,275000,indie_label,Indie label
0.62,9.487972108574462,13200,independent,Independent
0.01,11.214519429155471,74200,independent,Independent
1.64,14.414456943125392,1820200,major,Major label
1.57,16.510630860373123,14807300,major,Major label
2.3,11.584315461056901,107400,major,Major label
0.17,9.698920386794853,16300,independent,Independent
1.87,10.354563171896345,31400,independent,Independent
5.39,12.754771921724245,346200,major,Major label
6.26,12.240957047383676,207100,major,Major label
2.07,12.435595803808422,251600,major,Major label
0.89,9.179881164491475,9700,independent,Independent
0.5,10.604106747934773,40300,indie_label,Indie label
1.14,8.764053269347762,6400,independent,Independent
0.34,4.605170185988092,100,independent,Independent
4.09,12.515393893085436,272500,independent,Independent
0.79,9.867860374892977,19300,indie_label,Indie label
1.28,11.199583645737869,73100,indie_label,Indie label
0.37,12.661596953511076,315400,indie_label,Indie label
0.39,10.239959789157341,28000,indie_label,Indie label
0.41,6.396929655216146,600,independent,Independent
1.53,12.162643087602838,191500,indie_label,Indie label
1.49,10.819778284410283,50000,indie_label,Indie label
0.23,11.824812226118826,136600,independent,Independent
0.34,8.039157390473237,3100,independent,Independent
1.0,12.043553716032399,170000,independent,Independent
0.24,5.991464547107982,400,indie_label,Indie label
0.55,8.366370301681654,4300,indie_label,Indie label
3.09,12.063356343328579,173400,major,Major label
1.51,11.104957226643945,66500,independent,Independent
0.23,14.356030897065303,1716900,indie_label,Indie label
0.89,12.780999194702687,355400,independent,Independent
0.29,12.916076943156542,406800,indie_label,Indie label
0.53,10.003332887505843,22100,indie_label,Indie label
0.19,8.909235279192261,7400,indie_label,Indie label
0.82,6.802394763324311,900,independent,Independent
3.08,9.332558004700433,11300,indie_label,Indie label
5.67,11.378250561643627,87400,independent,Independent
3.24,10.654903641220049,42400,independent,Independent
0.27,10.081633737919603,23900,indie_label,Indie label
1.78,12.63947712232758,308500,major,Major label
0.04,11.747997587149712,126500,indie_label,Indie label
0.33,8.68270762989381,5900,independent,Independent
1.21,7.937374696163295,2800,major,Major label
1.42,13.32481430549345,612200,independent,Independent
0.38,9.02401079378469,8300,independent,Independent
2.31,8.809862805379057,6700,indie_label,Indie label
1.19,12.468436909997665,260000,major,Major label
2.66,13.800193853852381,984800,major,Major label
2.91,11.777594763112937,130300,independent,Independent
1.23,9.635608107380527,15300,major,Major label
0.8,15.718692134228752,6707200,major,Major label
2.24,11.84939770159144,140000,major,Major label
0.59,10.485703172388792,35800,independent,Independent
0.81,8.070906088787819,3200,indie_label,Indie label
2.27,9.711115659888671,16500,major,Major label
0.15,11.632484700027868,112700,independent,Independent
0.16,12.243850009864204,207700,independent,Independent
2.25,10.558413520275876,38500,independent,Independent
3.66,10.568749529606537,38900,indie_label,Indie label
0.79,10.288749953326773,29400,indie_label,Indie label
0.92,8.101677747454572,3300,indie_label,Indie label
2.41,12.008231277078183,164100,indie_label,Indie label
1.54,13.949516837812007,1143400,major,Major label
0.39,13.140399739890427,509100,independent,Independent
0.45,12.10459347658032,180700,indie_label,Indie label
2.88,9.792555991828847,17900,indie_label,Indie label
4.0,10.705489138008156,44600,independent,Independent
3.81,10.833681189579275,50700,major,Major label
0.92,8.974618038455112,7900,independent,Independent
1.06,9.375854810453756,11800,major,Major label
1.09,12.577980970109495,290100,independent,Independent
0.12,7.824046010856292,2500,independent,Independent
3.13,8.006367567650246,3000,independent,Independent
0.98,7.090076835776092,1200,major,Major label
1.68,10.874266469694353,52800,independent,Independent
0.8,12.632646716848573,306400,independent,Independent
1.26,9.400960731584833,12100,independent,Independent
2.1,11.967180737247824,157500,independent,Independent
7.89,10.59162219127253,39800,independent,Independent
1.4,14.651111706319153,2306200,major,Major label
0.88,9.0595174822416,8600,independent,Independent
0.07,8.039157390473237,3100,independent,Independent
1.36,10.768484990022733,47500,independent,Independent
1.1,15.73187419041686,6796200,major,Major label
0.62,9.071078304642676,8700,independent,Independent
0.35,10.696480068065789,44200,independent,Independent
0.21,10.618885342030893,40900,indie_label,Indie label
0.92,11.246352355728682,76600,independent,Independent
3.03,13.391474064270675,654400,indie_label,Indie label
0.86,11.049301442688533,62900,major,Major label
2.21,10.93131965914319,55900,major,Major label
3.31,12.439562488898527,252600,major,Major label
1.95,10.01234195744821,22300,independent,Independent
0.09,9.137769679141348,9300,indie_label,Indie label
1.9,13.95100252740143,1145100,indie_label,Indie label
2.05,10.395130356885344,32700,independent,Independent
1.54,11.773750083252127,129800,major,Major label
0.81,8.039157390473237,3100,indie_label,Indie label
1.29,11.13750447821044,68700,major,Major label
0.33,11.394141928980261,88800,indie_label,Indie label
1.56,8.881836305004146,7200,independent,Independent
2.02,8.433811582477187,4600,indie_label,Indie label
0.89,11.207758078177427,73700,major,Major label
0.2,10.933106969717286,56000,indie_label,Indie label
2.77,10.990364584985818,59300,independent,Independent
2.44,12.80820042770295,365200,independent,Independent
1.44,15.358787300144174,4679900,major,Major label
0.42,11.109458359524737,66800,independent,Independent
0.78,11.369055094550527,86600,independent,Independent
1.11,12.969911254212652,429300,major,Major label
1.28,9.998797732340453,22000,indie_label,Indie label
0.21,12.49162745696578,266100,independent,Independent
0.3,12.940121817410544,416700,indie_label,Indie label
1.74,10.173514689749188,26200,major,Major label
1.04,11.118400296900399,67400,independent,Independent
3.93,13.927945987294063,1119000,indie_label,Indie label
0.63,12.694038975150082,325800,major,Major label
4.53,10.673595774232203,43200,independent,Independent
3.87,13.356961078763655,632200,indie_label,Indie label
1.96,9.268609280100158,10600,major,Major label
0.43,9.104979856318357,9000,independent,Independent
0.78,10.542706391070517,37900,independent,Independent
1.7,10.550590794594667,38200,major,Major label
2.19,8.294049640102028,4000,independent,Independent
1.01,13.155024159643878,516600,major,Major label
0.34,11.371361900648441,86800,independent,Independent
1.38,10.085809109330082,24000,independent,Independent
0.98,8.476371196895983,4800,major,Major label
1.08,10.25061708363133,28300,major,Major label
0.62,9.02401079378469,8300,indie_label,Indie label
1.1,12.168370778346162,192600,indie_label,Indie label
1.77,10.589106466675283,39700,major,Major label
0.42,11.010398644018933,60500,independent,Independent
2.27,10.957799582307658,57400,major,Major label
1.19,11.115428526511241,67200,major,Major label
2.15,11.41751528016557,90900,indie_label,Indie label
0.87,5.991464547107982,400,major,Major label
2.7,10.419300717813158,33500,independent,Independent
0.38,7.696212639346407,2200,independent,Independent
3.5,11.310809280848094,81700,independent,Independent
1.66,9.126958763037132,9200,independent,Independent
1.84,12.823687763477682,370900,major,Major label
1.46,9.20029003612268,9900,major,Major label
1.39,12.229300771649381,204700,independent,Independent
2.45,12.594391594803367,294900,indie_label,Indie label
1.02,13.216764052825813,549500,independent,Independent
0.37,11.919057017621553,150100,independent,Independent
2.63,11.303438240103505,81100,indie_label,Indie label
1.53,9.457200449907708,12800,independent,Independent
0.16,10.933106969717286,56000,indie_label,Indie label
1.67,9.341368634382587,11400,major,Major label
1.39,9.358760377094455,11600,major,Major label
1.45,10.126631103850338,25000,independent,Independent
3.61,10.837618202538614,50900,major,Major label
1.13,9.994241915804592,21900,major,Major label
2.44,10.772686676876432,47700,major,Major label
0.57,14.363285085508467,1729400,indie_label,Indie label
0.11,10.685103381083682,43700,indie_label,Indie label
0.41,5.298317366548036,200,independent,Independent
0.27,6.802394763324311,900,independent,Independent
2.44,11.187195324880918,72200,major,Major label
1.3,13.192448984971017,536300,major,Major label
1.98,10.781037456093852,48100,independent,Independent
0.16,8.517193191416238,5000,independent,Independent
1.42,8.536995818712418,5100,independent,Independent
1.06,9.277999020449997,10700,independent,Independent
0.14,9.332558004700433,11300,independent,Independent
1.43,8.411832675758411,4500,independent,Independent
0.74,9.746833742490752,17100,independent,Independent
2.25,12.596085649079416,295400,major,Major label
2.45,9.332558004700433,11300,independent,Independent
0.85,10.392067567354799,32600,indie_label,Indie label
1.17,10.407288561365155,33100,indie_label,Indie label
0.74,14.019267395478293,1226000,major,Major label
2.02,11.319340715897564,82400,independent,Independent
1.16,12.6485123564297,311300,major,Major label
7.63,11.648330101976432,114500,independent,Independent
0.29,7.313220387090301,1500,independent,Independent
3.65,11.415312636103227,90700,major,Major label
1.3,11.002099841204238,60000,major,Major label
0.63,9.464982590349763,12900,indie_label,Indie label
1.24,13.233009897491392,558500,major,Major label
0.52,13.400903791938827,660600,indie_label,Indie label
1.29,11.176053148327675,71400,major,Major label
0.16,12.72635342806692,336500,indie_label,Indie label
0.63,11.32176495950907,82600,indie_label,Indie label
1.18,11.639558115903595,113500,indie_label,Indie label
3.21,10.177324218165856,26300,independent,Independent
0.01,10.281923988256374,29200,indie_label,Indie label
0.15,9.878169744551839,19500,independent,Independent
0.74,10.257659366256743,28500,indie_label,Indie label
1.21,10.594131602877955,39900,independent,Independent
2.91,16.152265166728416,10347600,major,Major label
0.35,9.717157974344635,16600,indie_label,Indie label
1.81,10.335269968961667,30800,indie_label,Indie label
2.76,10.997087299380693,59700,major,Major label
0.79,12.765402678355779,349900,indie_label,Indie label
1.38,10.54006438160768,37800,independent,Independent
0.87,7.170119543449628,1300,independent,Independent
1.36,9.836278802842678,18700,major,Major label
0.65,11.67419361256635,117500,major,Major label
0.61,10.474467099121865,35400,independent,Independent
1.9,11.990401109054664,161200,indie_label,Indie label
1.51,12.371587084007746,236000,independent,Independent
1.09,14.139042283309752,1382000,major,Major label
0.42,12.576601183757441,289700,indie_label,Indie label
0.35,9.560997243589352,14200,independent,Independent
0.63,14.967126344454684,3163300,major,Major label
0.82,11.160527077798756,70300,major,Major label
0.93,12.24913213499062,208800,major,Major label
4.47,11.128732492137603,68100,indie_label,Indie label
2.31,10.742897240074326,46300,major,Major label
1.65,13.721639342354203,910400,major,Major label
1.47,9.820105943597078,18400,major,Major label
0.49,9.259130536145614,10500,independent,Independent
1.47,7.8632667240095735,2600,independent,Independent
1.96,7.8632667240095735,2600,major,Major label
1.43,8.987196820661973,8000,major,Major label
0.29,8.242756345714477,3800,indie_label,Indie label
3.49,12.530689165775017,276700,major,Major label
0.74,10.85707406915398,51900,indie_label,Indie label
2.39,10.943764264191275,56600,independent,Independent
0.19,9.259130536145614,10500,indie_label,Indie label
0.44,9.367344120785848,11700,independent,Independent
6.14,12.48294651926535,263800,independent,Independent
0.88,11.808575707071187,134400,independent,Independent
1.91,10.254144424149297,28400,independent,Independent
2.23,12.512085674666679,271600,major,Major label
0.92,11.352756712817406,85200,independent,Independent
2.8,11.97854449589814,159300,indie_label,Indie label
1.37,8.948975607841776,7700,independent,Independent
1.71,9.680344001221918,16000,major,Major label
0.87,9.994241915804592,21900,major,Major label
0.63,14.328693401303942,1670600,major,Major label
2.83,15.473529088805103,5248900,major,Major label
0.54,7.9724660159745655,2900,indie_label,Indie label
0.34,13.492408540281232,723900,independent,Independent
0.79,13.30618381032202,600900,independent,Independent
3.15,10.094107912144779,24200,indie_label,Indie label
0.64,12.291332489480997,217800,indie_label,Indie label
3.91,13.618765480504596,821400,major,Major label
4.54,10.513253124157023,36800,major,Major label
3.17,12.764258840656002,349500,major,Major label
1.73,11.946005740111366,154200,major,Major label
3.35,12.950388112664518,421000,indie_label,Indie label
2.61,10.611523345589823,40600,major,Major label
1.53,15.992385024829414,8818700,major,Major label
